{"type":"FeatureCollection","features":[{"type":"Feature","geometry":{"type":"MultiPolygon","coordinates":[[[[180,-16.067133],[180,-16.555217],[179.364143,-16.801354],[178.725059,-17.012042],[178.596839,-16.63915],[179.096609,-16.433984],[179.413509,-16.379054],[180,-16.067133]]],[[[178.12557,-17.50481],[178.3736,-17.33992],[178.71806,-17.62846],[178.55271,-18.15059],[177.93266,-18.28799],[177.38146,-18.16432],[177.28504,-17.72465],[177.67087,-17.38114],[178.12557,-17.50481]]],[[[-179.79332,-16.020882],[-179.917369,-16.501783],[-180,-16.555217],[-180,-16.067133],[-179.79332,-16.020882]]]]},"properties":{}},{"type":"Feature","geometry":{"type":"Polygon","coordinates":[[[33.903711,-0.95],[34.07262,-1.05982],[37.69869,-3.09699],[37.7669,-3.67712],[39.20222,-4.67677],[38.74054,-5.90895],[38.79977,-6.47566],[39.44,-6.84],[39.47,-7.1],[39.19469,-7.7039],[39.25203,-8.00781],[39.18652,-8.48551],[39.53574,-9.11237],[39.9496,-10.0984],[40.316586,-10.317098],[40.31659,-10.3171],[39.521,-10.89688],[38.427557,-11.285202],[37.82764,-11.26879],[37.47129,-11.56876],[36.775151,-11.594537],[36.514082,-11.720938],[35.312398,-11.439146],[34.559989,-11.52002],[34.28,-10.16],[33.940838,-9.693674],[33.73972,-9.41715],[32.759375,-9.230599],[32.191865,-8.930359],[31.556348,-8.762049],[31.157751,-8.594579],[30.74001,-8.340006],[30.740015,-8.340007],[30.199997,-7.079981],[29.620032,-6.520015],[29.419993,-5.939999],[29.519987,-5.419979],[29.339998,-4.499983],[29.753512,-4.452389],[30.11632,-4.09012],[30.50554,-3.56858],[30.75224,-3.35931],[30.74301,-3.03431],[30.52766,-2.80762],[30.469674,-2.413855],[30.46967,-2.41383],[30.758309,-2.28725],[30.816135,-1.698914],[30.419105,-1.134659],[30.76986,-1.01455],[31.86617,-1.02736],[33.903711,-0.95]]]},"properties":{}},{"type":"Feature","geometry":{"type":"Polygon","coordinates":[[[-8.66559,27.656426],[-8.665124,27.589479],[-8.6844,27.395744],[-8.687294,25.881056],[-11.969419,25.933353],[-11.937224,23.374594],[-12.874222,23.284832],[-13.118754,22.77122],[-12.929102,21.327071],[-16.845194,21.333323],[-17.063423,20.999752],[-17.020428,21.42231],[-17.002962,21.420734],[-14.750955,21.5006],[-14.630833,21.86094],[-14.221168,22.310163],[-13.89111,23.691009],[-12.500963,24.770116],[-12.030759,26.030866],[-11.71822,26.104092],[-11.392555,26.883424],[-10.551263,26.990808],[-10.189424,26.860945],[-9.735343,26.860945],[-9.413037,27.088476],[-8.794884,27.120696],[-8.817828,27.656426],[-8.66559,27.656426]]]},"properties":{}},{"type":"Feature","geometry":{"type":"MultiPolygon","coordinates":[[[[-122.84,49],[-122.97421,49.002538],[-124.91024,49.98456],[-125.62461,50.41656],[-127.43561,50.83061],[-127.99276,51.71583],[-127.85032,52.32961],[-129.12979,52.75538],[-129.30523,53.56159],[-130.51497,54.28757],[-130.536109,54.802754],[-130.53611,54.80278],[-129.98,55.285],[-130.00778,55.91583],[-131.70781,56.55212],[-132.73042,57.69289],[-133.35556,58.41028],[-134.27111,58.86111],[-134.945,59.27056],[-135.47583,59.78778],[-136.47972,59.46389],[-137.4525,58.905],[-138.34089,59.56211],[-139.039,60],[-140.013,60.27682],[-140.99778,60.30639],[-140.9925,66.00003],[-140.986,69.712],[-140.985988,69.711998],[-139.12052,69.47102],[-137.54636,68.99002],[-136.50358,68.89804],[-135.62576,69.31512],[-134.41464,69.62743],[-132.92925,69.50534],[-131.43136,69.94451],[-129.79471,70.19369],[-129.10773,69.77927],[-128.36156,70.01286],[-128.13817,70.48384],[-127.44712,70.37721],[-125.75632,69.48058],[-124.42483,70.1584],[-124.28968,69.39969],[-123.06108,69.56372],[-122.6835,69.85553],[-121.47226,69.79778],[-119.94288,69.37786],[-117.60268,69.01128],[-116.22643,68.84151],[-115.2469,68.90591],[-113.89794,68.3989],[-115.30489,67.90261],[-113.49727,67.68815],[-110.798,67.80612],[-109.94619,67.98104],[-108.8802,67.38144],[-107.79239,67.88736],[-108.81299,68.31164],[-108.16721,68.65392],[-106.95,68.7],[-106.15,68.8],[-105.34282,68.56122],[-104.33791,68.018],[-103.22115,68.09775],[-101.45433,67.64689],[-99.90195,67.80566],[-98.4432,67.78165],[-98.5586,68.40394],[-97.66948,68.57864],[-96.11991,68.23939],[-96.12588,67.29338],[-95.48943,68.0907],[-94.685,68.06383],[-94.23282,69.06903],[-95.30408,69.68571],[-96.47131,70.08976],[-96.39115,71.19482],[-95.2088,71.92053],[-93.88997,71.76015],[-92.87818,71.31869],[-91.51964,70.19129],[-92.40692,69.69997],[-90.5471,69.49766],[-90.55151,68.47499],[-89.21515,69.25873],[-88.01966,68.61508],[-88.31749,67.87338],[-87.35017,67.19872],[-86.30607,67.92146],[-85.57664,68.78456],[-85.52197,69.88211],[-84.10081,69.80539],[-82.62258,69.65826],[-81.28043,69.16202],[-81.2202,68.66567],[-81.96436,68.13253],[-81.25928,67.59716],[-81.38653,67.11078],[-83.34456,66.41154],[-84.73542,66.2573],[-85.76943,66.55833],[-86.0676,66.05625],[-87.03143,65.21297],[-87.32324,64.77563],[-88.48296,64.09897],[-89.91444,64.03273],[-90.70398,63.61017],[-90.77004,62.96021],[-91.93342,62.83508],[-93.15698,62.02469],[-94.24153,60.89865],[-94.62931,60.11021],[-94.6846,58.94882],[-93.21502,58.78212],[-92.76462,57.84571],[-92.29703,57.08709],[-90.89769,57.28468],[-89.03953,56.85172],[-88.03978,56.47162],[-87.32421,55.99914],[-86.07121,55.72383],[-85.01181,55.3026],[-83.36055,55.24489],[-82.27285,55.14832],[-82.4362,54.28227],[-82.12502,53.27703],[-81.40075,52.15788],[-79.91289,51.20842],[-79.14301,51.53393],[-78.60191,52.56208],[-79.12421,54.14145],[-79.82958,54.66772],[-78.22874,55.13645],[-77.0956,55.83741],[-76.54137,56.53423],[-76.62319,57.20263],[-77.30226,58.05209],[-78.51688,58.80458],[-77.33676,59.85261],[-77.77272,60.75788],[-78.10687,62.31964],[-77.41067,62.55053],[-75.69621,62.2784],[-74.6682,62.18111],[-73.83988,62.4438],[-72.90853,62.10507],[-71.67708,61.52535],[-71.37369,61.13717],[-69.59042,61.06141],[-69.62033,60.22125],[-69.2879,58.95736],[-68.37455,58.80106],[-67.64976,58.21206],[-66.20178,58.76731],[-65.24517,59.87071],[-64.58352,60.33558],[-63.80475,59.4426],[-62.50236,58.16708],[-61.39655,56.96745],[-61.79866,56.33945],[-60.46853,55.77548],[-59.56962,55.20407],[-57.97508,54.94549],[-57.3332,54.6265],[-56.93689,53.78032],[-56.15811,53.64749],[-55.75632,53.27036],[-55.68338,52.14664],[-56.40916,51.7707],[-57.12691,51.41972],[-58.77482,51.0643],[-60.03309,50.24277],[-61.72366,50.08046],[-63.86251,50.29099],[-65.36331,50.2982],[-66.39905,50.22897],[-67.23631,49.51156],[-68.51114,49.06836],[-69.95362,47.74488],[-71.10458,46.82171],[-70.25522,46.98606],[-68.65,48.3],[-66.55243,49.1331],[-65.05626,49.23278],[-64.17099,48.74248],[-65.11545,48.07085],[-64.79854,46.99297],[-64.47219,46.23849],[-63.17329,45.73902],[-61.52072,45.88377],[-60.51815,47.00793],[-60.4486,46.28264],[-59.80287,45.9204],[-61.03988,45.26525],[-63.25471,44.67014],[-64.24656,44.26553],[-65.36406,43.54523],[-66.1234,43.61867],[-66.16173,44.46512],[-64.42549,45.29204],[-66.02605,45.25931],[-67.13741,45.13753],[-67.79134,45.70281],[-67.79046,47.06636],[-68.23444,47.35486],[-68.905,47.185],[-69.237216,47.447781],[-69.99997,46.69307],[-70.305,45.915],[-70.66,45.46],[-71.08482,45.30524],[-71.405,45.255],[-71.50506,45.0082],[-73.34783,45.00738],[-74.867,45.00048],[-75.31821,44.81645],[-76.375,44.09631],[-76.5,44.018459],[-76.820034,43.628784],[-77.737885,43.629056],[-78.72028,43.625089],[-79.171674,43.466339],[-79.01,43.27],[-78.92,42.965],[-78.939362,42.863611],[-80.247448,42.3662],[-81.277747,42.209026],[-82.439278,41.675105],[-82.690089,41.675105],[-83.02981,41.832796],[-83.142,41.975681],[-83.12,42.08],[-82.9,42.43],[-82.43,42.98],[-82.137642,43.571088],[-82.337763,44.44],[-82.550925,45.347517],[-83.592851,45.816894],[-83.469551,45.994686],[-83.616131,46.116927],[-83.890765,46.116927],[-84.091851,46.275419],[-84.14212,46.512226],[-84.3367,46.40877],[-84.6049,46.4396],[-84.543749,46.538684],[-84.779238,46.637102],[-84.87608,46.900083],[-85.652363,47.220219],[-86.461991,47.553338],[-87.439793,47.94],[-88.378114,48.302918],[-89.272917,48.019808],[-89.6,48.01],[-90.83,48.27],[-91.64,48.14],[-92.61,48.45],[-93.63087,48.60926],[-94.32914,48.67074],[-94.64,48.84],[-94.81758,49.38905],[-95.15609,49.38425],[-95.15907,49],[-97.22872,49.0007],[-100.65,49],[-104.04826,48.99986],[-107.05,49],[-110.05,49],[-113,49],[-116.04818,49],[-117.03121,49],[-120,49],[-122.84,49]]],[[[-83.99367,62.4528],[-83.25048,62.91409],[-81.87699,62.90458],[-81.89825,62.7108],[-83.06857,62.15922],[-83.77462,62.18231],[-83.99367,62.4528]]],[[[-79.775833,72.802902],[-80.876099,73.333183],[-80.833885,73.693184],[-80.353058,73.75972],[-78.064438,73.651932],[-76.34,73.102685],[-76.251404,72.826385],[-77.314438,72.855545],[-78.39167,72.876656],[-79.486252,72.742203],[-79.775833,72.802902]]],[[[-80.315395,62.085565],[-79.92939,62.3856],[-79.52002,62.36371],[-79.26582,62.158675],[-79.65752,61.63308],[-80.09956,61.7181],[-80.36215,62.01649],[-80.315395,62.085565]]],[[[-93.612756,74.979997],[-94.156909,74.592347],[-95.608681,74.666864],[-96.820932,74.927623],[-96.288587,75.377828],[-94.85082,75.647218],[-93.977747,75.29649],[-93.612756,74.979997]]],[[[-93.840003,77.519997],[-94.295608,77.491343],[-96.169654,77.555111],[-96.436304,77.834629],[-94.422577,77.820005],[-93.720656,77.634331],[-93.840003,77.519997]]],[[[-96.754399,78.765813],[-95.559278,78.418315],[-95.830295,78.056941],[-97.309843,77.850597],[-98.124289,78.082857],[-98.552868,78.458105],[-98.631984,78.87193],[-97.337231,78.831984],[-96.754399,78.765813]]],[[[-88.15035,74.392307],[-89.764722,74.515555],[-92.422441,74.837758],[-92.768285,75.38682],[-92.889906,75.882655],[-93.893824,76.319244],[-95.962457,76.441381],[-97.121379,76.751078],[-96.745123,77.161389],[-94.684086,77.097878],[-93.573921,76.776296],[-91.605023,76.778518],[-90.741846,76.449597],[-90.969661,76.074013],[-89.822238,75.847774],[-89.187083,75.610166],[-87.838276,75.566189],[-86.379192,75.482421],[-84.789625,75.699204],[-82.753445,75.784315],[-81.128531,75.713983],[-80.057511,75.336849],[-79.833933,74.923127],[-80.457771,74.657304],[-81.948843,74.442459],[-83.228894,74.564028],[-86.097452,74.410032],[-88.15035,74.392307]]],[[[-111.264443,78.152956],[-109.854452,77.996325],[-110.186938,77.697015],[-112.051191,77.409229],[-113.534279,77.732207],[-112.724587,78.05105],[-111.264443,78.152956]]],[[[-110.963661,78.804441],[-109.663146,78.601973],[-110.881314,78.40692],[-112.542091,78.407902],[-112.525891,78.550555],[-111.50001,78.849994],[-110.963661,78.804441]]],[[[-55.600218,51.317075],[-56.134036,50.68701],[-56.795882,49.812309],[-56.143105,50.150117],[-55.471492,49.935815],[-55.822401,49.587129],[-54.935143,49.313011],[-54.473775,49.556691],[-53.476549,49.249139],[-53.786014,48.516781],[-53.086134,48.687804],[-52.958648,48.157164],[-52.648099,47.535548],[-53.069158,46.655499],[-53.521456,46.618292],[-54.178936,46.807066],[-53.961869,47.625207],[-54.240482,47.752279],[-55.400773,46.884994],[-55.997481,46.91972],[-55.291219,47.389562],[-56.250799,47.632545],[-57.325229,47.572807],[-59.266015,47.603348],[-59.419494,47.899454],[-58.796586,48.251525],[-59.231625,48.523188],[-58.391805,49.125581],[-57.35869,50.718274],[-56.73865,51.287438],[-55.870977,51.632094],[-55.406974,51.588273],[-55.600218,51.317075]]],[[[-83.882626,65.109618],[-82.787577,64.766693],[-81.642014,64.455136],[-81.55344,63.979609],[-80.817361,64.057486],[-80.103451,63.725981],[-80.99102,63.411246],[-82.547178,63.651722],[-83.108798,64.101876],[-84.100417,63.569712],[-85.523405,63.052379],[-85.866769,63.637253],[-87.221983,63.541238],[-86.35276,64.035833],[-86.224886,64.822917],[-85.883848,65.738778],[-85.161308,65.657285],[-84.975764,65.217518],[-84.464012,65.371772],[-83.882626,65.109618]]],[[[-78.770639,72.352173],[-77.824624,72.749617],[-75.605845,72.243678],[-74.228616,71.767144],[-74.099141,71.33084],[-72.242226,71.556925],[-71.200015,70.920013],[-68.786054,70.525024],[-67.91497,70.121948],[-66.969033,69.186087],[-68.805123,68.720198],[-66.449866,68.067163],[-64.862314,67.847539],[-63.424934,66.928473],[-61.851981,66.862121],[-62.163177,66.160251],[-63.918444,64.998669],[-65.14886,65.426033],[-66.721219,66.388041],[-68.015016,66.262726],[-68.141287,65.689789],[-67.089646,65.108455],[-65.73208,64.648406],[-65.320168,64.382737],[-64.669406,63.392927],[-65.013804,62.674185],[-66.275045,62.945099],[-68.783186,63.74567],[-67.369681,62.883966],[-66.328297,62.280075],[-66.165568,61.930897],[-68.877367,62.330149],[-71.023437,62.910708],[-72.235379,63.397836],[-71.886278,63.679989],[-73.378306,64.193963],[-74.834419,64.679076],[-74.818503,64.389093],[-77.70998,64.229542],[-78.555949,64.572906],[-77.897281,65.309192],[-76.018274,65.326969],[-73.959795,65.454765],[-74.293883,65.811771],[-73.944912,66.310578],[-72.651167,67.284576],[-72.92606,67.726926],[-73.311618,68.069437],[-74.843307,68.554627],[-76.869101,68.894736],[-76.228649,69.147769],[-77.28737,69.76954],[-78.168634,69.826488],[-78.957242,70.16688],[-79.492455,69.871808],[-81.305471,69.743185],[-84.944706,69.966634],[-87.060003,70.260001],[-88.681713,70.410741],[-89.51342,70.762038],[-88.467721,71.218186],[-89.888151,71.222552],[-90.20516,72.235074],[-89.436577,73.129464],[-88.408242,73.537889],[-85.826151,73.803816],[-86.562179,73.157447],[-85.774371,72.534126],[-84.850112,73.340278],[-82.31559,73.750951],[-80.600088,72.716544],[-80.748942,72.061907],[-78.770639,72.352173]]],[[[-94.503658,74.134907],[-92.420012,74.100025],[-90.509793,73.856732],[-92.003965,72.966244],[-93.196296,72.771992],[-94.269047,72.024596],[-95.409856,72.061881],[-96.033745,72.940277],[-96.018268,73.43743],[-95.495793,73.862417],[-94.503658,74.134907]]],[[[-122.854924,76.116543],[-122.854925,76.116543],[-121.157535,76.864508],[-119.103939,77.51222],[-117.570131,77.498319],[-116.198587,77.645287],[-116.335813,76.876962],[-117.106051,76.530032],[-118.040412,76.481172],[-119.899318,76.053213],[-121.499995,75.900019],[-122.854924,76.116543]]],[[[-132.710008,54.040009],[-131.74999,54.120004],[-132.04948,52.984621],[-131.179043,52.180433],[-131.57783,52.182371],[-132.180428,52.639707],[-132.549992,53.100015],[-133.054611,53.411469],[-133.239664,53.85108],[-133.180004,54.169975],[-132.710008,54.040009]]],[[[-105.492289,79.301594],[-103.529282,79.165349],[-100.825158,78.800462],[-100.060192,78.324754],[-99.670939,77.907545],[-101.30394,78.018985],[-102.949809,78.343229],[-105.176133,78.380332],[-104.210429,78.67742],[-105.41958,78.918336],[-105.492289,79.301594]]],[[[-123.510002,48.510011],[-124.012891,48.370846],[-125.655013,48.825005],[-125.954994,49.179996],[-126.850004,49.53],[-127.029993,49.814996],[-128.059336,49.994959],[-128.444584,50.539138],[-128.358414,50.770648],[-127.308581,50.552574],[-126.695001,50.400903],[-125.755007,50.295018],[-125.415002,49.950001],[-124.920768,49.475275],[-123.922509,49.062484],[-123.510002,48.510011]]],[[[-121.53788,74.44893],[-120.10978,74.24135],[-117.55564,74.18577],[-116.58442,73.89607],[-115.51081,73.47519],[-116.76794,73.22292],[-119.22,72.52],[-120.46,71.82],[-120.46,71.383602],[-123.09219,70.90164],[-123.62,71.34],[-125.928949,71.868688],[-125.5,72.292261],[-124.80729,73.02256],[-123.94,73.68],[-124.91775,74.29275],[-121.53788,74.44893]]],[[[-107.81943,75.84552],[-106.92893,76.01282],[-105.881,75.9694],[-105.70498,75.47951],[-106.31347,75.00527],[-109.7,74.85],[-112.22307,74.41696],[-113.74381,74.39427],[-113.87135,74.72029],[-111.79421,75.1625],[-116.31221,75.04343],[-117.7104,75.2222],[-116.34602,76.19903],[-115.40487,76.47887],[-112.59056,76.14134],[-110.81422,75.54919],[-109.0671,75.47321],[-110.49726,76.42982],[-109.5811,76.79417],[-108.54859,76.67832],[-108.21141,76.20168],[-107.81943,75.84552]]],[[[-106.52259,73.07601],[-105.40246,72.67259],[-104.77484,71.6984],[-104.46476,70.99297],[-102.78537,70.49776],[-100.98078,70.02432],[-101.08929,69.58447],[-102.73116,69.50402],[-102.09329,69.11962],[-102.43024,68.75282],[-104.24,68.91],[-105.96,69.18],[-107.12254,69.11922],[-109,68.78],[-111.534149,68.630059],[-113.3132,68.53554],[-113.85496,69.00744],[-115.22,69.28],[-116.10794,69.16821],[-117.34,69.96],[-116.67473,70.06655],[-115.13112,70.2373],[-113.72141,70.19237],[-112.4161,70.36638],[-114.35,70.6],[-116.48684,70.52045],[-117.9048,70.54056],[-118.43238,70.9092],[-116.11311,71.30918],[-117.65568,71.2952],[-119.40199,71.55859],[-118.56267,72.30785],[-117.86642,72.70594],[-115.18909,73.31459],[-114.16717,73.12145],[-114.66634,72.65277],[-112.44102,72.9554],[-111.05039,72.4504],[-109.92035,72.96113],[-109.00654,72.63335],[-108.18835,71.65089],[-107.68599,72.06548],[-108.39639,73.08953],[-107.51645,73.23598],[-106.52259,73.07601]]],[[[-100.43836,72.70588],[-101.54,73.36],[-100.35642,73.84389],[-99.16387,73.63339],[-97.38,73.76],[-97.12,73.47],[-98.05359,72.99052],[-96.54,72.56],[-96.72,71.66],[-98.35966,71.27285],[-99.32286,71.35639],[-100.01482,71.73827],[-102.5,72.51],[-102.48,72.83],[-100.43836,72.70588]]],[[[-106.6,73.6],[-105.26,73.64],[-104.5,73.42],[-105.38,72.76],[-106.94,73.46],[-106.6,73.6]]],[[[-98.5,76.72],[-97.735585,76.25656],[-97.704415,75.74344],[-98.16,75],[-99.80874,74.89744],[-100.88366,75.05736],[-100.86292,75.64075],[-102.50209,75.5638],[-102.56552,76.3366],[-101.48973,76.30537],[-99.98349,76.64634],[-98.57699,76.58859],[-98.5,76.72]]],[[[-96.01644,80.60233],[-95.32345,80.90729],[-94.29843,80.97727],[-94.73542,81.20646],[-92.40984,81.25739],[-91.13289,80.72345],[-89.45,80.509322],[-87.81,80.32],[-87.02,79.66],[-85.81435,79.3369],[-87.18756,79.0393],[-89.03535,78.28723],[-90.80436,78.21533],[-92.87669,78.34333],[-93.95116,78.75099],[-93.93574,79.11373],[-93.14524,79.3801],[-94.974,79.37248],[-96.07614,79.70502],[-96.70972,80.15777],[-96.01644,80.60233]]],[[[-91.58702,81.89429],[-90.1,82.085],[-88.93227,82.11751],[-86.97024,82.27961],[-85.5,82.652273],[-84.260005,82.6],[-83.18,82.32],[-82.42,82.86],[-81.1,83.02],[-79.30664,83.13056],[-76.25,83.172059],[-75.71878,83.06404],[-72.83153,83.23324],[-70.665765,83.169781],[-68.5,83.106322],[-65.82735,83.02801],[-63.68,82.9],[-61.85,82.6286],[-61.89388,82.36165],[-64.334,81.92775],[-66.75342,81.72527],[-67.65755,81.50141],[-65.48031,81.50657],[-67.84,80.9],[-69.4697,80.61683],[-71.18,79.8],[-73.2428,79.63415],[-73.88,79.430162],[-76.90773,79.32309],[-75.52924,79.19766],[-76.22046,79.01907],[-75.39345,78.52581],[-76.34354,78.18296],[-77.88851,77.89991],[-78.36269,77.50859],[-79.75951,77.20968],[-79.61965,76.98336],[-77.91089,77.022045],[-77.88911,76.777955],[-80.56125,76.17812],[-83.17439,76.45403],[-86.11184,76.29901],[-87.6,76.42],[-89.49068,76.47239],[-89.6161,76.95213],[-87.76739,77.17833],[-88.26,77.9],[-87.65,77.970222],[-84.97634,77.53873],[-86.34,78.18],[-87.96192,78.37181],[-87.15198,78.75867],[-85.37868,78.9969],[-85.09495,79.34543],[-86.50734,79.73624],[-86.93179,80.25145],[-84.19844,80.20836],[-83.408696,80.1],[-81.84823,80.46442],[-84.1,80.58],[-87.59895,80.51627],[-89.36663,80.85569],[-90.2,81.26],[-91.36786,81.5531],[-91.58702,81.89429]]],[[[-75.21597,67.44425],[-75.86588,67.14886],[-76.98687,67.09873],[-77.2364,67.58809],[-76.81166,68.14856],[-75.89521,68.28721],[-75.1145,68.01036],[-75.10333,67.58202],[-75.21597,67.44425]]],[[[-96.257401,69.49003],[-95.647681,69.10769],[-96.269521,68.75704],[-97.617401,69.06003],[-98.431801,68.9507],[-99.797401,69.40003],[-98.917401,69.71003],[-98.218261,70.14354],[-97.157401,69.86003],[-96.557401,69.68003],[-96.257401,69.49003]]],[[[-64.51912,49.87304],[-64.17322,49.95718],[-62.85829,49.70641],[-61.835585,49.28855],[-61.806305,49.10506],[-62.29318,49.08717],[-63.58926,49.40069],[-64.51912,49.87304]]],[[[-64.01486,47.03601],[-63.6645,46.55001],[-62.9393,46.41587],[-62.01208,46.44314],[-62.50391,46.03339],[-62.87433,45.96818],[-64.1428,46.39265],[-64.39261,46.72747],[-64.01486,47.03601]]]]},"properties":{}},{"type":"Feature","geometry":{"type":"MultiPolygon","coordinates":[[[[-122.84,49],[-120,49],[-117.03121,49],[-116.04818,49],[-113,49],[-110.05,49],[-107.05,49],[-104.04826,48.99986],[-100.65,49],[-97.22872,49.0007],[-95.15907,49],[-95.15609,49.38425],[-94.81758,49.38905],[-94.64,48.84],[-94.32914,48.67074],[-93.63087,48.60926],[-92.61,48.45],[-91.64,48.14],[-90.83,48.27],[-89.6,48.01],[-89.272917,48.019808],[-88.378114,48.302918],[-87.439793,47.94],[-86.461991,47.553338],[-85.652363,47.220219],[-84.87608,46.900083],[-84.779238,46.637102],[-84.543749,46.538684],[-84.6049,46.4396],[-84.3367,46.40877],[-84.14212,46.512226],[-84.091851,46.275419],[-83.890765,46.116927],[-83.616131,46.116927],[-83.469551,45.994686],[-83.592851,45.816894],[-82.550925,45.347517],[-82.337763,44.44],[-82.137642,43.571088],[-82.43,42.98],[-82.9,42.43],[-83.12,42.08],[-83.142,41.975681],[-83.02981,41.832796],[-82.690089,41.675105],[-82.439278,41.675105],[-81.277747,42.209026],[-80.247448,42.3662],[-78.939362,42.863611],[-78.92,42.965],[-79.01,43.27],[-79.171674,43.466339],[-78.72028,43.625089],[-77.737885,43.629056],[-76.820034,43.628784],[-76.5,44.018459],[-76.375,44.09631],[-75.31821,44.81645],[-74.867,45.00048],[-73.34783,45.00738],[-71.50506,45.0082],[-71.405,45.255],[-71.08482,45.30524],[-70.66,45.46],[-70.305,45.915],[-69.99997,46.69307],[-69.237216,47.447781],[-68.905,47.185],[-68.23444,47.35486],[-67.79046,47.06636],[-67.79134,45.70281],[-67.13741,45.13753],[-66.96466,44.8097],[-68.03252,44.3252],[-69.06,43.98],[-70.11617,43.68405],[-70.645476,43.090238],[-70.81489,42.8653],[-70.825,42.335],[-70.495,41.805],[-70.08,41.78],[-70.185,42.145],[-69.88497,41.92283],[-69.96503,41.63717],[-70.64,41.475],[-71.12039,41.49445],[-71.86,41.32],[-72.295,41.27],[-72.87643,41.22065],[-73.71,40.931102],[-72.24126,41.11948],[-71.945,40.93],[-73.345,40.63],[-73.982,40.628],[-73.952325,40.75075],[-74.25671,40.47351],[-73.96244,40.42763],[-74.17838,39.70926],[-74.90604,38.93954],[-74.98041,39.1964],[-75.20002,39.24845],[-75.52805,39.4985],[-75.32,38.96],[-75.071835,38.782032],[-75.05673,38.40412],[-75.37747,38.01551],[-75.94023,37.21689],[-76.03127,37.2566],[-75.72205,37.93705],[-76.23287,38.319215],[-76.35,39.15],[-76.542725,38.717615],[-76.32933,38.08326],[-76.989998,38.239992],[-76.30162,37.917945],[-76.25874,36.9664],[-75.9718,36.89726],[-75.86804,36.55125],[-75.72749,35.55074],[-76.36318,34.80854],[-77.397635,34.51201],[-78.05496,33.92547],[-78.55435,33.86133],[-79.06067,33.49395],[-79.20357,33.15839],[-80.301325,32.509355],[-80.86498,32.0333],[-81.33629,31.44049],[-81.49042,30.72999],[-81.31371,30.03552],[-80.98,29.18],[-80.535585,28.47213],[-80.53,28.04],[-80.056539,26.88],[-80.088015,26.205765],[-80.13156,25.816775],[-80.38103,25.20616],[-80.68,25.08],[-81.17213,25.20126],[-81.33,25.64],[-81.71,25.87],[-82.24,26.73],[-82.70515,27.49504],[-82.85526,27.88624],[-82.65,28.55],[-82.93,29.1],[-83.70959,29.93656],[-84.1,30.09],[-85.10882,29.63615],[-85.28784,29.68612],[-85.7731,30.15261],[-86.4,30.4],[-87.53036,30.27433],[-88.41782,30.3849],[-89.18049,30.31598],[-89.593831,30.159994],[-89.413735,29.89419],[-89.43,29.48864],[-89.21767,29.29108],[-89.40823,29.15961],[-89.77928,29.30714],[-90.15463,29.11743],[-90.880225,29.148535],[-91.626785,29.677],[-92.49906,29.5523],[-93.22637,29.78375],[-93.84842,29.71363],[-94.69,29.48],[-95.60026,28.73863],[-96.59404,28.30748],[-97.14,27.83],[-97.37,27.38],[-97.38,26.69],[-97.33,26.21],[-97.14,25.87],[-97.53,25.84],[-98.24,26.06],[-99.02,26.37],[-99.3,26.84],[-99.52,27.54],[-100.11,28.11],[-100.45584,28.69612],[-100.9576,29.38071],[-101.6624,29.7793],[-102.48,29.76],[-103.11,28.97],[-103.94,29.27],[-104.45697,29.57196],[-104.70575,30.12173],[-105.03737,30.64402],[-105.63159,31.08383],[-106.1429,31.39995],[-106.50759,31.75452],[-108.24,31.754854],[-108.24194,31.34222],[-109.035,31.34194],[-111.02361,31.33472],[-113.30498,32.03914],[-114.815,32.52528],[-114.72139,32.72083],[-115.99135,32.61239],[-117.12776,32.53534],[-117.295938,33.046225],[-117.944,33.621236],[-118.410602,33.740909],[-118.519895,34.027782],[-119.081,34.078],[-119.438841,34.348477],[-120.36778,34.44711],[-120.62286,34.60855],[-120.74433,35.15686],[-121.71457,36.16153],[-122.54747,37.55176],[-122.51201,37.78339],[-122.95319,38.11371],[-123.7272,38.95166],[-123.86517,39.76699],[-124.39807,40.3132],[-124.17886,41.14202],[-124.2137,41.99964],[-124.53284,42.76599],[-124.14214,43.70838],[-124.020535,44.615895],[-123.89893,45.52341],[-124.079635,46.86475],[-124.39567,47.72017],[-124.68721,48.184433],[-124.566101,48.379715],[-123.12,48.04],[-122.58736,47.096],[-122.34,47.36],[-122.5,48.18],[-122.84,49]]],[[[-155.40214,20.07975],[-155.22452,19.99302],[-155.06226,19.8591],[-154.80741,19.50871],[-154.83147,19.45328],[-155.22217,19.23972],[-155.54211,19.08348],[-155.68817,18.91619],[-155.93665,19.05939],[-155.90806,19.33888],[-156.07347,19.70294],[-156.02368,19.81422],[-155.85008,19.97729],[-155.91907,20.17395],[-155.86108,20.26721],[-155.78505,20.2487],[-155.40214,20.07975]]],[[[-155.99566,20.76404],[-156.07926,20.64397],[-156.41445,20.57241],[-156.58673,20.783],[-156.70167,20.8643],[-156.71055,20.92676],[-156.61258,21.01249],[-156.25711,20.91745],[-155.99566,20.76404]]],[[[-156.75824,21.17684],[-156.78933,21.06873],[-157.32521,21.09777],[-157.25027,21.21958],[-156.75824,21.17684]]],[[[-158.0252,21.71696],[-157.94161,21.65272],[-157.65283,21.32217],[-157.70703,21.26442],[-157.7786,21.27729],[-158.12667,21.31244],[-158.2538,21.53919],[-158.29265,21.57912],[-158.0252,21.71696]]],[[[-159.36569,22.21494],[-159.34512,21.982],[-159.46372,21.88299],[-159.80051,22.06533],[-159.74877,22.1382],[-159.5962,22.23618],[-159.36569,22.21494]]],[[[-166.467792,60.38417],[-165.67443,60.293607],[-165.579164,59.909987],[-166.19277,59.754441],[-166.848337,59.941406],[-167.455277,60.213069],[-166.467792,60.38417]]],[[[-153.228729,57.968968],[-152.564791,57.901427],[-152.141147,57.591059],[-153.006314,57.115842],[-154.00509,56.734677],[-154.516403,56.992749],[-154.670993,57.461196],[-153.76278,57.816575],[-153.228729,57.968968]]],[[[-140.985988,69.711998],[-140.986,69.712],[-140.9925,66.00003],[-140.99778,60.30639],[-140.013,60.27682],[-139.039,60],[-138.34089,59.56211],[-137.4525,58.905],[-136.47972,59.46389],[-135.47583,59.78778],[-134.945,59.27056],[-134.27111,58.86111],[-133.35556,58.41028],[-132.73042,57.69289],[-131.70781,56.55212],[-130.00778,55.91583],[-129.98,55.285],[-130.53611,54.80278],[-130.536109,54.802754],[-130.53611,54.802753],[-131.085818,55.178906],[-131.967211,55.497776],[-132.250011,56.369996],[-133.539181,57.178887],[-134.078063,58.123068],[-135.038211,58.187715],[-136.628062,58.212209],[-137.800006,58.499995],[-139.867787,59.537762],[-140.825274,59.727517],[-142.574444,60.084447],[-143.958881,59.99918],[-145.925557,60.45861],[-147.114374,60.884656],[-148.224306,60.672989],[-148.018066,59.978329],[-148.570823,59.914173],[-149.727858,59.705658],[-150.608243,59.368211],[-151.716393,59.155821],[-151.859433,59.744984],[-151.409719,60.725803],[-150.346941,61.033588],[-150.621111,61.284425],[-151.895839,60.727198],[-152.57833,60.061657],[-154.019172,59.350279],[-153.287511,58.864728],[-154.232492,58.146374],[-155.307491,57.727795],[-156.308335,57.422774],[-156.556097,56.979985],[-158.117217,56.463608],[-158.433321,55.994154],[-159.603327,55.566686],[-160.28972,55.643581],[-161.223048,55.364735],[-162.237766,55.024187],[-163.069447,54.689737],[-164.785569,54.404173],[-164.942226,54.572225],[-163.84834,55.039431],[-162.870001,55.348043],[-161.804175,55.894986],[-160.563605,56.008055],[-160.07056,56.418055],[-158.684443,57.016675],[-158.461097,57.216921],[-157.72277,57.570001],[-157.550274,58.328326],[-157.041675,58.918885],[-158.194731,58.615802],[-158.517218,58.787781],[-159.058606,58.424186],[-159.711667,58.93139],[-159.981289,58.572549],[-160.355271,59.071123],[-161.355003,58.670838],[-161.968894,58.671665],[-162.054987,59.266925],[-161.874171,59.633621],[-162.518059,59.989724],[-163.818341,59.798056],[-164.662218,60.267484],[-165.346388,60.507496],[-165.350832,61.073895],[-166.121379,61.500019],[-165.734452,62.074997],[-164.919179,62.633076],[-164.562508,63.146378],[-163.753332,63.219449],[-163.067224,63.059459],[-162.260555,63.541936],[-161.53445,63.455817],[-160.772507,63.766108],[-160.958335,64.222799],[-161.518068,64.402788],[-160.777778,64.788604],[-161.391926,64.777235],[-162.45305,64.559445],[-162.757786,64.338605],[-163.546394,64.55916],[-164.96083,64.446945],[-166.425288,64.686672],[-166.845004,65.088896],[-168.11056,65.669997],[-166.705271,66.088318],[-164.47471,66.57666],[-163.652512,66.57666],[-163.788602,66.077207],[-161.677774,66.11612],[-162.489715,66.735565],[-163.719717,67.116395],[-164.430991,67.616338],[-165.390287,68.042772],[-166.764441,68.358877],[-166.204707,68.883031],[-164.430811,68.915535],[-163.168614,69.371115],[-162.930566,69.858062],[-161.908897,70.33333],[-160.934797,70.44769],[-159.039176,70.891642],[-158.119723,70.824721],[-156.580825,71.357764],[-155.06779,71.147776],[-154.344165,70.696409],[-153.900006,70.889989],[-152.210006,70.829992],[-152.270002,70.600006],[-150.739992,70.430017],[-149.720003,70.53001],[-147.613362,70.214035],[-145.68999,70.12001],[-144.920011,69.989992],[-143.589446,70.152514],[-142.07251,69.851938],[-140.985988,69.711998],[-140.985988,69.711998]]],[[[-171.731657,63.782515],[-171.114434,63.592191],[-170.491112,63.694975],[-169.682505,63.431116],[-168.689439,63.297506],[-168.771941,63.188598],[-169.52944,62.976931],[-170.290556,63.194438],[-170.671386,63.375822],[-171.553063,63.317789],[-171.791111,63.405846],[-171.731657,63.782515]]]]},"properties":{}},{"type":"Feature","geometry":{"type":"Polygon","coordinates":[[[87.35997,49.214981],[86.598776,48.549182],[85.768233,48.455751],[85.720484,47.452969],[85.16429,47.000956],[83.180484,47.330031],[82.458926,45.53965],[81.947071,45.317027],[79.966106,44.917517],[80.866206,43.180362],[80.18015,42.920068],[80.25999,42.349999],[79.643645,42.496683],[79.142177,42.856092],[77.658392,42.960686],[76.000354,42.988022],[75.636965,42.8779],[74.212866,43.298339],[73.645304,43.091272],[73.489758,42.500894],[71.844638,42.845395],[71.186281,42.704293],[70.962315,42.266154],[70.388965,42.081308],[69.070027,41.384244],[68.632483,40.668681],[68.259896,40.662325],[67.985856,41.135991],[66.714047,41.168444],[66.510649,41.987644],[66.023392,41.994646],[66.098012,42.99766],[64.900824,43.728081],[63.185787,43.650075],[62.0133,43.504477],[61.05832,44.405817],[60.239972,44.784037],[58.689989,45.500014],[58.503127,45.586804],[55.928917,44.995858],[55.968191,41.308642],[55.455251,41.259859],[54.755345,42.043971],[54.079418,42.324109],[52.944293,42.116034],[52.50246,41.783316],[52.446339,42.027151],[52.692112,42.443895],[52.501426,42.792298],[51.342427,43.132975],[50.891292,44.031034],[50.339129,44.284016],[50.305643,44.609836],[51.278503,44.514854],[51.316899,45.245998],[52.16739,45.408391],[53.040876,45.259047],[53.220866,46.234646],[53.042737,46.853006],[52.042023,46.804637],[51.191945,47.048705],[50.034083,46.60899],[49.10116,46.39933],[48.59325,46.56104],[48.694734,47.075628],[48.05725,47.74377],[47.31524,47.71585],[46.466446,48.394152],[47.043672,49.152039],[46.751596,49.356006],[47.54948,50.454698],[48.577841,49.87476],[48.702382,50.605128],[50.766648,51.692762],[52.328724,51.718652],[54.532878,51.02624],[55.71694,50.62171],[56.77798,51.04355],[58.36332,51.06364],[59.642282,50.545442],[59.932807,50.842194],[61.337424,50.79907],[61.588003,51.272659],[59.967534,51.96042],[60.927269,52.447548],[60.739993,52.719986],[61.699986,52.979996],[60.978066,53.664993],[61.4366,54.00625],[65.178534,54.354228],[65.66687,54.60125],[68.1691,54.970392],[69.068167,55.38525],[70.865267,55.169734],[71.180131,54.133285],[72.22415,54.376655],[73.508516,54.035617],[73.425679,53.48981],[74.38482,53.54685],[76.8911,54.490524],[76.525179,54.177003],[77.800916,53.404415],[80.03556,50.864751],[80.568447,51.388336],[81.945986,50.812196],[83.383004,51.069183],[83.935115,50.889246],[84.416377,50.3114],[85.11556,50.117303],[85.54127,49.692859],[86.829357,49.826675],[87.35997,49.214981]]]},"properties":{}},{"type":"Feature","geometry":{"type":"Polygon","coordinates":[[[55.968191,41.308642],[55.928917,44.995858],[58.503127,45.586804],[58.689989,45.500014],[60.239972,44.784037],[61.05832,44.405817],[62.0133,43.504477],[63.185787,43.650075],[64.900824,43.728081],[66.098012,42.99766],[66.023392,41.994646],[66.510649,41.987644],[66.714047,41.168444],[67.985856,41.135991],[68.259896,40.662325],[68.632483,40.668681],[69.070027,41.384244],[70.388965,42.081308],[70.962315,42.266154],[71.259248,42.167711],[70.420022,41.519998],[71.157859,41.143587],[71.870115,41.3929],[73.055417,40.866033],[71.774875,40.145844],[71.014198,40.244366],[70.601407,40.218527],[70.45816,40.496495],[70.666622,40.960213],[69.329495,40.727824],[69.011633,40.086158],[68.536416,39.533453],[67.701429,39.580478],[67.44222,39.140144],[68.176025,38.901553],[68.392033,38.157025],[67.83,37.144994],[67.075782,37.356144],[66.518607,37.362784],[66.54615,37.974685],[65.215999,38.402695],[64.170223,38.892407],[63.518015,39.363257],[62.37426,40.053886],[61.882714,41.084857],[61.547179,41.26637],[60.465953,41.220327],[60.083341,41.425146],[59.976422,42.223082],[58.629011,42.751551],[57.78653,42.170553],[56.932215,41.826026],[57.096391,41.32231],[55.968191,41.308642]]]},"properties":{}},{"type":"Feature","geometry":{"type":"MultiPolygon","coordinates":[[[[141.00021,-2.600151],[142.735247,-3.289153],[144.583971,-3.861418],[145.27318,-4.373738],[145.829786,-4.876498],[145.981922,-5.465609],[147.648073,-6.083659],[147.891108,-6.614015],[146.970905,-6.721657],[147.191874,-7.388024],[148.084636,-8.044108],[148.734105,-9.104664],[149.306835,-9.071436],[149.266631,-9.514406],[150.038728,-9.684318],[149.738798,-9.872937],[150.801628,-10.293687],[150.690575,-10.582713],[150.028393,-10.652476],[149.78231,-10.393267],[148.923138,-10.280923],[147.913018,-10.130441],[147.135443,-9.492444],[146.567881,-8.942555],[146.048481,-8.067414],[144.744168,-7.630128],[143.897088,-7.91533],[143.286376,-8.245491],[143.413913,-8.983069],[142.628431,-9.326821],[142.068259,-9.159596],[141.033852,-9.117893],[141.017057,-5.859022],[141.00021,-2.600151]]],[[[152.640017,-3.659983],[153.019994,-3.980015],[153.140038,-4.499983],[152.827292,-4.766427],[152.638673,-4.176127],[152.406026,-3.789743],[151.953237,-3.462062],[151.384279,-3.035422],[150.66205,-2.741486],[150.939965,-2.500002],[151.479984,-2.779985],[151.820015,-2.999972],[152.239989,-3.240009],[152.640017,-3.659983]]],[[[151.30139,-5.840728],[150.754447,-6.083763],[150.241197,-6.317754],[149.709963,-6.316513],[148.890065,-6.02604],[148.318937,-5.747142],[148.401826,-5.437756],[149.298412,-5.583742],[149.845562,-5.505503],[149.99625,-5.026101],[150.139756,-5.001348],[150.236908,-5.53222],[150.807467,-5.455842],[151.089672,-5.113693],[151.647881,-4.757074],[151.537862,-4.167807],[152.136792,-4.14879],[152.338743,-4.312966],[152.318693,-4.867661],[151.982796,-5.478063],[151.459107,-5.56028],[151.30139,-5.840728]]],[[[154.759991,-5.339984],[155.062918,-5.566792],[155.547746,-6.200655],[156.019965,-6.540014],[155.880026,-6.819997],[155.599991,-6.919991],[155.166994,-6.535931],[154.729192,-5.900828],[154.514114,-5.139118],[154.652504,-5.042431],[154.759991,-5.339984]]]]},"properties":{}},{"type":"Feature","geometry":{"type":"MultiPolygon","coordinates":[[[[141.00021,-2.600151],[141.017057,-5.859022],[141.033852,-9.117893],[140.143415,-8.297168],[139.127767,-8.096043],[138.881477,-8.380935],[137.614474,-8.411683],[138.039099,-7.597882],[138.668621,-7.320225],[138.407914,-6.232849],[137.92784,-5.393366],[135.98925,-4.546544],[135.164598,-4.462931],[133.66288,-3.538853],[133.367705,-4.024819],[132.983956,-4.112979],[132.756941,-3.746283],[132.753789,-3.311787],[131.989804,-2.820551],[133.066845,-2.460418],[133.780031,-2.479848],[133.696212,-2.214542],[132.232373,-2.212526],[131.836222,-1.617162],[130.94284,-1.432522],[130.519558,-0.93772],[131.867538,-0.695461],[132.380116,-0.369538],[133.985548,-0.78021],[134.143368,-1.151867],[134.422627,-2.769185],[135.457603,-3.367753],[136.293314,-2.307042],[137.440738,-1.703513],[138.329727,-1.702686],[139.184921,-2.051296],[139.926684,-2.409052],[141.00021,-2.600151]]],[[[124.968682,-8.89279],[125.07002,-9.089987],[125.08852,-9.393173],[124.43595,-10.140001],[123.579982,-10.359987],[123.459989,-10.239995],[123.550009,-9.900016],[123.980009,-9.290027],[124.968682,-8.89279]]],[[[134.210134,-6.895238],[134.112776,-6.142467],[134.290336,-5.783058],[134.499625,-5.445042],[134.727002,-5.737582],[134.724624,-6.214401],[134.210134,-6.895238]]],[[[117.882035,4.137551],[117.313232,3.234428],[118.04833,2.28769],[117.875627,1.827641],[118.996747,0.902219],[117.811858,0.784242],[117.478339,0.102475],[117.521644,-0.803723],[116.560048,-1.487661],[116.533797,-2.483517],[116.148084,-4.012726],[116.000858,-3.657037],[114.864803,-4.106984],[114.468652,-3.495704],[113.755672,-3.43917],[113.256994,-3.118776],[112.068126,-3.478392],[111.703291,-2.994442],[111.04824,-3.049426],[110.223846,-2.934032],[110.070936,-1.592874],[109.571948,-1.314907],[109.091874,-0.459507],[108.952658,0.415375],[109.069136,1.341934],[109.66326,2.006467],[109.830227,1.338136],[110.514061,0.773131],[111.159138,0.976478],[111.797548,0.904441],[112.380252,1.410121],[112.859809,1.49779],[113.80585,1.217549],[114.621355,1.430688],[115.134037,2.821482],[115.519078,3.169238],[115.865517,4.306559],[117.015214,4.306094],[117.882035,4.137551]]],[[[129.370998,-2.802154],[130.471344,-3.093764],[130.834836,-3.858472],[129.990547,-3.446301],[129.155249,-3.362637],[128.590684,-3.428679],[127.898891,-3.393436],[128.135879,-2.84365],[129.370998,-2.802154]]],[[[126.874923,-3.790983],[126.183802,-3.607376],[125.989034,-3.177273],[127.000651,-3.129318],[127.249215,-3.459065],[126.874923,-3.790983]]],[[[127.932378,2.174596],[128.004156,1.628531],[128.594559,1.540811],[128.688249,1.132386],[128.635952,0.258486],[128.12017,0.356413],[127.968034,-0.252077],[128.379999,-0.780004],[128.100016,-0.899996],[127.696475,-0.266598],[127.39949,1.011722],[127.600512,1.810691],[127.932378,2.174596]]],[[[122.927567,0.875192],[124.077522,0.917102],[125.065989,1.643259],[125.240501,1.419836],[124.437035,0.427881],[123.685505,0.235593],[122.723083,0.431137],[121.056725,0.381217],[120.183083,0.237247],[120.04087,-0.519658],[120.935905,-1.408906],[121.475821,-0.955962],[123.340565,-0.615673],[123.258399,-1.076213],[122.822715,-0.930951],[122.38853,-1.516858],[121.508274,-1.904483],[122.454572,-3.186058],[122.271896,-3.5295],[123.170963,-4.683693],[123.162333,-5.340604],[122.628515,-5.634591],[122.236394,-5.282933],[122.719569,-4.464172],[121.738234,-4.851331],[121.489463,-4.574553],[121.619171,-4.188478],[120.898182,-3.602105],[120.972389,-2.627643],[120.305453,-2.931604],[120.390047,-4.097579],[120.430717,-5.528241],[119.796543,-5.6734],[119.366906,-5.379878],[119.653606,-4.459417],[119.498835,-3.494412],[119.078344,-3.487022],[118.767769,-2.801999],[119.180974,-2.147104],[119.323394,-1.353147],[119.825999,0.154254],[120.035702,0.566477],[120.885779,1.309223],[121.666817,1.013944],[122.927567,0.875192]]],[[[120.295014,-10.25865],[118.967808,-9.557969],[119.90031,-9.36134],[120.425756,-9.665921],[120.775502,-9.969675],[120.715609,-10.239581],[120.295014,-10.25865]]],[[[121.341669,-8.53674],[122.007365,-8.46062],[122.903537,-8.094234],[122.756983,-8.649808],[121.254491,-8.933666],[119.924391,-8.810418],[119.920929,-8.444859],[120.715092,-8.236965],[121.341669,-8.53674]]],[[[118.260616,-8.362383],[118.87846,-8.280683],[119.126507,-8.705825],[117.970402,-8.906639],[117.277731,-9.040895],[116.740141,-9.032937],[117.083737,-8.457158],[117.632024,-8.449303],[117.900018,-8.095681],[118.260616,-8.362383]]],[[[108.486846,-6.421985],[108.623479,-6.777674],[110.539227,-6.877358],[110.759576,-6.465186],[112.614811,-6.946036],[112.978768,-7.594213],[114.478935,-7.776528],[115.705527,-8.370807],[114.564511,-8.751817],[113.464734,-8.348947],[112.559672,-8.376181],[111.522061,-8.302129],[110.58615,-8.122605],[109.427667,-7.740664],[108.693655,-7.6416],[108.277763,-7.766657],[106.454102,-7.3549],[106.280624,-6.9249],[105.365486,-6.851416],[106.051646,-5.895919],[107.265009,-5.954985],[108.072091,-6.345762],[108.486846,-6.421985]]],[[[104.369991,-1.084843],[104.53949,-1.782372],[104.887893,-2.340425],[105.622111,-2.428844],[106.108593,-3.061777],[105.857446,-4.305525],[105.817655,-5.852356],[104.710384,-5.873285],[103.868213,-5.037315],[102.584261,-4.220259],[102.156173,-3.614146],[101.399113,-2.799777],[100.902503,-2.050262],[100.141981,-0.650348],[99.26374,0.183142],[98.970011,1.042882],[98.601351,1.823507],[97.699598,2.453184],[97.176942,3.308791],[96.424017,3.86886],[95.380876,4.970782],[95.293026,5.479821],[95.936863,5.439513],[97.484882,5.246321],[98.369169,4.26837],[99.142559,3.59035],[99.693998,3.174329],[100.641434,2.099381],[101.658012,2.083697],[102.498271,1.3987],[103.07684,0.561361],[103.838396,0.104542],[103.437645,-0.711946],[104.010789,-1.059212],[104.369991,-1.084843]]]]},"properties":{}},{"type":"Feature","geometry":{"type":"MultiPolygon","coordinates":[[[[-68.63401,-52.63637],[-68.25,-53.1],[-67.75,-53.85],[-66.45,-54.45],[-65.05,-54.7],[-65.5,-55.2],[-66.45,-55.25],[-66.95992,-54.89681],[-67.56244,-54.87001],[-68.63335,-54.8695],[-68.63401,-52.63637]]],[[[-57.625133,-30.216295],[-57.874937,-31.016556],[-58.14244,-32.044504],[-58.132648,-33.040567],[-58.349611,-33.263189],[-58.427074,-33.909454],[-58.495442,-34.43149],[-57.22583,-35.288027],[-57.362359,-35.97739],[-56.737487,-36.413126],[-56.788285,-36.901572],[-57.749157,-38.183871],[-59.231857,-38.72022],[-61.237445,-38.928425],[-62.335957,-38.827707],[-62.125763,-39.424105],[-62.330531,-40.172586],[-62.145994,-40.676897],[-62.745803,-41.028761],[-63.770495,-41.166789],[-64.73209,-40.802677],[-65.118035,-41.064315],[-64.978561,-42.058001],[-64.303408,-42.359016],[-63.755948,-42.043687],[-63.458059,-42.563138],[-64.378804,-42.873558],[-65.181804,-43.495381],[-65.328823,-44.501366],[-65.565269,-45.036786],[-66.509966,-45.039628],[-67.293794,-45.551896],[-67.580546,-46.301773],[-66.597066,-47.033925],[-65.641027,-47.236135],[-65.985088,-48.133289],[-67.166179,-48.697337],[-67.816088,-49.869669],[-68.728745,-50.264218],[-69.138539,-50.73251],[-68.815561,-51.771104],[-68.149995,-52.349983],[-68.571545,-52.299444],[-69.498362,-52.142761],[-71.914804,-52.009022],[-72.329404,-51.425956],[-72.309974,-50.67701],[-72.975747,-50.74145],[-73.328051,-50.378785],[-73.415436,-49.318436],[-72.648247,-48.878618],[-72.331161,-48.244238],[-72.447355,-47.738533],[-71.917258,-46.884838],[-71.552009,-45.560733],[-71.659316,-44.973689],[-71.222779,-44.784243],[-71.329801,-44.407522],[-71.793623,-44.207172],[-71.464056,-43.787611],[-71.915424,-43.408565],[-72.148898,-42.254888],[-71.746804,-42.051386],[-71.915734,-40.832339],[-71.680761,-39.808164],[-71.413517,-38.916022],[-70.814664,-38.552995],[-71.118625,-37.576827],[-71.121881,-36.658124],[-70.364769,-36.005089],[-70.388049,-35.169688],[-69.817309,-34.193571],[-69.814777,-33.273886],[-70.074399,-33.09121],[-70.535069,-31.36501],[-69.919008,-30.336339],[-70.01355,-29.367923],[-69.65613,-28.459141],[-69.001235,-27.521214],[-68.295542,-26.89934],[-68.5948,-26.506909],[-68.386001,-26.185016],[-68.417653,-24.518555],[-67.328443,-24.025303],[-66.985234,-22.986349],[-67.106674,-22.735925],[-66.273339,-21.83231],[-64.964892,-22.075862],[-64.377021,-22.798091],[-63.986838,-21.993644],[-62.846468,-22.034985],[-62.685057,-22.249029],[-60.846565,-23.880713],[-60.028966,-24.032796],[-58.807128,-24.771459],[-57.777217,-25.16234],[-57.63366,-25.603657],[-58.618174,-27.123719],[-57.60976,-27.395899],[-56.486702,-27.548499],[-55.695846,-27.387837],[-54.788795,-26.621786],[-54.625291,-25.739255],[-54.13005,-25.547639],[-53.628349,-26.124865],[-53.648735,-26.923473],[-54.490725,-27.474757],[-55.162286,-27.881915],[-56.2909,-28.852761],[-57.625133,-30.216295]]]]},"properties":{}},{"type":"Feature","geometry":{"type":"MultiPolygon","coordinates":[[[[-68.63401,-52.63637],[-68.63335,-54.8695],[-67.56244,-54.87001],[-66.95992,-54.89681],[-67.29103,-55.30124],[-68.14863,-55.61183],[-68.639991,-55.580018],[-69.2321,-55.49906],[-69.95809,-55.19843],[-71.00568,-55.05383],[-72.2639,-54.49514],[-73.2852,-53.95752],[-74.66253,-52.83749],[-73.8381,-53.04743],[-72.43418,-53.7154],[-71.10773,-54.07433],[-70.59178,-53.61583],[-70.26748,-52.93123],[-69.34565,-52.5183],[-68.63401,-52.63637]]],[[[-69.590424,-17.580012],[-69.100247,-18.260125],[-68.966818,-18.981683],[-68.442225,-19.405068],[-68.757167,-20.372658],[-68.219913,-21.494347],[-67.82818,-22.872919],[-67.106674,-22.735925],[-66.985234,-22.986349],[-67.328443,-24.025303],[-68.417653,-24.518555],[-68.386001,-26.185016],[-68.5948,-26.506909],[-68.295542,-26.89934],[-69.001235,-27.521214],[-69.65613,-28.459141],[-70.01355,-29.367923],[-69.919008,-30.336339],[-70.535069,-31.36501],[-70.074399,-33.09121],[-69.814777,-33.273886],[-69.817309,-34.193571],[-70.388049,-35.169688],[-70.364769,-36.005089],[-71.121881,-36.658124],[-71.118625,-37.576827],[-70.814664,-38.552995],[-71.413517,-38.916022],[-71.680761,-39.808164],[-71.915734,-40.832339],[-71.746804,-42.051386],[-72.148898,-42.254888],[-71.915424,-43.408565],[-71.464056,-43.787611],[-71.793623,-44.207172],[-71.329801,-44.407522],[-71.222779,-44.784243],[-71.659316,-44.973689],[-71.552009,-45.560733],[-71.917258,-46.884838],[-72.447355,-47.738533],[-72.331161,-48.244238],[-72.648247,-48.878618],[-73.415436,-49.318436],[-73.328051,-50.378785],[-72.975747,-50.74145],[-72.309974,-50.67701],[-72.329404,-51.425956],[-71.914804,-52.009022],[-69.498362,-52.142761],[-68.571545,-52.299444],[-69.461284,-52.291951],[-69.94278,-52.537931],[-70.845102,-52.899201],[-71.006332,-53.833252],[-71.429795,-53.856455],[-72.557943,-53.53141],[-73.702757,-52.835069],[-73.702757,-52.83507],[-74.946763,-52.262754],[-75.260026,-51.629355],[-74.976632,-51.043396],[-75.479754,-50.378372],[-75.608015,-48.673773],[-75.18277,-47.711919],[-74.126581,-46.939253],[-75.644395,-46.647643],[-74.692154,-45.763976],[-74.351709,-44.103044],[-73.240356,-44.454961],[-72.717804,-42.383356],[-73.3889,-42.117532],[-73.701336,-43.365776],[-74.331943,-43.224958],[-74.017957,-41.794813],[-73.677099,-39.942213],[-73.217593,-39.258689],[-73.505559,-38.282883],[-73.588061,-37.156285],[-73.166717,-37.12378],[-72.553137,-35.50884],[-71.861732,-33.909093],[-71.43845,-32.418899],[-71.668721,-30.920645],[-71.370083,-30.095682],[-71.489894,-28.861442],[-70.905124,-27.64038],[-70.724954,-25.705924],[-70.403966,-23.628997],[-70.091246,-21.393319],[-70.16442,-19.756468],[-70.372572,-18.347975],[-69.858444,-18.092694],[-69.590424,-17.580012]]]]},"properties":{}},{"type":"Feature","geometry":{"type":"Polygon","coordinates":[[[29.339998,-4.499983],[29.519987,-5.419979],[29.419993,-5.939999],[29.620032,-6.520015],[30.199997,-7.079981],[30.740015,-8.340007],[30.74001,-8.340006],[30.346086,-8.238257],[29.002912,-8.407032],[28.734867,-8.526559],[28.449871,-9.164918],[28.673682,-9.605925],[28.49607,-10.789884],[28.372253,-11.793647],[28.642417,-11.971569],[29.341548,-12.360744],[29.616001,-12.178895],[29.699614,-13.257227],[28.934286,-13.248958],[28.523562,-12.698604],[28.155109,-12.272481],[27.388799,-12.132747],[27.16442,-11.608748],[26.553088,-11.92444],[25.75231,-11.784965],[25.418118,-11.330936],[24.78317,-11.238694],[24.314516,-11.262826],[24.257155,-10.951993],[23.912215,-10.926826],[23.456791,-10.867863],[22.837345,-11.017622],[22.402798,-10.993075],[22.155268,-11.084801],[22.208753,-9.894796],[21.875182,-9.523708],[21.801801,-8.908707],[21.949131,-8.305901],[21.746456,-7.920085],[21.728111,-7.290872],[20.514748,-7.299606],[20.601823,-6.939318],[20.091622,-6.94309],[20.037723,-7.116361],[19.417502,-7.155429],[19.166613,-7.738184],[19.016752,-7.988246],[18.464176,-7.847014],[18.134222,-7.987678],[17.47297,-8.068551],[17.089996,-7.545689],[16.860191,-7.222298],[16.57318,-6.622645],[16.326528,-5.87747],[13.375597,-5.864241],[13.024869,-5.984389],[12.735171,-5.965682],[12.322432,-6.100092],[12.182337,-5.789931],[12.436688,-5.684304],[12.468004,-5.248362],[12.631612,-4.991271],[12.995517,-4.781103],[13.25824,-4.882957],[13.600235,-4.500138],[14.144956,-4.510009],[14.209035,-4.793092],[14.582604,-4.970239],[15.170992,-4.343507],[15.75354,-3.855165],[16.00629,-3.535133],[15.972803,-2.712392],[16.407092,-1.740927],[16.865307,-1.225816],[17.523716,-0.74383],[17.638645,-0.424832],[17.663553,-0.058084],[17.82654,0.288923],[17.774192,0.855659],[17.898835,1.741832],[18.094276,2.365722],[18.393792,2.900443],[18.453065,3.504386],[18.542982,4.201785],[18.932312,4.709506],[19.467784,5.031528],[20.290679,4.691678],[20.927591,4.322786],[21.659123,4.224342],[22.405124,4.02916],[22.704124,4.633051],[22.84148,4.710126],[23.297214,4.609693],[24.410531,5.108784],[24.805029,4.897247],[25.128833,4.927245],[25.278798,5.170408],[25.650455,5.256088],[26.402761,5.150875],[27.044065,5.127853],[27.374226,5.233944],[27.979977,4.408413],[28.428994,4.287155],[28.696678,4.455077],[29.159078,4.389267],[29.715995,4.600805],[29.9535,4.173699],[30.833852,3.509172],[30.83386,3.509166],[30.773347,2.339883],[31.174149,2.204465],[30.85267,1.849396],[30.468508,1.583805],[30.086154,1.062313],[29.875779,0.59738],[29.819503,-0.20531],[29.587838,-0.587406],[29.579466,-1.341313],[29.291887,-1.620056],[29.254835,-2.21511],[29.117479,-2.292211],[29.024926,-2.839258],[29.276384,-3.293907],[29.339998,-4.499983]]]},"properties":{}},{"type":"Feature","geometry":{"type":"Polygon","coordinates":[[[41.58513,-1.68325],[40.993,-0.85829],[40.98105,2.78452],[41.855083,3.918912],[42.12861,4.23413],[42.76967,4.25259],[43.66087,4.95755],[44.9636,5.00162],[47.78942,8.003],[48.486736,8.837626],[48.93813,9.451749],[48.938233,9.9735],[48.938491,10.982327],[48.942005,11.394266],[48.948205,11.410617],[48.948205,11.410617],[49.26776,11.43033],[49.72862,11.5789],[50.25878,11.67957],[50.73202,12.0219],[51.1112,12.02464],[51.13387,11.74815],[51.04153,11.16651],[51.04531,10.6409],[50.83418,10.27972],[50.55239,9.19874],[50.07092,8.08173],[49.4527,6.80466],[48.59455,5.33911],[47.74079,4.2194],[46.56476,2.85529],[45.56399,2.04576],[44.06815,1.05283],[43.13597,0.2922],[42.04157,-0.91916],[41.81095,-1.44647],[41.58513,-1.68325]]]},"properties":{}},{"type":"Feature","geometry":{"type":"Polygon","coordinates":[[[39.20222,-4.67677],[37.7669,-3.67712],[37.69869,-3.09699],[34.07262,-1.05982],[33.903711,-0.95],[33.893569,0.109814],[34.18,0.515],[34.6721,1.17694],[35.03599,1.90584],[34.59607,3.05374],[34.47913,3.5556],[34.005,4.249885],[34.620196,4.847123],[35.298007,5.506],[35.817448,5.338232],[35.817448,4.776966],[36.159079,4.447864],[36.855093,4.447864],[38.120915,3.598605],[38.43697,3.58851],[38.67114,3.61607],[38.89251,3.50074],[39.559384,3.42206],[39.85494,3.83879],[40.76848,4.25702],[41.1718,3.91909],[41.855083,3.918912],[40.98105,2.78452],[40.993,-0.85829],[41.58513,-1.68325],[40.88477,-2.08255],[40.63785,-2.49979],[40.26304,-2.57309],[40.12119,-3.27768],[39.80006,-3.68116],[39.60489,-4.34653],[39.20222,-4.67677]]]},"properties":{}},{"type":"Feature","geometry":{"type":"Polygon","coordinates":[[[24.567369,8.229188],[23.805813,8.666319],[23.459013,8.954286],[23.394779,9.265068],[23.55725,9.681218],[23.554304,10.089255],[22.977544,10.714463],[22.864165,11.142395],[22.87622,11.38461],[22.50869,11.67936],[22.49762,12.26024],[22.28801,12.64605],[21.93681,12.58818],[22.03759,12.95546],[22.29658,13.37232],[22.18329,13.78648],[22.51202,14.09318],[22.30351,14.32682],[22.56795,14.94429],[23.02459,15.68072],[23.88689,15.61084],[23.83766,19.58047],[23.85,20],[25,20.00304],[25,22],[29.02,22],[32.9,22],[36.86623,22],[37.18872,21.01885],[36.96941,20.83744],[37.1147,19.80796],[37.48179,18.61409],[37.86276,18.36786],[38.41009,17.998307],[37.904,17.42754],[37.16747,17.26314],[36.85253,16.95655],[36.75389,16.29186],[36.32322,14.82249],[36.42951,14.42211],[36.27022,13.56333],[35.86363,12.57828],[35.26049,12.08286],[34.83163,11.31896],[34.73115,10.91017],[34.25745,10.63009],[33.96162,9.58358],[33.97498,8.68456],[33.963393,9.464285],[33.824963,9.484061],[33.842131,9.981915],[33.721959,10.325262],[33.206938,10.720112],[33.086766,11.441141],[33.206938,12.179338],[32.743419,12.248008],[32.67475,12.024832],[32.073892,11.97333],[32.314235,11.681484],[32.400072,11.080626],[31.850716,10.531271],[31.352862,9.810241],[30.837841,9.707237],[29.996639,10.290927],[29.618957,10.084919],[29.515953,9.793074],[29.000932,9.604232],[28.966597,9.398224],[27.97089,9.398224],[27.833551,9.604232],[27.112521,9.638567],[26.752006,9.466893],[26.477328,9.55273],[25.962307,10.136421],[25.790633,10.411099],[25.069604,10.27376],[24.794926,9.810241],[24.537415,8.917538],[24.194068,8.728696],[23.88698,8.61973],[24.567369,8.229188]]]},"properties":{}},{"type":"Feature","geometry":{"type":"Polygon","coordinates":[[[23.83766,19.58047],[23.88689,15.61084],[23.02459,15.68072],[22.56795,14.94429],[22.30351,14.32682],[22.51202,14.09318],[22.18329,13.78648],[22.29658,13.37232],[22.03759,12.95546],[21.93681,12.58818],[22.28801,12.64605],[22.49762,12.26024],[22.50869,11.67936],[22.87622,11.38461],[22.864165,11.142395],[22.231129,10.971889],[21.723822,10.567056],[21.000868,9.475985],[20.059685,9.012706],[19.094008,9.074847],[18.81201,8.982915],[18.911022,8.630895],[18.389555,8.281304],[17.96493,7.890914],[16.705988,7.508328],[16.456185,7.734774],[16.290562,7.754307],[16.106232,7.497088],[15.27946,7.421925],[15.436092,7.692812],[15.120866,8.38215],[14.979996,8.796104],[14.544467,8.965861],[13.954218,9.549495],[14.171466,10.021378],[14.627201,9.920919],[14.909354,9.992129],[15.467873,9.982337],[14.923565,10.891325],[14.960152,11.555574],[14.89336,12.21905],[14.495787,12.859396],[14.595781,13.330427],[13.954477,13.353449],[13.956699,13.996691],[13.540394,14.367134],[13.97217,15.68437],[15.247731,16.627306],[15.300441,17.92795],[15.685741,19.95718],[15.903247,20.387619],[15.487148,20.730415],[15.47106,21.04845],[15.096888,21.308519],[14.8513,22.86295],[15.86085,23.40972],[19.84926,21.49509],[23.83766,19.58047]]]},"properties":{}},{"type":"Feature","geometry":{"type":"Polygon","coordinates":[[[-71.712361,19.714456],[-71.624873,19.169838],[-71.701303,18.785417],[-71.945112,18.6169],[-71.687738,18.31666],[-71.708305,18.044997],[-72.372476,18.214961],[-72.844411,18.145611],[-73.454555,18.217906],[-73.922433,18.030993],[-74.458034,18.34255],[-74.369925,18.664908],[-73.449542,18.526053],[-72.694937,18.445799],[-72.334882,18.668422],[-72.79165,19.101625],[-72.784105,19.483591],[-73.415022,19.639551],[-73.189791,19.915684],[-72.579673,19.871501],[-71.712361,19.714456]]]},"properties":{}},{"type":"Feature","geometry":{"type":"Polygon","coordinates":[[[-71.708305,18.044997],[-71.687738,18.31666],[-71.945112,18.6169],[-71.701303,18.785417],[-71.624873,19.169838],[-71.712361,19.714456],[-71.587304,19.884911],[-70.806706,19.880286],[-70.214365,19.622885],[-69.950815,19.648],[-69.76925,19.293267],[-69.222126,19.313214],[-69.254346,19.015196],[-68.809412,18.979074],[-68.317943,18.612198],[-68.689316,18.205142],[-69.164946,18.422648],[-69.623988,18.380713],[-69.952934,18.428307],[-70.133233,18.245915],[-70.517137,18.184291],[-70.669298,18.426886],[-70.99995,18.283329],[-71.40021,17.598564],[-71.657662,17.757573],[-71.708305,18.044997]]]},"properties":{}},{"type":"Feature","geometry":{"type":"MultiPolygon","coordinates":[[[[178.7253,71.0988],[180,71.515714],[180,70.832199],[178.903425,70.78114],[178.7253,71.0988]]],[[[49.10116,46.39933],[48.64541,45.80629],[47.67591,45.64149],[46.68201,44.6092],[47.59094,43.66016],[47.49252,42.98658],[48.58437,41.80888],[48.584353,41.808869],[47.987283,41.405819],[47.815666,41.151416],[47.373315,41.219732],[46.686071,41.827137],[46.404951,41.860675],[45.7764,42.09244],[45.470279,42.502781],[44.537623,42.711993],[43.93121,42.55496],[43.75599,42.74083],[42.3944,43.2203],[40.92219,43.38215],[40.076965,43.553104],[39.955009,43.434998],[38.68,44.28],[37.53912,44.65721],[36.67546,45.24469],[37.40317,45.40451],[38.23295,46.24087],[37.67372,46.63657],[39.14767,47.04475],[39.1212,47.26336],[38.223538,47.10219],[38.255112,47.5464],[38.77057,47.82562],[39.738278,47.898937],[39.89562,48.23241],[39.67465,48.78382],[40.080789,49.30743],[40.06904,49.60105],[38.594988,49.926462],[38.010631,49.915662],[37.39346,50.383953],[36.626168,50.225591],[35.356116,50.577197],[35.37791,50.77394],[35.022183,51.207572],[34.224816,51.255993],[34.141978,51.566413],[34.391731,51.768882],[33.7527,52.335075],[32.715761,52.238465],[32.412058,52.288695],[32.15944,52.06125],[31.785992,52.101678],[31.78597,52.10168],[31.540018,52.742052],[31.305201,53.073996],[31.49764,53.16743],[32.304519,53.132726],[32.693643,53.351421],[32.405599,53.618045],[31.731273,53.794029],[31.791424,53.974639],[31.384472,54.157056],[30.757534,54.811771],[30.971836,55.081548],[30.873909,55.550976],[29.896294,55.789463],[29.371572,55.670091],[29.229513,55.918344],[28.176709,56.16913],[27.855282,56.759326],[27.770016,57.244258],[27.288185,57.474528],[27.716686,57.791899],[27.42015,58.72457],[28.131699,59.300825],[27.98112,59.47537],[27.981127,59.475373],[29.1177,60.02805],[28.070002,60.503519],[28.07,60.50352],[30.211107,61.780028],[31.139991,62.357693],[31.516092,62.867687],[30.035872,63.552814],[30.444685,64.204453],[29.54443,64.948672],[30.21765,65.80598],[29.054589,66.944286],[29.977426,67.698297],[28.445944,68.364613],[28.59193,69.064777],[29.39955,69.15692],[31.101042,69.558101],[31.10108,69.55811],[32.13272,69.90595],[33.77547,69.30142],[36.51396,69.06342],[40.29234,67.9324],[41.05987,67.45713],[41.12595,66.79158],[40.01583,66.26618],[38.38295,65.99953],[33.91871,66.75961],[33.18444,66.63253],[34.81477,65.90015],[34.878574,65.436213],[34.94391,64.41437],[36.23129,64.10945],[37.01273,63.84983],[37.14197,64.33471],[36.539579,64.76446],[37.17604,65.14322],[39.59345,64.52079],[40.4356,64.76446],[39.7626,65.49682],[42.09309,66.47623],[43.01604,66.41858],[43.94975,66.06908],[44.53226,66.75634],[43.69839,67.35245],[44.18795,67.95051],[43.45282,68.57079],[46.25,68.25],[46.82134,67.68997],[45.55517,67.56652],[45.56202,67.01005],[46.34915,66.66767],[47.89416,66.88455],[48.13876,67.52238],[50.22766,67.99867],[53.71743,68.85738],[54.47171,68.80815],[53.48582,68.20131],[54.72628,68.09702],[55.44268,68.43866],[57.31702,68.46628],[58.802,68.88082],[59.94142,68.27844],[61.07784,68.94069],[60.03,69.52],[60.55,69.85],[63.504,69.54739],[64.888115,69.234835],[68.51216,68.09233],[69.18068,68.61563],[68.16444,69.14436],[68.13522,69.35649],[66.93008,69.45461],[67.25976,69.92873],[66.72492,70.70889],[66.69466,71.02897],[68.54006,71.9345],[69.19636,72.84336],[69.94,73.04],[72.58754,72.77629],[72.79603,72.22006],[71.84811,71.40898],[72.47011,71.09019],[72.79188,70.39114],[72.5647,69.02085],[73.66787,68.4079],[73.2387,67.7404],[71.28,66.32],[72.42301,66.17267],[72.82077,66.53267],[73.92099,66.78946],[74.18651,67.28429],[75.052,67.76047],[74.46926,68.32899],[74.93584,68.98918],[73.84236,69.07146],[73.60187,69.62763],[74.3998,70.63175],[73.1011,71.44717],[74.89082,72.12119],[74.65926,72.83227],[75.15801,72.85497],[75.68351,72.30056],[75.28898,71.33556],[76.35911,71.15287],[75.90313,71.87401],[77.57665,72.26717],[79.65202,72.32011],[81.5,71.75],[80.61071,72.58285],[80.51109,73.6482],[82.25,73.85],[84.65526,73.80591],[86.8223,73.93688],[86.00956,74.45967],[87.16682,75.11643],[88.31571,75.14393],[90.26,75.64],[92.90058,75.77333],[93.23421,76.0472],[95.86,76.14],[96.67821,75.91548],[98.92254,76.44689],[100.75967,76.43028],[101.03532,76.86189],[101.99084,77.28754],[104.3516,77.69792],[106.06664,77.37389],[104.705,77.1274],[106.97013,76.97419],[107.24,76.48],[108.1538,76.72335],[111.07726,76.71],[113.33151,76.22224],[114.13417,75.84764],[113.88539,75.32779],[112.77918,75.03186],[110.15125,74.47673],[109.4,74.18],[110.64,74.04],[112.11919,73.78774],[113.01954,73.97693],[113.52958,73.33505],[113.96881,73.59488],[115.56782,73.75285],[118.77633,73.58772],[119.02,73.12],[123.20066,72.97122],[123.25777,73.73503],[125.38,73.56],[126.97644,73.56549],[128.59126,73.03871],[129.05157,72.39872],[128.46,71.98],[129.71599,71.19304],[131.28858,70.78699],[132.2535,71.8363],[133.85766,71.38642],[135.56193,71.65525],[137.49755,71.34763],[138.23409,71.62803],[139.86983,71.48783],[139.14791,72.41619],[140.46817,72.84941],[149.5,72.2],[150.35118,71.60643],[152.9689,70.84222],[157.00688,71.03141],[158.99779,70.86672],[159.83031,70.45324],[159.70866,69.72198],[160.94053,69.43728],[162.27907,69.64204],[164.05248,69.66823],[165.94037,69.47199],[167.83567,69.58269],[169.57763,68.6938],[170.81688,69.01363],[170.0082,69.65276],[170.45345,70.09703],[173.64391,69.81743],[175.72403,69.87725],[178.6,69.4],[180,68.963636],[180,64.979709],[179.99281,64.97433],[178.7072,64.53493],[177.41128,64.60821],[178.313,64.07593],[178.90825,63.25197],[179.37034,62.98262],[179.48636,62.56894],[179.22825,62.3041],[177.3643,62.5219],[174.56929,61.76915],[173.68013,61.65261],[172.15,60.95],[170.6985,60.33618],[170.33085,59.88177],[168.90046,60.57355],[166.29498,59.78855],[165.84,60.16],[164.87674,59.7316],[163.53929,59.86871],[163.21711,59.21101],[162.01733,58.24328],[162.05297,57.83912],[163.19191,57.61503],[163.05794,56.15924],[162.12958,56.12219],[161.70146,55.28568],[162.11749,54.85514],[160.36877,54.34433],[160.02173,53.20257],[158.53094,52.95868],[158.23118,51.94269],[156.78979,51.01105],[156.42,51.7],[155.99182,53.15895],[155.43366,55.38103],[155.91442,56.76792],[156.75815,57.3647],[156.81035,57.83204],[158.36433,58.05575],[160.15064,59.31477],[161.87204,60.343],[163.66969,61.1409],[164.47355,62.55061],[163.25842,62.46627],[162.65791,61.6425],[160.12148,60.54423],[159.30232,61.77396],[156.72068,61.43442],[154.21806,59.75818],[155.04375,59.14495],[152.81185,58.88385],[151.26573,58.78089],[151.33815,59.50396],[149.78371,59.65573],[148.54481,59.16448],[145.48722,59.33637],[142.19782,59.03998],[138.95848,57.08805],[135.12619,54.72959],[136.70171,54.60355],[137.19342,53.97732],[138.1647,53.75501],[138.80463,54.25455],[139.90151,54.18968],[141.34531,53.08957],[141.37923,52.23877],[140.59742,51.23967],[140.51308,50.04553],[140.06193,48.44671],[138.55472,46.99965],[138.21971,46.30795],[136.86232,45.1435],[135.51535,43.989],[134.86939,43.39821],[133.53687,42.81147],[132.90627,42.79849],[132.27807,43.28456],[130.93587,42.55274],[130.780005,42.22001],[130.780004,42.220008],[130.78,42.22],[130.779992,42.22001],[130.64,42.395],[130.64,42.395024],[130.633866,42.903015],[131.144688,42.92999],[131.288555,44.11152],[131.02519,44.96796],[131.883454,45.321162],[133.09712,45.14409],[133.769644,46.116927],[134.11235,47.21248],[134.50081,47.57845],[135.026311,48.47823],[133.373596,48.183442],[132.50669,47.78896],[130.98726,47.79013],[130.582293,48.729687],[129.397818,49.4406],[127.6574,49.76027],[127.287456,50.739797],[126.939157,51.353894],[126.564399,51.784255],[125.946349,52.792799],[125.068211,53.161045],[123.57147,53.4588],[122.245748,53.431726],[121.003085,53.251401],[120.177089,52.753886],[120.725789,52.516226],[120.7382,51.96411],[120.18208,51.64355],[119.27939,50.58292],[119.288461,50.142883],[117.879244,49.510983],[116.678801,49.888531],[115.485695,49.805177],[114.96211,50.140247],[114.362456,50.248303],[112.89774,49.543565],[111.581231,49.377968],[110.662011,49.130128],[109.402449,49.292961],[108.475167,49.282548],[107.868176,49.793705],[106.888804,50.274296],[105.886591,50.406019],[104.62158,50.27532],[103.676545,50.089966],[102.25589,50.51056],[102.06521,51.25991],[100.88948,51.516856],[99.981732,51.634006],[98.861491,52.047366],[97.82574,51.010995],[98.231762,50.422401],[97.25976,49.72605],[95.81402,49.97746],[94.815949,50.013433],[94.147566,50.480537],[93.10421,50.49529],[92.234712,50.802171],[90.713667,50.331812],[88.805567,49.470521],[87.751264,49.297198],[87.35997,49.214981],[86.829357,49.826675],[85.54127,49.692859],[85.11556,50.117303],[84.416377,50.3114],[83.935115,50.889246],[83.383004,51.069183],[81.945986,50.812196],[80.568447,51.388336],[80.03556,50.864751],[77.800916,53.404415],[76.525179,54.177003],[76.8911,54.490524],[74.38482,53.54685],[73.425679,53.48981],[73.508516,54.035617],[72.22415,54.376655],[71.180131,54.133285],[70.865267,55.169734],[69.068167,55.38525],[68.1691,54.970392],[65.66687,54.60125],[65.178534,54.354228],[61.4366,54.00625],[60.978066,53.664993],[61.699986,52.979996],[60.739993,52.719986],[60.927269,52.447548],[59.967534,51.96042],[61.588003,51.272659],[61.337424,50.79907],[59.932807,50.842194],[59.642282,50.545442],[58.36332,51.06364],[56.77798,51.04355],[55.71694,50.62171],[54.532878,51.02624],[52.328724,51.718652],[50.766648,51.692762],[48.702382,50.605128],[48.577841,49.87476],[47.54948,50.454698],[46.751596,49.356006],[47.043672,49.152039],[46.466446,48.394152],[47.31524,47.71585],[48.05725,47.74377],[48.694734,47.075628],[48.59325,46.56104],[49.10116,46.39933]]],[[[93.77766,81.0246],[95.940895,81.2504],[97.88385,80.746975],[100.186655,79.780135],[99.93976,78.88094],[97.75794,78.7562],[94.97259,79.044745],[93.31288,79.4265],[92.5454,80.14379],[91.18107,80.34146],[93.77766,81.0246]]],[[[102.837815,79.28129],[105.37243,78.71334],[105.07547,78.30689],[99.43814,77.921],[101.2649,79.23399],[102.08635,79.34641],[102.837815,79.28129]]],[[[138.831075,76.13676],[141.471615,76.09289],[145.086285,75.562625],[144.3,74.82],[140.61381,74.84768],[138.95544,74.61148],[136.97439,75.26167],[137.51176,75.94917],[138.831075,76.13676]]],[[[148.22223,75.345845],[150.73167,75.08406],[149.575925,74.68892],[147.977465,74.778355],[146.11919,75.17298],[146.358485,75.49682],[148.22223,75.345845]]],[[[139.86312,73.36983],[140.81171,73.76506],[142.06207,73.85758],[143.48283,73.47525],[143.60385,73.21244],[142.08763,73.20544],[140.038155,73.31692],[139.86312,73.36983]]],[[[44.846958,80.58981],[46.799139,80.771918],[48.318477,80.78401],[48.522806,80.514569],[49.09719,80.753986],[50.039768,80.918885],[51.522933,80.699726],[51.136187,80.54728],[49.793685,80.415428],[48.894411,80.339567],[48.754937,80.175468],[47.586119,80.010181],[46.502826,80.247247],[47.072455,80.559424],[44.846958,80.58981]]],[[[22.731099,54.327537],[20.892245,54.312525],[19.66064,54.426084],[19.888481,54.86616],[21.268449,55.190482],[22.315724,55.015299],[22.757764,54.856574],[22.651052,54.582741],[22.731099,54.327537]]],[[[53.50829,73.749814],[55.902459,74.627486],[55.631933,75.081412],[57.868644,75.60939],[61.170044,76.251883],[64.498368,76.439055],[66.210977,76.809782],[68.15706,76.939697],[68.852211,76.544811],[68.180573,76.233642],[64.637326,75.737755],[61.583508,75.260885],[58.477082,74.309056],[56.986786,73.333044],[55.419336,72.371268],[55.622838,71.540595],[57.535693,70.720464],[56.944979,70.632743],[53.677375,70.762658],[53.412017,71.206662],[51.601895,71.474759],[51.455754,72.014881],[52.478275,72.229442],[52.444169,72.774731],[54.427614,73.627548],[53.50829,73.749814]]],[[[142.914616,53.704578],[143.260848,52.74076],[143.235268,51.75666],[143.648007,50.7476],[144.654148,48.976391],[143.173928,49.306551],[142.558668,47.861575],[143.533492,46.836728],[143.505277,46.137908],[142.747701,46.740765],[142.09203,45.966755],[141.906925,46.805929],[142.018443,47.780133],[141.904445,48.859189],[142.1358,49.615163],[142.179983,50.952342],[141.594076,51.935435],[141.682546,53.301966],[142.606934,53.762145],[142.209749,54.225476],[142.654786,54.365881],[142.914616,53.704578]]],[[[-174.92825,67.20589],[-175.01425,66.58435],[-174.33983,66.33556],[-174.57182,67.06219],[-171.85731,66.91308],[-169.89958,65.97724],[-170.89107,65.54139],[-172.53025,65.43791],[-172.555,64.46079],[-172.95533,64.25269],[-173.89184,64.2826],[-174.65392,64.63125],[-175.98353,64.92288],[-176.20716,65.35667],[-177.22266,65.52024],[-178.35993,65.39052],[-178.90332,65.74044],[-178.68611,66.11211],[-179.88377,65.87456],[-179.43268,65.40411],[-180,64.979709],[-180,68.963636],[-177.55,68.2],[-174.92825,67.20589]]],[[[-178.69378,70.89302],[-180,70.832199],[-180,71.515714],[-179.871875,71.55762],[-179.02433,71.55553],[-177.577945,71.26948],[-177.663575,71.13277],[-178.69378,70.89302]]],[[[33.435988,45.971917],[33.699462,46.219573],[34.410402,46.005162],[34.732017,45.965666],[34.861792,45.768182],[35.012659,45.737725],[35.020788,45.651219],[35.510009,45.409993],[36.529998,45.46999],[36.334713,45.113216],[35.239999,44.939996],[33.882511,44.361479],[33.326421,44.564877],[33.546924,45.034771],[32.454174,45.327466],[32.630804,45.519186],[33.588162,45.851569],[33.435988,45.971917]]]]},"properties":{}},{"type":"Feature","geometry":{"type":"MultiPolygon","coordinates":[[[[-78.98,26.79],[-78.51,26.87],[-77.85,26.84],[-77.82,26.58],[-78.91,26.42],[-78.98,26.79]]],[[[-77.79,27.04],[-77,26.59],[-77.17255,25.87918],[-77.35641,26.00735],[-77.34,26.53],[-77.78802,26.92516],[-77.79,27.04]]],[[[-78.19087,25.2103],[-77.89,25.17],[-77.54,24.34],[-77.53466,23.75975],[-77.78,23.71],[-78.03405,24.28615],[-78.40848,24.57564],[-78.19087,25.2103]]]]},"properties":{}},{"type":"Feature","geometry":{"type":"Polygon","coordinates":[[[-61.2,-51.85],[-60,-51.25],[-59.15,-51.5],[-58.55,-51.1],[-57.75,-51.55],[-58.05,-51.9],[-59.4,-52.2],[-59.85,-51.85],[-60.7,-52.3],[-61.2,-51.85]]]},"properties":{}},{"type":"Feature","geometry":{"type":"MultiPolygon","coordinates":[[[[15.14282,79.67431],[15.52255,80.01608],[16.99085,80.05086],[18.25183,79.70175],[21.54383,78.95611],[19.02737,78.5626],[18.47172,77.82669],[17.59441,77.63796],[17.1182,76.80941],[15.91315,76.77045],[13.76259,77.38035],[14.66956,77.73565],[13.1706,78.02493],[11.22231,78.8693],[10.44453,79.65239],[13.17077,80.01046],[13.71852,79.66039],[15.14282,79.67431]]],[[[31.101042,69.558101],[29.39955,69.15692],[28.59193,69.064777],[29.015573,69.766491],[27.732292,70.164193],[26.179622,69.825299],[25.689213,69.092114],[24.735679,68.649557],[23.66205,68.891247],[22.356238,68.841741],[21.244936,69.370443],[20.645593,69.106247],[20.025269,69.065139],[19.87856,68.407194],[17.993868,68.567391],[17.729182,68.010552],[16.768879,68.013937],[16.108712,67.302456],[15.108411,66.193867],[13.55569,64.787028],[13.919905,64.445421],[13.571916,64.049114],[12.579935,64.066219],[11.930569,63.128318],[11.992064,61.800362],[12.631147,61.293572],[12.300366,60.117933],[11.468272,59.432393],[11.027369,58.856149],[10.356557,59.469807],[8.382,58.313288],[7.048748,58.078884],[5.665835,58.588155],[5.308234,59.663232],[4.992078,61.970998],[5.9129,62.614473],[8.553411,63.454008],[10.527709,64.486038],[12.358347,65.879726],[14.761146,67.810642],[16.435927,68.563205],[19.184028,69.817444],[21.378416,70.255169],[23.023742,70.202072],[24.546543,71.030497],[26.37005,70.986262],[28.165547,71.185474],[31.293418,70.453788],[30.005435,70.186259],[31.101042,69.558101]]],[[[27.407506,80.056406],[25.924651,79.517834],[23.024466,79.400012],[20.075188,79.566823],[19.897266,79.842362],[18.462264,79.85988],[17.368015,80.318896],[20.455992,80.598156],[21.907945,80.357679],[22.919253,80.657144],[25.447625,80.40734],[27.407506,80.056406]]],[[[24.72412,77.85385],[22.49032,77.44493],[20.72601,77.67704],[21.41611,77.93504],[20.8119,78.25463],[22.88426,78.45494],[23.28134,78.07954],[24.72412,77.85385]]]]},"properties":{}},{"type":"Feature","geometry":{"type":"Polygon","coordinates":[[[-46.76379,82.62796],[-43.40644,83.22516],[-39.89753,83.18018],[-38.62214,83.54905],[-35.08787,83.64513],[-27.10046,83.51966],[-20.84539,82.72669],[-22.69182,82.34165],[-26.51753,82.29765],[-31.9,82.2],[-31.39646,82.02154],[-27.85666,82.13178],[-24.84448,81.78697],[-22.90328,82.09317],[-22.07175,81.73449],[-23.16961,81.15271],[-20.62363,81.52462],[-15.76818,81.91245],[-12.77018,81.71885],[-12.20855,81.29154],[-16.28533,80.58004],[-16.85,80.35],[-20.04624,80.17708],[-17.73035,80.12912],[-18.9,79.4],[-19.70499,78.75128],[-19.67353,77.63859],[-18.47285,76.98565],[-20.03503,76.94434],[-21.67944,76.62795],[-19.83407,76.09808],[-19.59896,75.24838],[-20.66818,75.15585],[-19.37281,74.29561],[-21.59422,74.22382],[-20.43454,73.81713],[-20.76234,73.46436],[-22.17221,73.30955],[-23.56593,73.30663],[-22.31311,72.62928],[-22.29954,72.18409],[-24.27834,72.59788],[-24.79296,72.3302],[-23.44296,72.08016],[-22.13281,71.46898],[-21.75356,70.66369],[-23.53603,70.471],[-24.30702,70.85649],[-25.54341,71.43094],[-25.20135,70.75226],[-26.36276,70.22646],[-23.72742,70.18401],[-22.34902,70.12946],[-25.02927,69.2588],[-27.74737,68.47046],[-30.67371,68.12503],[-31.77665,68.12078],[-32.81105,67.73547],[-34.20196,66.67974],[-36.35284,65.9789],[-37.04378,65.93768],[-38.37505,65.69213],[-39.81222,65.45848],[-40.66899,64.83997],[-40.68281,64.13902],[-41.1887,63.48246],[-42.81938,62.68233],[-42.41666,61.90093],[-42.86619,61.07404],[-43.3784,60.09772],[-44.7875,60.03676],[-46.26364,60.85328],[-48.26294,60.85843],[-49.23308,61.40681],[-49.90039,62.38336],[-51.63325,63.62691],[-52.14014,64.27842],[-52.27659,65.1767],[-53.66166,66.09957],[-53.30161,66.8365],[-53.96911,67.18899],[-52.9804,68.35759],[-51.47536,68.72958],[-51.08041,69.14781],[-50.87122,69.9291],[-52.013585,69.574925],[-52.55792,69.42616],[-53.45629,69.283625],[-54.68336,69.61003],[-54.75001,70.28932],[-54.35884,70.821315],[-53.431315,70.835755],[-51.39014,70.56978],[-53.10937,71.20485],[-54.00422,71.54719],[-55,71.406537],[-55.83468,71.65444],[-54.71819,72.58625],[-55.32634,72.95861],[-56.12003,73.64977],[-57.32363,74.71026],[-58.59679,75.09861],[-58.58516,75.51727],[-61.26861,76.10238],[-63.39165,76.1752],[-66.06427,76.13486],[-68.50438,76.06141],[-69.66485,76.37975],[-71.40257,77.00857],[-68.77671,77.32312],[-66.76397,77.37595],[-71.04293,77.63595],[-73.297,78.04419],[-73.15938,78.43271],[-69.37345,78.91388],[-65.7107,79.39436],[-65.3239,79.75814],[-68.02298,80.11721],[-67.15129,80.51582],[-63.68925,81.21396],[-62.23444,81.3211],[-62.65116,81.77042],[-60.28249,82.03363],[-57.20744,82.19074],[-54.13442,82.19962],[-53.04328,81.88833],[-50.39061,82.43883],[-48.00386,82.06481],[-46.59984,81.985945],[-44.523,81.6607],[-46.9007,82.19979],[-46.76379,82.62796]]]},"properties":{}},{"type":"Feature","geometry":{"type":"Polygon","coordinates":[[[68.935,-48.625],[69.58,-48.94],[70.525,-49.065],[70.56,-49.255],[70.28,-49.71],[68.745,-49.775],[68.72,-49.2425],[68.8675,-48.83],[68.935,-48.625]]]},"properties":{}},{"type":"Feature","geometry":{"type":"Polygon","coordinates":[[[124.968682,-8.89279],[125.086246,-8.656887],[125.947072,-8.432095],[126.644704,-8.398247],[126.957243,-8.273345],[127.335928,-8.397317],[126.967992,-8.668256],[125.925885,-9.106007],[125.08852,-9.393173],[125.07002,-9.089987],[124.968682,-8.89279]]]},"properties":{}},{"type":"Feature","geometry":{"type":"Polygon","coordinates":[[[16.344977,-28.576705],[16.824017,-28.082162],[17.218929,-28.355943],[17.387497,-28.783514],[17.836152,-28.856378],[18.464899,-29.045462],[19.002127,-28.972443],[19.894734,-28.461105],[19.895768,-24.76779],[20.165726,-24.917962],[20.758609,-25.868136],[20.66647,-26.477453],[20.889609,-26.828543],[21.605896,-26.726534],[22.105969,-26.280256],[22.579532,-25.979448],[22.824271,-25.500459],[23.312097,-25.26869],[23.73357,-25.390129],[24.211267,-25.670216],[25.025171,-25.71967],[25.664666,-25.486816],[25.765849,-25.174845],[25.941652,-24.696373],[26.485753,-24.616327],[26.786407,-24.240691],[27.11941,-23.574323],[28.017236,-22.827754],[29.432188,-22.091313],[29.839037,-22.102216],[30.322883,-22.271612],[30.659865,-22.151567],[31.191409,-22.25151],[31.670398,-23.658969],[31.930589,-24.369417],[31.752408,-25.484284],[31.837778,-25.843332],[31.333158,-25.660191],[31.04408,-25.731452],[30.949667,-26.022649],[30.676609,-26.398078],[30.685962,-26.743845],[31.282773,-27.285879],[31.86806,-27.177927],[32.071665,-26.73382],[32.83012,-26.742192],[32.580265,-27.470158],[32.462133,-28.301011],[32.203389,-28.752405],[31.521001,-29.257387],[31.325561,-29.401978],[30.901763,-29.909957],[30.622813,-30.423776],[30.055716,-31.140269],[28.925553,-32.172041],[28.219756,-32.771953],[27.464608,-33.226964],[26.419452,-33.61495],[25.909664,-33.66704],[25.780628,-33.944646],[25.172862,-33.796851],[24.677853,-33.987176],[23.594043,-33.794474],[22.988189,-33.916431],[22.574157,-33.864083],[21.542799,-34.258839],[20.689053,-34.417175],[20.071261,-34.795137],[19.616405,-34.819166],[19.193278,-34.462599],[18.855315,-34.444306],[18.424643,-33.997873],[18.377411,-34.136521],[18.244499,-33.867752],[18.25008,-33.281431],[17.92519,-32.611291],[18.24791,-32.429131],[18.221762,-31.661633],[17.566918,-30.725721],[17.064416,-29.878641],[17.062918,-29.875954],[16.344977,-28.576705]],[[28.978263,-28.955597],[28.5417,-28.647502],[28.074338,-28.851469],[27.532511,-29.242711],[26.999262,-29.875954],[27.749397,-30.645106],[28.107205,-30.545732],[28.291069,-30.226217],[28.8484,-30.070051],[29.018415,-29.743766],[29.325166,-29.257387],[28.978263,-28.955597]]]},"properties":{}},{"type":"Feature","geometry":{"type":"Polygon","coordinates":[[[28.978263,-28.955597],[29.325166,-29.257387],[29.018415,-29.743766],[28.8484,-30.070051],[28.291069,-30.226217],[28.107205,-30.545732],[27.749397,-30.645106],[26.999262,-29.875954],[27.532511,-29.242711],[28.074338,-28.851469],[28.5417,-28.647502],[28.978263,-28.955597]]]},"properties":{}},{"type":"Feature","geometry":{"type":"Polygon","coordinates":[[[-117.12776,32.53534],[-115.99135,32.61239],[-114.72139,32.72083],[-114.815,32.52528],[-113.30498,32.03914],[-111.02361,31.33472],[-109.035,31.34194],[-108.24194,31.34222],[-108.24,31.754854],[-106.50759,31.75452],[-106.1429,31.39995],[-105.63159,31.08383],[-105.03737,30.64402],[-104.70575,30.12173],[-104.45697,29.57196],[-103.94,29.27],[-103.11,28.97],[-102.48,29.76],[-101.6624,29.7793],[-100.9576,29.38071],[-100.45584,28.69612],[-100.11,28.11],[-99.52,27.54],[-99.3,26.84],[-99.02,26.37],[-98.24,26.06],[-97.53,25.84],[-97.140008,25.869997],[-97.528072,24.992144],[-97.702946,24.272343],[-97.776042,22.93258],[-97.872367,22.444212],[-97.699044,21.898689],[-97.38896,21.411019],[-97.189333,20.635433],[-96.525576,19.890931],[-96.292127,19.320371],[-95.900885,18.828024],[-94.839063,18.562717],[-94.42573,18.144371],[-93.548651,18.423837],[-92.786114,18.524839],[-92.037348,18.704569],[-91.407903,18.876083],[-90.77187,19.28412],[-90.53359,19.867418],[-90.451476,20.707522],[-90.278618,20.999855],[-89.601321,21.261726],[-88.543866,21.493675],[-87.658417,21.458846],[-87.05189,21.543543],[-86.811982,21.331515],[-86.845908,20.849865],[-87.383291,20.255405],[-87.621054,19.646553],[-87.43675,19.472403],[-87.58656,19.04013],[-87.837191,18.259816],[-88.090664,18.516648],[-88.300031,18.499982],[-88.490123,18.486831],[-88.848344,17.883198],[-89.029857,18.001511],[-89.150909,17.955468],[-89.14308,17.808319],[-90.067934,17.819326],[-91.00152,17.817595],[-91.002269,17.254658],[-91.453921,17.252177],[-91.08167,16.918477],[-90.711822,16.687483],[-90.600847,16.470778],[-90.438867,16.41011],[-90.464473,16.069562],[-91.74796,16.066565],[-92.229249,15.251447],[-92.087216,15.064585],[-92.20323,14.830103],[-92.22775,14.538829],[-93.359464,15.61543],[-93.875169,15.940164],[-94.691656,16.200975],[-95.250227,16.128318],[-96.053382,15.752088],[-96.557434,15.653515],[-97.263592,15.917065],[-98.01303,16.107312],[-98.947676,16.566043],[-99.697397,16.706164],[-100.829499,17.171071],[-101.666089,17.649026],[-101.918528,17.91609],[-102.478132,17.975751],[-103.50099,18.292295],[-103.917527,18.748572],[-104.99201,19.316134],[-105.493038,19.946767],[-105.731396,20.434102],[-105.397773,20.531719],[-105.500661,20.816895],[-105.270752,21.076285],[-105.265817,21.422104],[-105.603161,21.871146],[-105.693414,22.26908],[-106.028716,22.773752],[-106.90998,23.767774],[-107.915449,24.548915],[-108.401905,25.172314],[-109.260199,25.580609],[-109.444089,25.824884],[-109.291644,26.442934],[-109.801458,26.676176],[-110.391732,27.162115],[-110.641019,27.859876],[-111.178919,27.941241],[-111.759607,28.467953],[-112.228235,28.954409],[-112.271824,29.266844],[-112.809594,30.021114],[-113.163811,30.786881],[-113.148669,31.170966],[-113.871881,31.567608],[-114.205737,31.524045],[-114.776451,31.799532],[-114.9367,31.393485],[-114.771232,30.913617],[-114.673899,30.162681],[-114.330974,29.750432],[-113.588875,29.061611],[-113.424053,28.826174],[-113.271969,28.754783],[-113.140039,28.411289],[-112.962298,28.42519],[-112.761587,27.780217],[-112.457911,27.525814],[-112.244952,27.171727],[-111.616489,26.662817],[-111.284675,25.73259],[-110.987819,25.294606],[-110.710007,24.826004],[-110.655049,24.298595],[-110.172856,24.265548],[-109.771847,23.811183],[-109.409104,23.364672],[-109.433392,23.185588],[-109.854219,22.818272],[-110.031392,22.823078],[-110.295071,23.430973],[-110.949501,24.000964],[-111.670568,24.484423],[-112.182036,24.738413],[-112.148989,25.470125],[-112.300711,26.012004],[-112.777297,26.32196],[-113.464671,26.768186],[-113.59673,26.63946],[-113.848937,26.900064],[-114.465747,27.14209],[-115.055142,27.722727],[-114.982253,27.7982],[-114.570366,27.741485],[-114.199329,28.115003],[-114.162018,28.566112],[-114.931842,29.279479],[-115.518654,29.556362],[-115.887365,30.180794],[-116.25835,30.836464],[-116.721526,31.635744],[-117.12776,32.53534]]]},"properties":{}},{"type":"Feature","geometry":{"type":"Polygon","coordinates":[[[-57.625133,-30.216295],[-56.976026,-30.109686],[-55.973245,-30.883076],[-55.60151,-30.853879],[-54.572452,-31.494511],[-53.787952,-32.047243],[-53.209589,-32.727666],[-53.650544,-33.202004],[-53.373662,-33.768378],[-53.806426,-34.396815],[-54.935866,-34.952647],[-55.67409,-34.752659],[-56.215297,-34.859836],[-57.139685,-34.430456],[-57.817861,-34.462547],[-58.427074,-33.909454],[-58.349611,-33.263189],[-58.132648,-33.040567],[-58.14244,-32.044504],[-57.874937,-31.016556],[-57.625133,-30.216295]]]},"properties":{}},{"type":"Feature","geometry":{"type":"Polygon","coordinates":[[[-53.373662,-33.768378],[-53.650544,-33.202004],[-53.209589,-32.727666],[-53.787952,-32.047243],[-54.572452,-31.494511],[-55.60151,-30.853879],[-55.973245,-30.883076],[-56.976026,-30.109686],[-57.625133,-30.216295],[-56.2909,-28.852761],[-55.162286,-27.881915],[-54.490725,-27.474757],[-53.648735,-26.923473],[-53.628349,-26.124865],[-54.13005,-25.547639],[-54.625291,-25.739255],[-54.428946,-25.162185],[-54.293476,-24.5708],[-54.29296,-24.021014],[-54.652834,-23.839578],[-55.027902,-24.001274],[-55.400747,-23.956935],[-55.517639,-23.571998],[-55.610683,-22.655619],[-55.797958,-22.35693],[-56.473317,-22.0863],[-56.88151,-22.282154],[-57.937156,-22.090176],[-57.870674,-20.732688],[-58.166392,-20.176701],[-57.853802,-19.969995],[-57.949997,-19.400004],[-57.676009,-18.96184],[-57.498371,-18.174188],[-57.734558,-17.552468],[-58.280804,-17.27171],[-58.388058,-16.877109],[-58.24122,-16.299573],[-60.15839,-16.258284],[-60.542966,-15.09391],[-60.251149,-15.077219],[-60.264326,-14.645979],[-60.459198,-14.354007],[-60.503304,-13.775955],[-61.084121,-13.479384],[-61.713204,-13.489202],[-62.127081,-13.198781],[-62.80306,-13.000653],[-63.196499,-12.627033],[-64.316353,-12.461978],[-65.402281,-11.56627],[-65.321899,-10.895872],[-65.444837,-10.511451],[-65.338435,-9.761988],[-66.646908,-9.931331],[-67.173801,-10.306812],[-68.048192,-10.712059],[-68.271254,-11.014521],[-68.786158,-11.03638],[-69.529678,-10.951734],[-70.093752,-11.123972],[-70.548686,-11.009147],[-70.481894,-9.490118],[-71.302412,-10.079436],[-72.184891,-10.053598],[-72.563033,-9.520194],[-73.226713,-9.462213],[-73.015383,-9.032833],[-73.571059,-8.424447],[-73.987235,-7.52383],[-73.723401,-7.340999],[-73.724487,-6.918595],[-73.120027,-6.629931],[-73.219711,-6.089189],[-72.964507,-5.741251],[-72.891928,-5.274561],[-71.748406,-4.593983],[-70.928843,-4.401591],[-70.794769,-4.251265],[-69.893635,-4.298187],[-69.444102,-1.556287],[-69.420486,-1.122619],[-69.577065,-0.549992],[-70.020656,-0.185156],[-70.015566,0.541414],[-69.452396,0.706159],[-69.252434,0.602651],[-69.218638,0.985677],[-69.804597,1.089081],[-69.816973,1.714805],[-67.868565,1.692455],[-67.53781,2.037163],[-67.259998,1.719999],[-67.065048,1.130112],[-66.876326,1.253361],[-66.325765,0.724452],[-65.548267,0.789254],[-65.354713,1.095282],[-64.611012,1.328731],[-64.199306,1.492855],[-64.083085,1.916369],[-63.368788,2.2009],[-63.422867,2.411068],[-64.269999,2.497006],[-64.408828,3.126786],[-64.368494,3.79721],[-64.816064,4.056445],[-64.628659,4.148481],[-63.888343,4.02053],[-63.093198,3.770571],[-62.804533,4.006965],[-62.08543,4.162124],[-60.966893,4.536468],[-60.601179,4.918098],[-60.733574,5.200277],[-60.213683,5.244486],[-59.980959,5.014061],[-60.111002,4.574967],[-59.767406,4.423503],[-59.53804,3.958803],[-59.815413,3.606499],[-59.974525,2.755233],[-59.718546,2.24963],[-59.646044,1.786894],[-59.030862,1.317698],[-58.540013,1.268088],[-58.429477,1.463942],[-58.11345,1.507195],[-57.660971,1.682585],[-57.335823,1.948538],[-56.782704,1.863711],[-56.539386,1.899523],[-55.995698,1.817667],[-55.9056,2.021996],[-56.073342,2.220795],[-55.973322,2.510364],[-55.569755,2.421506],[-55.097587,2.523748],[-54.524754,2.311849],[-54.088063,2.105557],[-53.778521,2.376703],[-53.554839,2.334897],[-53.418465,2.053389],[-52.939657,2.124858],[-52.556425,2.504705],[-52.249338,3.241094],[-51.657797,4.156232],[-51.317146,4.203491],[-51.069771,3.650398],[-50.508875,1.901564],[-49.974076,1.736483],[-49.947101,1.04619],[-50.699251,0.222984],[-50.388211,-0.078445],[-48.620567,-0.235489],[-48.584497,-1.237805],[-47.824956,-0.581618],[-46.566584,-0.941028],[-44.905703,-1.55174],[-44.417619,-2.13775],[-44.581589,-2.691308],[-43.418791,-2.38311],[-41.472657,-2.912018],[-39.978665,-2.873054],[-38.500383,-3.700652],[-37.223252,-4.820946],[-36.452937,-5.109404],[-35.597796,-5.149504],[-35.235389,-5.464937],[-34.89603,-6.738193],[-34.729993,-7.343221],[-35.128212,-8.996401],[-35.636967,-9.649282],[-37.046519,-11.040721],[-37.683612,-12.171195],[-38.423877,-13.038119],[-38.673887,-13.057652],[-38.953276,-13.79337],[-38.882298,-15.667054],[-39.161092,-17.208407],[-39.267339,-17.867746],[-39.583521,-18.262296],[-39.760823,-19.599113],[-40.774741,-20.904512],[-40.944756,-21.937317],[-41.754164,-22.370676],[-41.988284,-22.97007],[-43.074704,-22.967693],[-44.647812,-23.351959],[-45.352136,-23.796842],[-46.472093,-24.088969],[-47.648972,-24.885199],[-48.495458,-25.877025],[-48.641005,-26.623698],[-48.474736,-27.175912],[-48.66152,-28.186135],[-48.888457,-28.674115],[-49.587329,-29.224469],[-50.696874,-30.984465],[-51.576226,-31.777698],[-52.256081,-32.24537],[-52.7121,-33.196578],[-53.373662,-33.768378]]]},"properties":{}},{"type":"Feature","geometry":{"type":"Polygon","coordinates":[[[-69.529678,-10.951734],[-68.786158,-11.03638],[-68.271254,-11.014521],[-68.048192,-10.712059],[-67.173801,-10.306812],[-66.646908,-9.931331],[-65.338435,-9.761988],[-65.444837,-10.511451],[-65.321899,-10.895872],[-65.402281,-11.56627],[-64.316353,-12.461978],[-63.196499,-12.627033],[-62.80306,-13.000653],[-62.127081,-13.198781],[-61.713204,-13.489202],[-61.084121,-13.479384],[-60.503304,-13.775955],[-60.459198,-14.354007],[-60.264326,-14.645979],[-60.251149,-15.077219],[-60.542966,-15.09391],[-60.15839,-16.258284],[-58.24122,-16.299573],[-58.388058,-16.877109],[-58.280804,-17.27171],[-57.734558,-17.552468],[-57.498371,-18.174188],[-57.676009,-18.96184],[-57.949997,-19.400004],[-57.853802,-19.969995],[-58.166392,-20.176701],[-58.183471,-19.868399],[-59.115042,-19.356906],[-60.043565,-19.342747],[-61.786326,-19.633737],[-62.265961,-20.513735],[-62.291179,-21.051635],[-62.685057,-22.249029],[-62.846468,-22.034985],[-63.986838,-21.993644],[-64.377021,-22.798091],[-64.964892,-22.075862],[-66.273339,-21.83231],[-67.106674,-22.735925],[-67.82818,-22.872919],[-68.219913,-21.494347],[-68.757167,-20.372658],[-68.442225,-19.405068],[-68.966818,-18.981683],[-69.100247,-18.260125],[-69.590424,-17.580012],[-68.959635,-16.500698],[-69.389764,-15.660129],[-69.160347,-15.323974],[-69.339535,-14.953195],[-68.948887,-14.453639],[-68.929224,-13.602684],[-68.88008,-12.899729],[-68.66508,-12.5613],[-69.529678,-10.951734]]]},"properties":{}},{"type":"Feature","geometry":{"type":"Polygon","coordinates":[[[-69.893635,-4.298187],[-70.794769,-4.251265],[-70.928843,-4.401591],[-71.748406,-4.593983],[-72.891928,-5.274561],[-72.964507,-5.741251],[-73.219711,-6.089189],[-73.120027,-6.629931],[-73.724487,-6.918595],[-73.723401,-7.340999],[-73.987235,-7.52383],[-73.571059,-8.424447],[-73.015383,-9.032833],[-73.226713,-9.462213],[-72.563033,-9.520194],[-72.184891,-10.053598],[-71.302412,-10.079436],[-70.481894,-9.490118],[-70.548686,-11.009147],[-70.093752,-11.123972],[-69.529678,-10.951734],[-68.66508,-12.5613],[-68.88008,-12.899729],[-68.929224,-13.602684],[-68.948887,-14.453639],[-69.339535,-14.953195],[-69.160347,-15.323974],[-69.389764,-15.660129],[-68.959635,-16.500698],[-69.590424,-17.580012],[-69.858444,-18.092694],[-70.372572,-18.347975],[-71.37525,-17.773799],[-71.462041,-17.363488],[-73.44453,-16.359363],[-75.237883,-15.265683],[-76.009205,-14.649286],[-76.423469,-13.823187],[-76.259242,-13.535039],[-77.106192,-12.222716],[-78.092153,-10.377712],[-79.036953,-8.386568],[-79.44592,-7.930833],[-79.760578,-7.194341],[-80.537482,-6.541668],[-81.249996,-6.136834],[-80.926347,-5.690557],[-81.410943,-4.736765],[-81.09967,-4.036394],[-80.302561,-3.404856],[-80.184015,-3.821162],[-80.469295,-4.059287],[-80.442242,-4.425724],[-80.028908,-4.346091],[-79.624979,-4.454198],[-79.205289,-4.959129],[-78.639897,-4.547784],[-78.450684,-3.873097],[-77.837905,-3.003021],[-76.635394,-2.608678],[-75.544996,-1.56161],[-75.233723,-0.911417],[-75.373223,-0.152032],[-75.106625,-0.057205],[-74.441601,-0.53082],[-74.122395,-1.002833],[-73.659504,-1.260491],[-73.070392,-2.308954],[-72.325787,-2.434218],[-71.774761,-2.16979],[-71.413646,-2.342802],[-70.813476,-2.256865],[-70.047709,-2.725156],[-70.692682,-3.742872],[-70.394044,-3.766591],[-69.893635,-4.298187]]]},"properties":{}},{"type":"Feature","geometry":{"type":"Polygon","coordinates":[[[-66.876326,1.253361],[-67.065048,1.130112],[-67.259998,1.719999],[-67.53781,2.037163],[-67.868565,1.692455],[-69.816973,1.714805],[-69.804597,1.089081],[-69.218638,0.985677],[-69.252434,0.602651],[-69.452396,0.706159],[-70.015566,0.541414],[-70.020656,-0.185156],[-69.577065,-0.549992],[-69.420486,-1.122619],[-69.444102,-1.556287],[-69.893635,-4.298187],[-70.394044,-3.766591],[-70.692682,-3.742872],[-70.047709,-2.725156],[-70.813476,-2.256865],[-71.413646,-2.342802],[-71.774761,-2.16979],[-72.325787,-2.434218],[-73.070392,-2.308954],[-73.659504,-1.260491],[-74.122395,-1.002833],[-74.441601,-0.53082],[-75.106625,-0.057205],[-75.373223,-0.152032],[-75.801466,0.084801],[-76.292314,0.416047],[-76.57638,0.256936],[-77.424984,0.395687],[-77.668613,0.825893],[-77.855061,0.809925],[-78.855259,1.380924],[-78.990935,1.69137],[-78.617831,1.766404],[-78.662118,2.267355],[-78.42761,2.629556],[-77.931543,2.696606],[-77.510431,3.325017],[-77.12769,3.849636],[-77.496272,4.087606],[-77.307601,4.667984],[-77.533221,5.582812],[-77.318815,5.845354],[-77.476661,6.691116],[-77.881571,7.223771],[-77.753414,7.70984],[-77.431108,7.638061],[-77.242566,7.935278],[-77.474723,8.524286],[-77.353361,8.670505],[-76.836674,8.638749],[-76.086384,9.336821],[-75.6746,9.443248],[-75.664704,9.774003],[-75.480426,10.61899],[-74.906895,11.083045],[-74.276753,11.102036],[-74.197223,11.310473],[-73.414764,11.227015],[-72.627835,11.731972],[-72.238195,11.95555],[-71.75409,12.437303],[-71.399822,12.376041],[-71.137461,12.112982],[-71.331584,11.776284],[-71.973922,11.608672],[-72.227575,11.108702],[-72.614658,10.821975],[-72.905286,10.450344],[-73.027604,9.73677],[-73.304952,9.152],[-72.78873,9.085027],[-72.660495,8.625288],[-72.439862,8.405275],[-72.360901,8.002638],[-72.479679,7.632506],[-72.444487,7.423785],[-72.198352,7.340431],[-71.960176,6.991615],[-70.674234,7.087785],[-70.093313,6.960376],[-69.38948,6.099861],[-68.985319,6.206805],[-68.265052,6.153268],[-67.695087,6.267318],[-67.34144,6.095468],[-67.521532,5.55687],[-67.744697,5.221129],[-67.823012,4.503937],[-67.621836,3.839482],[-67.337564,3.542342],[-67.303173,3.318454],[-67.809938,2.820655],[-67.447092,2.600281],[-67.181294,2.250638],[-66.876326,1.253361]]]},"properties":{}},{"type":"Feature","geometry":{"type":"Polygon","coordinates":[[[-77.353361,8.670505],[-77.474723,8.524286],[-77.242566,7.935278],[-77.431108,7.638061],[-77.753414,7.70984],[-77.881571,7.223771],[-78.214936,7.512255],[-78.429161,8.052041],[-78.182096,8.319182],[-78.435465,8.387705],[-78.622121,8.718124],[-79.120307,8.996092],[-79.557877,8.932375],[-79.760578,8.584515],[-80.164481,8.333316],[-80.382659,8.298409],[-80.480689,8.090308],[-80.00369,7.547524],[-80.276671,7.419754],[-80.421158,7.271572],[-80.886401,7.220541],[-81.059543,7.817921],[-81.189716,7.647906],[-81.519515,7.70661],[-81.721311,8.108963],[-82.131441,8.175393],[-82.390934,8.292362],[-82.820081,8.290864],[-82.850958,8.073823],[-82.965783,8.225028],[-82.913176,8.423517],[-82.829771,8.626295],[-82.868657,8.807266],[-82.719183,8.925709],[-82.927155,9.07433],[-82.932891,9.476812],[-82.546196,9.566135],[-82.187123,9.207449],[-82.207586,8.995575],[-81.808567,8.950617],[-81.714154,9.031955],[-81.439287,8.786234],[-80.947302,8.858504],[-80.521901,9.111072],[-79.9146,9.312765],[-79.573303,9.61161],[-79.021192,9.552931],[-79.05845,9.454565],[-78.500888,9.420459],[-78.055928,9.24773],[-77.729514,8.946844],[-77.353361,8.670505]]]},"properties":{}},{"type":"Feature","geometry":{"type":"Polygon","coordinates":[[[-82.546196,9.566135],[-82.932891,9.476812],[-82.927155,9.07433],[-82.719183,8.925709],[-82.868657,8.807266],[-82.829771,8.626295],[-82.913176,8.423517],[-82.965783,8.225028],[-83.508437,8.446927],[-83.711474,8.656836],[-83.596313,8.830443],[-83.632642,9.051386],[-83.909886,9.290803],[-84.303402,9.487354],[-84.647644,9.615537],[-84.713351,9.908052],[-84.97566,10.086723],[-84.911375,9.795992],[-85.110923,9.55704],[-85.339488,9.834542],[-85.660787,9.933347],[-85.797445,10.134886],[-85.791709,10.439337],[-85.659314,10.754331],[-85.941725,10.895278],[-85.71254,11.088445],[-85.561852,11.217119],[-84.903003,10.952303],[-84.673069,11.082657],[-84.355931,10.999226],[-84.190179,10.79345],[-83.895054,10.726839],[-83.655612,10.938764],[-83.40232,10.395438],[-83.015677,9.992982],[-82.546196,9.566135]]]},"properties":{}},{"type":"Feature","geometry":{"type":"Polygon","coordinates":[[[-83.655612,10.938764],[-83.895054,10.726839],[-84.190179,10.79345],[-84.355931,10.999226],[-84.673069,11.082657],[-84.903003,10.952303],[-85.561852,11.217119],[-85.71254,11.088445],[-86.058488,11.403439],[-86.52585,11.806877],[-86.745992,12.143962],[-87.167516,12.458258],[-87.668493,12.90991],[-87.557467,13.064552],[-87.392386,12.914018],[-87.316654,12.984686],[-87.005769,13.025794],[-86.880557,13.254204],[-86.733822,13.263093],[-86.755087,13.754845],[-86.520708,13.778487],[-86.312142,13.771356],[-86.096264,14.038187],[-85.801295,13.836055],[-85.698665,13.960078],[-85.514413,14.079012],[-85.165365,14.35437],[-85.148751,14.560197],[-85.052787,14.551541],[-84.924501,14.790493],[-84.820037,14.819587],[-84.649582,14.666805],[-84.449336,14.621614],[-84.228342,14.748764],[-83.975721,14.749436],[-83.628585,14.880074],[-83.489989,15.016267],[-83.147219,14.995829],[-83.233234,14.899866],[-83.284162,14.676624],[-83.182126,14.310703],[-83.4125,13.970078],[-83.519832,13.567699],[-83.552207,13.127054],[-83.498515,12.869292],[-83.473323,12.419087],[-83.626104,12.32085],[-83.719613,11.893124],[-83.650858,11.629032],[-83.85547,11.373311],[-83.808936,11.103044],[-83.655612,10.938764]]]},"properties":{}},{"type":"Feature","geometry":{"type":"Polygon","coordinates":[[[-83.147219,14.995829],[-83.489989,15.016267],[-83.628585,14.880074],[-83.975721,14.749436],[-84.228342,14.748764],[-84.449336,14.621614],[-84.649582,14.666805],[-84.820037,14.819587],[-84.924501,14.790493],[-85.052787,14.551541],[-85.148751,14.560197],[-85.165365,14.35437],[-85.514413,14.079012],[-85.698665,13.960078],[-85.801295,13.836055],[-86.096264,14.038187],[-86.312142,13.771356],[-86.520708,13.778487],[-86.755087,13.754845],[-86.733822,13.263093],[-86.880557,13.254204],[-87.005769,13.025794],[-87.316654,12.984686],[-87.489409,13.297535],[-87.793111,13.38448],[-87.723503,13.78505],[-87.859515,13.893312],[-88.065343,13.964626],[-88.503998,13.845486],[-88.541231,13.980155],[-88.843073,14.140507],[-89.058512,14.340029],[-89.353326,14.424133],[-89.145535,14.678019],[-89.22522,14.874286],[-89.154811,15.066419],[-88.68068,15.346247],[-88.225023,15.727722],[-88.121153,15.688655],[-87.901813,15.864458],[-87.61568,15.878799],[-87.522921,15.797279],[-87.367762,15.84694],[-86.903191,15.756713],[-86.440946,15.782835],[-86.119234,15.893449],[-86.001954,16.005406],[-85.683317,15.953652],[-85.444004,15.885749],[-85.182444,15.909158],[-84.983722,15.995923],[-84.52698,15.857224],[-84.368256,15.835158],[-84.063055,15.648244],[-83.773977,15.424072],[-83.410381,15.270903],[-83.147219,14.995829]]]},"properties":{}},{"type":"Feature","geometry":{"type":"Polygon","coordinates":[[[-89.353326,14.424133],[-89.058512,14.340029],[-88.843073,14.140507],[-88.541231,13.980155],[-88.503998,13.845486],[-88.065343,13.964626],[-87.859515,13.893312],[-87.723503,13.78505],[-87.793111,13.38448],[-87.904112,13.149017],[-88.483302,13.163951],[-88.843228,13.259734],[-89.256743,13.458533],[-89.812394,13.520622],[-90.095555,13.735338],[-90.064678,13.88197],[-89.721934,14.134228],[-89.534219,14.244816],[-89.587343,14.362586],[-89.353326,14.424133]]]},"properties":{}},{"type":"Feature","geometry":{"type":"Polygon","coordinates":[[[-92.22775,14.538829],[-92.20323,14.830103],[-92.087216,15.064585],[-92.229249,15.251447],[-91.74796,16.066565],[-90.464473,16.069562],[-90.438867,16.41011],[-90.600847,16.470778],[-90.711822,16.687483],[-91.08167,16.918477],[-91.453921,17.252177],[-91.002269,17.254658],[-91.00152,17.817595],[-90.067934,17.819326],[-89.14308,17.808319],[-89.150806,17.015577],[-89.229122,15.886938],[-88.930613,15.887273],[-88.604586,15.70638],[-88.518364,15.855389],[-88.225023,15.727722],[-88.68068,15.346247],[-89.154811,15.066419],[-89.22522,14.874286],[-89.145535,14.678019],[-89.353326,14.424133],[-89.587343,14.362586],[-89.534219,14.244816],[-89.721934,14.134228],[-90.064678,13.88197],[-90.095555,13.735338],[-90.608624,13.909771],[-91.23241,13.927832],[-91.689747,14.126218],[-92.22775,14.538829]]]},"properties":{}},{"type":"Feature","geometry":{"type":"Polygon","coordinates":[[[-89.14308,17.808319],[-89.150909,17.955468],[-89.029857,18.001511],[-88.848344,17.883198],[-88.490123,18.486831],[-88.300031,18.499982],[-88.296336,18.353273],[-88.106813,18.348674],[-88.123479,18.076675],[-88.285355,17.644143],[-88.197867,17.489475],[-88.302641,17.131694],[-88.239518,17.036066],[-88.355428,16.530774],[-88.551825,16.265467],[-88.732434,16.233635],[-88.930613,15.887273],[-89.229122,15.886938],[-89.150806,17.015577],[-89.14308,17.808319]]]},"properties":{}},{"type":"Feature","geometry":{"type":"Polygon","coordinates":[[[-60.733574,5.200277],[-60.601179,4.918098],[-60.966893,4.536468],[-62.08543,4.162124],[-62.804533,4.006965],[-63.093198,3.770571],[-63.888343,4.02053],[-64.628659,4.148481],[-64.816064,4.056445],[-64.368494,3.79721],[-64.408828,3.126786],[-64.269999,2.497006],[-63.422867,2.411068],[-63.368788,2.2009],[-64.083085,1.916369],[-64.199306,1.492855],[-64.611012,1.328731],[-65.354713,1.095282],[-65.548267,0.789254],[-66.325765,0.724452],[-66.876326,1.253361],[-67.181294,2.250638],[-67.447092,2.600281],[-67.809938,2.820655],[-67.303173,3.318454],[-67.337564,3.542342],[-67.621836,3.839482],[-67.823012,4.503937],[-67.744697,5.221129],[-67.521532,5.55687],[-67.34144,6.095468],[-67.695087,6.267318],[-68.265052,6.153268],[-68.985319,6.206805],[-69.38948,6.099861],[-70.093313,6.960376],[-70.674234,7.087785],[-71.960176,6.991615],[-72.198352,7.340431],[-72.444487,7.423785],[-72.479679,7.632506],[-72.360901,8.002638],[-72.439862,8.405275],[-72.660495,8.625288],[-72.78873,9.085027],[-73.304952,9.152],[-73.027604,9.73677],[-72.905286,10.450344],[-72.614658,10.821975],[-72.227575,11.108702],[-71.973922,11.608672],[-71.331584,11.776284],[-71.360006,11.539994],[-71.94705,11.423282],[-71.620868,10.96946],[-71.633064,10.446494],[-72.074174,9.865651],[-71.695644,9.072263],[-71.264559,9.137195],[-71.039999,9.859993],[-71.350084,10.211935],[-71.400623,10.968969],[-70.155299,11.375482],[-70.293843,11.846822],[-69.943245,12.162307],[-69.5843,11.459611],[-68.882999,11.443385],[-68.233271,10.885744],[-68.194127,10.554653],[-67.296249,10.545868],[-66.227864,10.648627],[-65.655238,10.200799],[-64.890452,10.077215],[-64.329479,10.389599],[-64.318007,10.641418],[-63.079322,10.701724],[-61.880946,10.715625],[-62.730119,10.420269],[-62.388512,9.948204],[-61.588767,9.873067],[-60.830597,9.38134],[-60.671252,8.580174],[-60.150096,8.602757],[-59.758285,8.367035],[-60.550588,7.779603],[-60.637973,7.415],[-60.295668,7.043911],[-60.543999,6.856584],[-61.159336,6.696077],[-61.139415,6.234297],[-61.410303,5.959068],[-60.733574,5.200277]]]},"properties":{}},{"type":"Feature","geometry":{"type":"Polygon","coordinates":[[[-56.539386,1.899523],[-56.782704,1.863711],[-57.335823,1.948538],[-57.660971,1.682585],[-58.11345,1.507195],[-58.429477,1.463942],[-58.540013,1.268088],[-59.030862,1.317698],[-59.646044,1.786894],[-59.718546,2.24963],[-59.974525,2.755233],[-59.815413,3.606499],[-59.53804,3.958803],[-59.767406,4.423503],[-60.111002,4.574967],[-59.980959,5.014061],[-60.213683,5.244486],[-60.733574,5.200277],[-61.410303,5.959068],[-61.139415,6.234297],[-61.159336,6.696077],[-60.543999,6.856584],[-60.295668,7.043911],[-60.637973,7.415],[-60.550588,7.779603],[-59.758285,8.367035],[-59.101684,7.999202],[-58.482962,7.347691],[-58.454876,6.832787],[-58.078103,6.809094],[-57.542219,6.321268],[-57.147436,5.97315],[-57.307246,5.073567],[-57.914289,4.812626],[-57.86021,4.576801],[-58.044694,4.060864],[-57.601569,3.334655],[-57.281433,3.333492],[-57.150098,2.768927],[-56.539386,1.899523]]]},"properties":{}},{"type":"Feature","geometry":{"type":"Polygon","coordinates":[[[-54.524754,2.311849],[-55.097587,2.523748],[-55.569755,2.421506],[-55.973322,2.510364],[-56.073342,2.220795],[-55.9056,2.021996],[-55.995698,1.817667],[-56.539386,1.899523],[-57.150098,2.768927],[-57.281433,3.333492],[-57.601569,3.334655],[-58.044694,4.060864],[-57.86021,4.576801],[-57.914289,4.812626],[-57.307246,5.073567],[-57.147436,5.97315],[-55.949318,5.772878],[-55.84178,5.953125],[-55.03325,6.025291],[-53.958045,5.756548],[-54.478633,4.896756],[-54.399542,4.212611],[-54.006931,3.620038],[-54.181726,3.18978],[-54.269705,2.732392],[-54.524754,2.311849]]]},"properties":{}},{"type":"Feature","geometry":{"type":"MultiPolygon","coordinates":[[[[-51.657797,4.156232],[-52.249338,3.241094],[-52.556425,2.504705],[-52.939657,2.124858],[-53.418465,2.053389],[-53.554839,2.334897],[-53.778521,2.376703],[-54.088063,2.105557],[-54.524754,2.311849],[-54.269705,2.732392],[-54.181726,3.18978],[-54.006931,3.620038],[-54.399542,4.212611],[-54.478633,4.896756],[-53.958045,5.756548],[-53.618453,5.646529],[-52.882141,5.409851],[-51.823343,4.565768],[-51.657797,4.156232]]],[[[6.18632,49.463803],[6.65823,49.201958],[8.099279,49.017784],[7.593676,48.333019],[7.466759,47.620582],[7.192202,47.449766],[6.736571,47.541801],[6.768714,47.287708],[6.037389,46.725779],[6.022609,46.27299],[6.5001,46.429673],[6.843593,45.991147],[6.802355,45.70858],[7.096652,45.333099],[6.749955,45.028518],[7.007562,44.254767],[7.549596,44.127901],[7.435185,43.693845],[6.529245,43.128892],[4.556963,43.399651],[3.100411,43.075201],[2.985999,42.473015],[1.826793,42.343385],[0.701591,42.795734],[0.338047,42.579546],[-1.502771,43.034014],[-1.901351,43.422802],[-1.384225,44.02261],[-1.193798,46.014918],[-2.225724,47.064363],[-2.963276,47.570327],[-4.491555,47.954954],[-4.59235,48.68416],[-3.295814,48.901692],[-1.616511,48.644421],[-1.933494,49.776342],[-0.989469,49.347376],[1.338761,50.127173],[1.639001,50.946606],[2.513573,51.148506],[2.658422,50.796848],[3.123252,50.780363],[3.588184,50.378992],[4.286023,49.907497],[4.799222,49.985373],[5.674052,49.529484],[5.897759,49.442667],[6.18632,49.463803]]],[[[8.746009,42.628122],[9.390001,43.009985],[9.560016,42.152492],[9.229752,41.380007],[8.775723,41.583612],[8.544213,42.256517],[8.746009,42.628122]]]]},"properties":{}},{"type":"Feature","geometry":{"type":"Polygon","coordinates":[[[-75.373223,-0.152032],[-75.233723,-0.911417],[-75.544996,-1.56161],[-76.635394,-2.608678],[-77.837905,-3.003021],[-78.450684,-3.873097],[-78.639897,-4.547784],[-79.205289,-4.959129],[-79.624979,-4.454198],[-80.028908,-4.346091],[-80.442242,-4.425724],[-80.469295,-4.059287],[-80.184015,-3.821162],[-80.302561,-3.404856],[-79.770293,-2.657512],[-79.986559,-2.220794],[-80.368784,-2.685159],[-80.967765,-2.246943],[-80.764806,-1.965048],[-80.933659,-1.057455],[-80.58337,-0.906663],[-80.399325,-0.283703],[-80.020898,0.36034],[-80.09061,0.768429],[-79.542762,0.982938],[-78.855259,1.380924],[-77.855061,0.809925],[-77.668613,0.825893],[-77.424984,0.395687],[-76.57638,0.256936],[-76.292314,0.416047],[-75.801466,0.084801],[-75.373223,-0.152032]]]},"properties":{}},{"type":"Feature","geometry":{"type":"Polygon","coordinates":[[[-66.282434,18.514762],[-65.771303,18.426679],[-65.591004,18.228035],[-65.847164,17.975906],[-66.599934,17.981823],[-67.184162,17.946553],[-67.242428,18.37446],[-67.100679,18.520601],[-66.282434,18.514762]]]},"properties":{}},{"type":"Feature","geometry":{"type":"Polygon","coordinates":[[[-77.569601,18.490525],[-76.896619,18.400867],[-76.365359,18.160701],[-76.199659,17.886867],[-76.902561,17.868238],[-77.206341,17.701116],[-77.766023,17.861597],[-78.337719,18.225968],[-78.217727,18.454533],[-77.797365,18.524218],[-77.569601,18.490525]]]},"properties":{}},{"type":"Feature","geometry":{"type":"Polygon","coordinates":[[[-82.268151,23.188611],[-81.404457,23.117271],[-80.618769,23.10598],[-79.679524,22.765303],[-79.281486,22.399202],[-78.347434,22.512166],[-77.993296,22.277194],[-77.146422,21.657851],[-76.523825,21.20682],[-76.19462,21.220565],[-75.598222,21.016624],[-75.67106,20.735091],[-74.933896,20.693905],[-74.178025,20.284628],[-74.296648,20.050379],[-74.961595,19.923435],[-75.63468,19.873774],[-76.323656,19.952891],[-77.755481,19.855481],[-77.085108,20.413354],[-77.492655,20.673105],[-78.137292,20.739949],[-78.482827,21.028613],[-78.719867,21.598114],[-79.285,21.559175],[-80.217475,21.827324],[-80.517535,22.037079],[-81.820943,22.192057],[-82.169992,22.387109],[-81.795002,22.636965],[-82.775898,22.68815],[-83.494459,22.168518],[-83.9088,22.154565],[-84.052151,21.910575],[-84.54703,21.801228],[-84.974911,21.896028],[-84.447062,22.20495],[-84.230357,22.565755],[-83.77824,22.788118],[-83.267548,22.983042],[-82.510436,23.078747],[-82.268151,23.188611]]]},"properties":{}},{"type":"Feature","geometry":{"type":"Polygon","coordinates":[[[31.191409,-22.25151],[30.659865,-22.151567],[30.322883,-22.271612],[29.839037,-22.102216],[29.432188,-22.091313],[28.794656,-21.639454],[28.02137,-21.485975],[27.727228,-20.851802],[27.724747,-20.499059],[27.296505,-20.39152],[26.164791,-19.293086],[25.850391,-18.714413],[25.649163,-18.536026],[25.264226,-17.73654],[26.381935,-17.846042],[26.706773,-17.961229],[27.044427,-17.938026],[27.598243,-17.290831],[28.467906,-16.4684],[28.825869,-16.389749],[28.947463,-16.043051],[29.516834,-15.644678],[30.274256,-15.507787],[30.338955,-15.880839],[31.173064,-15.860944],[31.636498,-16.07199],[31.852041,-16.319417],[32.328239,-16.392074],[32.847639,-16.713398],[32.849861,-17.979057],[32.654886,-18.67209],[32.611994,-19.419383],[32.772708,-19.715592],[32.659743,-20.30429],[32.508693,-20.395292],[32.244988,-21.116489],[31.191409,-22.25151]]]},"properties":{}},{"type":"Feature","geometry":{"type":"Polygon","coordinates":[[[29.432188,-22.091313],[28.017236,-22.827754],[27.11941,-23.574323],[26.786407,-24.240691],[26.485753,-24.616327],[25.941652,-24.696373],[25.765849,-25.174845],[25.664666,-25.486816],[25.025171,-25.71967],[24.211267,-25.670216],[23.73357,-25.390129],[23.312097,-25.26869],[22.824271,-25.500459],[22.579532,-25.979448],[22.105969,-26.280256],[21.605896,-26.726534],[20.889609,-26.828543],[20.66647,-26.477453],[20.758609,-25.868136],[20.165726,-24.917962],[19.895768,-24.76779],[19.895458,-21.849157],[20.881134,-21.814327],[20.910641,-18.252219],[21.65504,-18.219146],[23.196858,-17.869038],[23.579006,-18.281261],[24.217365,-17.889347],[24.520705,-17.887125],[25.084443,-17.661816],[25.264226,-17.73654],[25.649163,-18.536026],[25.850391,-18.714413],[26.164791,-19.293086],[27.296505,-20.39152],[27.724747,-20.499059],[27.727228,-20.851802],[28.02137,-21.485975],[28.794656,-21.639454],[29.432188,-22.091313]]]},"properties":{}},{"type":"Feature","geometry":{"type":"Polygon","coordinates":[[[19.895768,-24.76779],[19.894734,-28.461105],[19.002127,-28.972443],[18.464899,-29.045462],[17.836152,-28.856378],[17.387497,-28.783514],[17.218929,-28.355943],[16.824017,-28.082162],[16.344977,-28.576705],[15.601818,-27.821247],[15.210472,-27.090956],[14.989711,-26.117372],[14.743214,-25.39292],[14.408144,-23.853014],[14.385717,-22.656653],[14.257714,-22.111208],[13.868642,-21.699037],[13.352498,-20.872834],[12.826845,-19.673166],[12.608564,-19.045349],[11.794919,-18.069129],[11.734199,-17.301889],[12.215461,-17.111668],[12.814081,-16.941343],[13.462362,-16.971212],[14.058501,-17.423381],[14.209707,-17.353101],[18.263309,-17.309951],[18.956187,-17.789095],[21.377176,-17.930636],[23.215048,-17.523116],[24.033862,-17.295843],[24.682349,-17.353411],[25.07695,-17.578823],[25.084443,-17.661816],[24.520705,-17.887125],[24.217365,-17.889347],[23.579006,-18.281261],[23.196858,-17.869038],[21.65504,-18.219146],[20.910641,-18.252219],[20.881134,-21.814327],[19.895458,-21.849157],[19.895768,-24.76779]]]},"properties":{}},{"type":"Feature","geometry":{"type":"Polygon","coordinates":[[[-16.713729,13.594959],[-17.126107,14.373516],[-17.625043,14.729541],[-17.185173,14.919477],[-16.700706,15.621527],[-16.463098,16.135036],[-16.12069,16.455663],[-15.623666,16.369337],[-15.135737,16.587282],[-14.577348,16.598264],[-14.099521,16.304302],[-13.435738,16.039383],[-12.830658,15.303692],[-12.17075,14.616834],[-12.124887,13.994727],[-11.927716,13.422075],[-11.553398,13.141214],[-11.467899,12.754519],[-11.513943,12.442988],[-11.658301,12.386583],[-12.203565,12.465648],[-12.278599,12.35444],[-12.499051,12.33209],[-13.217818,12.575874],[-13.700476,12.586183],[-15.548477,12.62817],[-15.816574,12.515567],[-16.147717,12.547762],[-16.677452,12.384852],[-16.841525,13.151394],[-15.931296,13.130284],[-15.691001,13.270353],[-15.511813,13.27857],[-15.141163,13.509512],[-14.712197,13.298207],[-14.277702,13.280585],[-13.844963,13.505042],[-14.046992,13.794068],[-14.376714,13.62568],[-14.687031,13.630357],[-15.081735,13.876492],[-15.39877,13.860369],[-15.624596,13.623587],[-16.713729,13.594959]]]},"properties":{}},{"type":"Feature","geometry":{"type":"Polygon","coordinates":[[[-11.513943,12.442988],[-11.467899,12.754519],[-11.553398,13.141214],[-11.927716,13.422075],[-12.124887,13.994727],[-12.17075,14.616834],[-11.834208,14.799097],[-11.666078,15.388208],[-11.349095,15.411256],[-10.650791,15.132746],[-10.086846,15.330486],[-9.700255,15.264107],[-9.550238,15.486497],[-5.537744,15.50169],[-5.315277,16.201854],[-5.488523,16.325102],[-5.971129,20.640833],[-6.453787,24.956591],[-4.923337,24.974574],[-1.550055,22.792666],[1.823228,20.610809],[2.060991,20.142233],[2.683588,19.85623],[3.146661,19.693579],[3.158133,19.057364],[4.267419,19.155265],[4.27021,16.852227],[3.723422,16.184284],[3.638259,15.56812],[2.749993,15.409525],[1.385528,15.323561],[1.015783,14.968182],[0.374892,14.928908],[-0.266257,14.924309],[-0.515854,15.116158],[-1.066363,14.973815],[-2.001035,14.559008],[-2.191825,14.246418],[-2.967694,13.79815],[-3.103707,13.541267],[-3.522803,13.337662],[-4.006391,13.472485],[-4.280405,13.228444],[-4.427166,12.542646],[-5.220942,11.713859],[-5.197843,11.375146],[-5.470565,10.95127],[-5.404342,10.370737],[-5.816926,10.222555],[-6.050452,10.096361],[-6.205223,10.524061],[-6.493965,10.411303],[-6.666461,10.430811],[-6.850507,10.138994],[-7.622759,10.147236],[-7.89959,10.297382],[-8.029944,10.206535],[-8.335377,10.494812],[-8.282357,10.792597],[-8.407311,10.909257],[-8.620321,10.810891],[-8.581305,11.136246],[-8.376305,11.393646],[-8.786099,11.812561],[-8.905265,12.088358],[-9.127474,12.30806],[-9.327616,12.334286],[-9.567912,12.194243],[-9.890993,12.060479],[-10.165214,11.844084],[-10.593224,11.923975],[-10.87083,12.177887],[-11.036556,12.211245],[-11.297574,12.077971],[-11.456169,12.076834],[-11.513943,12.442988]]]},"properties":{}},{"type":"Feature","geometry":{"type":"Polygon","coordinates":[[[-17.063423,20.999752],[-16.845194,21.333323],[-12.929102,21.327071],[-13.118754,22.77122],[-12.874222,23.284832],[-11.937224,23.374594],[-11.969419,25.933353],[-8.687294,25.881056],[-8.6844,27.395744],[-4.923337,24.974574],[-6.453787,24.956591],[-5.971129,20.640833],[-5.488523,16.325102],[-5.315277,16.201854],[-5.537744,15.50169],[-9.550238,15.486497],[-9.700255,15.264107],[-10.086846,15.330486],[-10.650791,15.132746],[-11.349095,15.411256],[-11.666078,15.388208],[-11.834208,14.799097],[-12.17075,14.616834],[-12.830658,15.303692],[-13.435738,16.039383],[-14.099521,16.304302],[-14.577348,16.598264],[-15.135737,16.587282],[-15.623666,16.369337],[-16.12069,16.455663],[-16.463098,16.135036],[-16.549708,16.673892],[-16.270552,17.166963],[-16.146347,18.108482],[-16.256883,19.096716],[-16.377651,19.593817],[-16.277838,20.092521],[-16.536324,20.567866],[-17.063423,20.999752]]]},"properties":{}},{"type":"Feature","geometry":{"type":"Polygon","coordinates":[[[2.691702,6.258817],[1.865241,6.142158],[1.618951,6.832038],[1.664478,9.12859],[1.463043,9.334624],[1.425061,9.825395],[1.077795,10.175607],[0.772336,10.470808],[0.899563,10.997339],[1.24347,11.110511],[1.447178,11.547719],[1.935986,11.64115],[2.154474,11.94015],[2.490164,12.233052],[2.848643,12.235636],[3.61118,11.660167],[3.572216,11.327939],[3.797112,10.734746],[3.60007,10.332186],[3.705438,10.06321],[3.220352,9.444153],[2.912308,9.137608],[2.723793,8.506845],[2.749063,7.870734],[2.691702,6.258817]]]},"properties":{}},{"type":"Feature","geometry":{"type":"Polygon","coordinates":[[[14.8513,22.86295],[15.096888,21.308519],[15.47106,21.04845],[15.487148,20.730415],[15.903247,20.387619],[15.685741,19.95718],[15.300441,17.92795],[15.247731,16.627306],[13.97217,15.68437],[13.540394,14.367134],[13.956699,13.996691],[13.954477,13.353449],[14.595781,13.330427],[14.495787,12.859396],[14.213531,12.802035],[14.181336,12.483657],[13.995353,12.461565],[13.318702,13.556356],[13.083987,13.596147],[12.302071,13.037189],[11.527803,13.32898],[10.989593,13.387323],[10.701032,13.246918],[10.114814,13.277252],[9.524928,12.851102],[9.014933,12.826659],[7.804671,13.343527],[7.330747,13.098038],[6.820442,13.115091],[6.445426,13.492768],[5.443058,13.865924],[4.368344,13.747482],[4.107946,13.531216],[3.967283,12.956109],[3.680634,12.552903],[3.61118,11.660167],[2.848643,12.235636],[2.490164,12.233052],[2.154474,11.94015],[2.177108,12.625018],[1.024103,12.851826],[0.993046,13.33575],[0.429928,13.988733],[0.295646,14.444235],[0.374892,14.928908],[1.015783,14.968182],[1.385528,15.323561],[2.749993,15.409525],[3.638259,15.56812],[3.723422,16.184284],[4.27021,16.852227],[4.267419,19.155265],[5.677566,19.601207],[8.572893,21.565661],[11.999506,23.471668],[13.581425,23.040506],[14.143871,22.491289],[14.8513,22.86295]]]},"properties":{}},{"type":"Feature","geometry":{"type":"Polygon","coordinates":[[[2.691702,6.258817],[2.749063,7.870734],[2.723793,8.506845],[2.912308,9.137608],[3.220352,9.444153],[3.705438,10.06321],[3.60007,10.332186],[3.797112,10.734746],[3.572216,11.327939],[3.61118,11.660167],[3.680634,12.552903],[3.967283,12.956109],[4.107946,13.531216],[4.368344,13.747482],[5.443058,13.865924],[6.445426,13.492768],[6.820442,13.115091],[7.330747,13.098038],[7.804671,13.343527],[9.014933,12.826659],[9.524928,12.851102],[10.114814,13.277252],[10.701032,13.246918],[10.989593,13.387323],[11.527803,13.32898],[12.302071,13.037189],[13.083987,13.596147],[13.318702,13.556356],[13.995353,12.461565],[14.181336,12.483657],[14.577178,12.085361],[14.468192,11.904752],[14.415379,11.572369],[13.57295,10.798566],[13.308676,10.160362],[13.1676,9.640626],[12.955468,9.417772],[12.753672,8.717763],[12.218872,8.305824],[12.063946,7.799808],[11.839309,7.397042],[11.745774,6.981383],[11.058788,6.644427],[10.497375,7.055358],[10.118277,7.03877],[9.522706,6.453482],[9.233163,6.444491],[8.757533,5.479666],[8.500288,4.771983],[7.462108,4.412108],[7.082596,4.464689],[6.698072,4.240594],[5.898173,4.262453],[5.362805,4.887971],[5.033574,5.611802],[4.325607,6.270651],[3.57418,6.2583],[2.691702,6.258817]]]},"properties":{}},{"type":"Feature","geometry":{"type":"Polygon","coordinates":[[[14.495787,12.859396],[14.89336,12.21905],[14.960152,11.555574],[14.923565,10.891325],[15.467873,9.982337],[14.909354,9.992129],[14.627201,9.920919],[14.171466,10.021378],[13.954218,9.549495],[14.544467,8.965861],[14.979996,8.796104],[15.120866,8.38215],[15.436092,7.692812],[15.27946,7.421925],[14.776545,6.408498],[14.53656,6.226959],[14.459407,5.451761],[14.558936,5.030598],[14.478372,4.732605],[14.950953,4.210389],[15.03622,3.851367],[15.405396,3.335301],[15.862732,3.013537],[15.907381,2.557389],[16.012852,2.26764],[15.940919,1.727673],[15.146342,1.964015],[14.337813,2.227875],[13.075822,2.267097],[12.951334,2.321616],[12.35938,2.192812],[11.751665,2.326758],[11.276449,2.261051],[9.649158,2.283866],[9.795196,3.073404],[9.404367,3.734527],[8.948116,3.904129],[8.744924,4.352215],[8.488816,4.495617],[8.500288,4.771983],[8.757533,5.479666],[9.233163,6.444491],[9.522706,6.453482],[10.118277,7.03877],[10.497375,7.055358],[11.058788,6.644427],[11.745774,6.981383],[11.839309,7.397042],[12.063946,7.799808],[12.218872,8.305824],[12.753672,8.717763],[12.955468,9.417772],[13.1676,9.640626],[13.308676,10.160362],[13.57295,10.798566],[14.415379,11.572369],[14.468192,11.904752],[14.577178,12.085361],[14.181336,12.483657],[14.213531,12.802035],[14.495787,12.859396]]]},"properties":{}},{"type":"Feature","geometry":{"type":"Polygon","coordinates":[[[0.899563,10.997339],[0.772336,10.470808],[1.077795,10.175607],[1.425061,9.825395],[1.463043,9.334624],[1.664478,9.12859],[1.618951,6.832038],[1.865241,6.142158],[1.060122,5.928837],[0.836931,6.279979],[0.570384,6.914359],[0.490957,7.411744],[0.712029,8.312465],[0.461192,8.677223],[0.365901,9.465004],[0.36758,10.191213],[-0.049785,10.706918],[0.023803,11.018682],[0.899563,10.997339]]]},"properties":{}},{"type":"Feature","geometry":{"type":"Polygon","coordinates":[[[0.023803,11.018682],[-0.049785,10.706918],[0.36758,10.191213],[0.365901,9.465004],[0.461192,8.677223],[0.712029,8.312465],[0.490957,7.411744],[0.570384,6.914359],[0.836931,6.279979],[1.060122,5.928837],[-0.507638,5.343473],[-1.063625,5.000548],[-1.964707,4.710462],[-2.856125,4.994476],[-2.810701,5.389051],[-3.24437,6.250472],[-2.983585,7.379705],[-2.56219,8.219628],[-2.827496,9.642461],[-2.963896,10.395335],[-2.940409,10.96269],[-1.203358,11.009819],[-0.761576,10.93693],[-0.438702,11.098341],[0.023803,11.018682]]]},"properties":{}},{"type":"Feature","geometry":{"type":"Polygon","coordinates":[[[-8.029944,10.206535],[-7.89959,10.297382],[-7.622759,10.147236],[-6.850507,10.138994],[-6.666461,10.430811],[-6.493965,10.411303],[-6.205223,10.524061],[-6.050452,10.096361],[-5.816926,10.222555],[-5.404342,10.370737],[-4.954653,10.152714],[-4.779884,9.821985],[-4.330247,9.610835],[-3.980449,9.862344],[-3.511899,9.900326],[-2.827496,9.642461],[-2.56219,8.219628],[-2.983585,7.379705],[-3.24437,6.250472],[-2.810701,5.389051],[-2.856125,4.994476],[-3.311084,4.984296],[-4.00882,5.179813],[-4.649917,5.168264],[-5.834496,4.993701],[-6.528769,4.705088],[-7.518941,4.338288],[-7.712159,4.364566],[-7.635368,5.188159],[-7.539715,5.313345],[-7.570153,5.707352],[-7.993693,6.12619],[-8.311348,6.193033],[-8.60288,6.467564],[-8.385452,6.911801],[-8.485446,7.395208],[-8.439298,7.686043],[-8.280703,7.68718],[-8.221792,8.123329],[-8.299049,8.316444],[-8.203499,8.455453],[-7.8321,8.575704],[-8.079114,9.376224],[-8.309616,9.789532],[-8.229337,10.12902],[-8.029944,10.206535]]]},"properties":{}},{"type":"Feature","geometry":{"type":"Polygon","coordinates":[[[-13.700476,12.586183],[-13.217818,12.575874],[-12.499051,12.33209],[-12.278599,12.35444],[-12.203565,12.465648],[-11.658301,12.386583],[-11.513943,12.442988],[-11.456169,12.076834],[-11.297574,12.077971],[-11.036556,12.211245],[-10.87083,12.177887],[-10.593224,11.923975],[-10.165214,11.844084],[-9.890993,12.060479],[-9.567912,12.194243],[-9.327616,12.334286],[-9.127474,12.30806],[-8.905265,12.088358],[-8.786099,11.812561],[-8.376305,11.393646],[-8.581305,11.136246],[-8.620321,10.810891],[-8.407311,10.909257],[-8.282357,10.792597],[-8.335377,10.494812],[-8.029944,10.206535],[-8.229337,10.12902],[-8.309616,9.789532],[-8.079114,9.376224],[-7.8321,8.575704],[-8.203499,8.455453],[-8.299049,8.316444],[-8.221792,8.123329],[-8.280703,7.68718],[-8.439298,7.686043],[-8.722124,7.711674],[-8.926065,7.309037],[-9.208786,7.313921],[-9.403348,7.526905],[-9.33728,7.928534],[-9.755342,8.541055],[-10.016567,8.428504],[-10.230094,8.406206],[-10.505477,8.348896],[-10.494315,8.715541],[-10.65477,8.977178],[-10.622395,9.26791],[-10.839152,9.688246],[-11.117481,10.045873],[-11.917277,10.046984],[-12.150338,9.858572],[-12.425929,9.835834],[-12.596719,9.620188],[-12.711958,9.342712],[-13.24655,8.903049],[-13.685154,9.494744],[-14.074045,9.886167],[-14.330076,10.01572],[-14.579699,10.214467],[-14.693232,10.656301],[-14.839554,10.876572],[-15.130311,11.040412],[-14.685687,11.527824],[-14.382192,11.509272],[-14.121406,11.677117],[-13.9008,11.678719],[-13.743161,11.811269],[-13.828272,12.142644],[-13.718744,12.247186],[-13.700476,12.586183]]]},"properties":{}},{"type":"Feature","geometry":{"type":"Polygon","coordinates":[[[-16.677452,12.384852],[-16.147717,12.547762],[-15.816574,12.515567],[-15.548477,12.62817],[-13.700476,12.586183],[-13.718744,12.247186],[-13.828272,12.142644],[-13.743161,11.811269],[-13.9008,11.678719],[-14.121406,11.677117],[-14.382192,11.509272],[-14.685687,11.527824],[-15.130311,11.040412],[-15.66418,11.458474],[-16.085214,11.524594],[-16.314787,11.806515],[-16.308947,11.958702],[-16.613838,12.170911],[-16.677452,12.384852]]]},"properties":{}},{"type":"Feature","geometry":{"type":"Polygon","coordinates":[[[-8.439298,7.686043],[-8.485446,7.395208],[-8.385452,6.911801],[-8.60288,6.467564],[-8.311348,6.193033],[-7.993693,6.12619],[-7.570153,5.707352],[-7.539715,5.313345],[-7.635368,5.188159],[-7.712159,4.364566],[-7.974107,4.355755],[-9.004794,4.832419],[-9.91342,5.593561],[-10.765384,6.140711],[-11.438779,6.785917],[-11.199802,7.105846],[-11.146704,7.396706],[-10.695595,7.939464],[-10.230094,8.406206],[-10.016567,8.428504],[-9.755342,8.541055],[-9.33728,7.928534],[-9.403348,7.526905],[-9.208786,7.313921],[-8.926065,7.309037],[-8.722124,7.711674],[-8.439298,7.686043]]]},"properties":{}},{"type":"Feature","geometry":{"type":"Polygon","coordinates":[[[-13.24655,8.903049],[-12.711958,9.342712],[-12.596719,9.620188],[-12.425929,9.835834],[-12.150338,9.858572],[-11.917277,10.046984],[-11.117481,10.045873],[-10.839152,9.688246],[-10.622395,9.26791],[-10.65477,8.977178],[-10.494315,8.715541],[-10.505477,8.348896],[-10.230094,8.406206],[-10.695595,7.939464],[-11.146704,7.396706],[-11.199802,7.105846],[-11.438779,6.785917],[-11.708195,6.860098],[-12.428099,7.262942],[-12.949049,7.798646],[-13.124025,8.163946],[-13.24655,8.903049]]]},"properties":{}},{"type":"Feature","geometry":{"type":"Polygon","coordinates":[[[-5.404342,10.370737],[-5.470565,10.95127],[-5.197843,11.375146],[-5.220942,11.713859],[-4.427166,12.542646],[-4.280405,13.228444],[-4.006391,13.472485],[-3.522803,13.337662],[-3.103707,13.541267],[-2.967694,13.79815],[-2.191825,14.246418],[-2.001035,14.559008],[-1.066363,14.973815],[-0.515854,15.116158],[-0.266257,14.924309],[0.374892,14.928908],[0.295646,14.444235],[0.429928,13.988733],[0.993046,13.33575],[1.024103,12.851826],[2.177108,12.625018],[2.154474,11.94015],[1.935986,11.64115],[1.447178,11.547719],[1.24347,11.110511],[0.899563,10.997339],[0.023803,11.018682],[-0.438702,11.098341],[-0.761576,10.93693],[-1.203358,11.009819],[-2.940409,10.96269],[-2.963896,10.395335],[-2.827496,9.642461],[-3.511899,9.900326],[-3.980449,9.862344],[-4.330247,9.610835],[-4.779884,9.821985],[-4.954653,10.152714],[-5.404342,10.370737]]]},"properties":{}},{"type":"Feature","geometry":{"type":"Polygon","coordinates":[[[27.374226,5.233944],[27.044065,5.127853],[26.402761,5.150875],[25.650455,5.256088],[25.278798,5.170408],[25.128833,4.927245],[24.805029,4.897247],[24.410531,5.108784],[23.297214,4.609693],[22.84148,4.710126],[22.704124,4.633051],[22.405124,4.02916],[21.659123,4.224342],[20.927591,4.322786],[20.290679,4.691678],[19.467784,5.031528],[18.932312,4.709506],[18.542982,4.201785],[18.453065,3.504386],[17.8099,3.560196],[17.133042,3.728197],[16.537058,3.198255],[16.012852,2.26764],[15.907381,2.557389],[15.862732,3.013537],[15.405396,3.335301],[15.03622,3.851367],[14.950953,4.210389],[14.478372,4.732605],[14.558936,5.030598],[14.459407,5.451761],[14.53656,6.226959],[14.776545,6.408498],[15.27946,7.421925],[16.106232,7.497088],[16.290562,7.754307],[16.456185,7.734774],[16.705988,7.508328],[17.96493,7.890914],[18.389555,8.281304],[18.911022,8.630895],[18.81201,8.982915],[19.094008,9.074847],[20.059685,9.012706],[21.000868,9.475985],[21.723822,10.567056],[22.231129,10.971889],[22.864165,11.142395],[22.977544,10.714463],[23.554304,10.089255],[23.55725,9.681218],[23.394779,9.265068],[23.459013,8.954286],[23.805813,8.666319],[24.567369,8.229188],[25.114932,7.825104],[25.124131,7.500085],[25.796648,6.979316],[26.213418,6.546603],[26.465909,5.946717],[27.213409,5.550953],[27.374226,5.233944]]]},"properties":{}},{"type":"Feature","geometry":{"type":"Polygon","coordinates":[[[18.453065,3.504386],[18.393792,2.900443],[18.094276,2.365722],[17.898835,1.741832],[17.774192,0.855659],[17.82654,0.288923],[17.663553,-0.058084],[17.638645,-0.424832],[17.523716,-0.74383],[16.865307,-1.225816],[16.407092,-1.740927],[15.972803,-2.712392],[16.00629,-3.535133],[15.75354,-3.855165],[15.170992,-4.343507],[14.582604,-4.970239],[14.209035,-4.793092],[14.144956,-4.510009],[13.600235,-4.500138],[13.25824,-4.882957],[12.995517,-4.781103],[12.62076,-4.438023],[12.318608,-4.60623],[11.914963,-5.037987],[11.093773,-3.978827],[11.855122,-3.426871],[11.478039,-2.765619],[11.820964,-2.514161],[12.495703,-2.391688],[12.575284,-1.948511],[13.109619,-2.42874],[13.992407,-2.470805],[14.29921,-1.998276],[14.425456,-1.333407],[14.316418,-0.552627],[13.843321,0.038758],[14.276266,1.19693],[14.026669,1.395677],[13.282631,1.314184],[13.003114,1.830896],[13.075822,2.267097],[14.337813,2.227875],[15.146342,1.964015],[15.940919,1.727673],[16.012852,2.26764],[16.537058,3.198255],[17.133042,3.728197],[17.8099,3.560196],[18.453065,3.504386]]]},"properties":{}},{"type":"Feature","geometry":{"type":"Polygon","coordinates":[[[11.276449,2.261051],[11.751665,2.326758],[12.35938,2.192812],[12.951334,2.321616],[13.075822,2.267097],[13.003114,1.830896],[13.282631,1.314184],[14.026669,1.395677],[14.276266,1.19693],[13.843321,0.038758],[14.316418,-0.552627],[14.425456,-1.333407],[14.29921,-1.998276],[13.992407,-2.470805],[13.109619,-2.42874],[12.575284,-1.948511],[12.495703,-2.391688],[11.820964,-2.514161],[11.478039,-2.765619],[11.855122,-3.426871],[11.093773,-3.978827],[10.066135,-2.969483],[9.405245,-2.144313],[8.797996,-1.111301],[8.830087,-0.779074],[9.04842,-0.459351],[9.291351,0.268666],[9.492889,1.01012],[9.830284,1.067894],[11.285079,1.057662],[11.276449,2.261051]]]},"properties":{}},{"type":"Feature","geometry":{"type":"Polygon","coordinates":[[[9.649158,2.283866],[11.276449,2.261051],[11.285079,1.057662],[9.830284,1.067894],[9.492889,1.01012],[9.305613,1.160911],[9.649158,2.283866]]]},"properties":{}},{"type":"Feature","geometry":{"type":"Polygon","coordinates":[[[30.74001,-8.340006],[31.157751,-8.594579],[31.556348,-8.762049],[32.191865,-8.930359],[32.759375,-9.230599],[33.231388,-9.676722],[33.485688,-10.525559],[33.31531,-10.79655],[33.114289,-11.607198],[33.306422,-12.435778],[32.991764,-12.783871],[32.688165,-13.712858],[33.214025,-13.97186],[30.179481,-14.796099],[30.274256,-15.507787],[29.516834,-15.644678],[28.947463,-16.043051],[28.825869,-16.389749],[28.467906,-16.4684],[27.598243,-17.290831],[27.044427,-17.938026],[26.706773,-17.961229],[26.381935,-17.846042],[25.264226,-17.73654],[25.084443,-17.661816],[25.07695,-17.578823],[24.682349,-17.353411],[24.033862,-17.295843],[23.215048,-17.523116],[22.562478,-16.898451],[21.887843,-16.08031],[21.933886,-12.898437],[24.016137,-12.911046],[23.930922,-12.565848],[24.079905,-12.191297],[23.904154,-11.722282],[24.017894,-11.237298],[23.912215,-10.926826],[24.257155,-10.951993],[24.314516,-11.262826],[24.78317,-11.238694],[25.418118,-11.330936],[25.75231,-11.784965],[26.553088,-11.92444],[27.16442,-11.608748],[27.388799,-12.132747],[28.155109,-12.272481],[28.523562,-12.698604],[28.934286,-13.248958],[29.699614,-13.257227],[29.616001,-12.178895],[29.341548,-12.360744],[28.642417,-11.971569],[28.372253,-11.793647],[28.49607,-10.789884],[28.673682,-9.605925],[28.449871,-9.164918],[28.734867,-8.526559],[29.002912,-8.407032],[30.346086,-8.238257],[30.74001,-8.340006]]]},"properties":{}},{"type":"Feature","geometry":{"type":"Polygon","coordinates":[[[32.759375,-9.230599],[33.73972,-9.41715],[33.940838,-9.693674],[34.28,-10.16],[34.559989,-11.52002],[34.280006,-12.280025],[34.559989,-13.579998],[34.907151,-13.565425],[35.267956,-13.887834],[35.686845,-14.611046],[35.771905,-15.896859],[35.339063,-16.10744],[35.03381,-16.8013],[34.381292,-16.18356],[34.307291,-15.478641],[34.517666,-15.013709],[34.459633,-14.61301],[34.064825,-14.35995],[33.7897,-14.451831],[33.214025,-13.97186],[32.688165,-13.712858],[32.991764,-12.783871],[33.306422,-12.435778],[33.114289,-11.607198],[33.31531,-10.79655],[33.485688,-10.525559],[33.231388,-9.676722],[32.759375,-9.230599]]]},"properties":{}},{"type":"Feature","geometry":{"type":"Polygon","coordinates":[[[34.559989,-11.52002],[35.312398,-11.439146],[36.514082,-11.720938],[36.775151,-11.594537],[37.47129,-11.56876],[37.82764,-11.26879],[38.427557,-11.285202],[39.521,-10.89688],[40.31659,-10.3171],[40.316586,-10.317098],[40.316589,-10.317096],[40.478387,-10.765441],[40.437253,-11.761711],[40.560811,-12.639177],[40.59962,-14.201975],[40.775475,-14.691764],[40.477251,-15.406294],[40.089264,-16.100774],[39.452559,-16.720891],[38.538351,-17.101023],[37.411133,-17.586368],[36.281279,-18.659688],[35.896497,-18.84226],[35.1984,-19.552811],[34.786383,-19.784012],[34.701893,-20.497043],[35.176127,-21.254361],[35.373428,-21.840837],[35.385848,-22.14],[35.562546,-22.09],[35.533935,-23.070788],[35.371774,-23.535359],[35.60747,-23.706563],[35.458746,-24.12261],[35.040735,-24.478351],[34.215824,-24.816314],[33.01321,-25.357573],[32.574632,-25.727318],[32.660363,-26.148584],[32.915955,-26.215867],[32.83012,-26.742192],[32.071665,-26.73382],[31.985779,-26.29178],[31.837778,-25.843332],[31.752408,-25.484284],[31.930589,-24.369417],[31.670398,-23.658969],[31.191409,-22.25151],[32.244988,-21.116489],[32.508693,-20.395292],[32.659743,-20.30429],[32.772708,-19.715592],[32.611994,-19.419383],[32.654886,-18.67209],[32.849861,-17.979057],[32.847639,-16.713398],[32.328239,-16.392074],[31.852041,-16.319417],[31.636498,-16.07199],[31.173064,-15.860944],[30.338955,-15.880839],[30.274256,-15.507787],[30.179481,-14.796099],[33.214025,-13.97186],[33.7897,-14.451831],[34.064825,-14.35995],[34.459633,-14.61301],[34.517666,-15.013709],[34.307291,-15.478641],[34.381292,-16.18356],[35.03381,-16.8013],[35.339063,-16.10744],[35.771905,-15.896859],[35.686845,-14.611046],[35.267956,-13.887834],[34.907151,-13.565425],[34.559989,-13.579998],[34.280006,-12.280025],[34.559989,-11.52002]]]},"properties":{}},{"type":"Feature","geometry":{"type":"Polygon","coordinates":[[[32.071665,-26.73382],[31.86806,-27.177927],[31.282773,-27.285879],[30.685962,-26.743845],[30.676609,-26.398078],[30.949667,-26.022649],[31.04408,-25.731452],[31.333158,-25.660191],[31.837778,-25.843332],[31.985779,-26.29178],[32.071665,-26.73382]]]},"properties":{}},{"type":"Feature","geometry":{"type":"MultiPolygon","coordinates":[[[[12.995517,-4.781103],[12.631612,-4.991271],[12.468004,-5.248362],[12.436688,-5.684304],[12.182337,-5.789931],[11.914963,-5.037987],[12.318608,-4.60623],[12.62076,-4.438023],[12.995517,-4.781103]]],[[[12.322432,-6.100092],[12.735171,-5.965682],[13.024869,-5.984389],[13.375597,-5.864241],[16.326528,-5.87747],[16.57318,-6.622645],[16.860191,-7.222298],[17.089996,-7.545689],[17.47297,-8.068551],[18.134222,-7.987678],[18.464176,-7.847014],[19.016752,-7.988246],[19.166613,-7.738184],[19.417502,-7.155429],[20.037723,-7.116361],[20.091622,-6.94309],[20.601823,-6.939318],[20.514748,-7.299606],[21.728111,-7.290872],[21.746456,-7.920085],[21.949131,-8.305901],[21.801801,-8.908707],[21.875182,-9.523708],[22.208753,-9.894796],[22.155268,-11.084801],[22.402798,-10.993075],[22.837345,-11.017622],[23.456791,-10.867863],[23.912215,-10.926826],[24.017894,-11.237298],[23.904154,-11.722282],[24.079905,-12.191297],[23.930922,-12.565848],[24.016137,-12.911046],[21.933886,-12.898437],[21.887843,-16.08031],[22.562478,-16.898451],[23.215048,-17.523116],[21.377176,-17.930636],[18.956187,-17.789095],[18.263309,-17.309951],[14.209707,-17.353101],[14.058501,-17.423381],[13.462362,-16.971212],[12.814081,-16.941343],[12.215461,-17.111668],[11.734199,-17.301889],[11.640096,-16.673142],[11.778537,-15.793816],[12.123581,-14.878316],[12.175619,-14.449144],[12.500095,-13.5477],[12.738479,-13.137906],[13.312914,-12.48363],[13.633721,-12.038645],[13.738728,-11.297863],[13.686379,-10.731076],[13.387328,-10.373578],[13.120988,-9.766897],[12.87537,-9.166934],[12.929061,-8.959091],[13.236433,-8.562629],[12.93304,-7.596539],[12.728298,-6.927122],[12.227347,-6.294448],[12.322432,-6.100092]]]]},"properties":{}},{"type":"Feature","geometry":{"type":"Polygon","coordinates":[[[30.469674,-2.413855],[30.52766,-2.80762],[30.74301,-3.03431],[30.75224,-3.35931],[30.50554,-3.56858],[30.11632,-4.09012],[29.753512,-4.452389],[29.339998,-4.499983],[29.276384,-3.293907],[29.024926,-2.839258],[29.632176,-2.917858],[29.938359,-2.348487],[30.469674,-2.413855]]]},"properties":{}},{"type":"Feature","geometry":{"type":"Polygon","coordinates":[[[35.719918,32.709192],[35.545665,32.393992],[35.18393,32.532511],[34.974641,31.866582],[35.225892,31.754341],[34.970507,31.616778],[34.927408,31.353435],[35.397561,31.489086],[35.420918,31.100066],[34.922603,29.501326],[34.823243,29.761081],[34.26544,31.21936],[34.265435,31.219357],[34.265433,31.219361],[34.556372,31.548824],[34.488107,31.605539],[34.752587,32.072926],[34.955417,32.827376],[35.098457,33.080539],[35.126053,33.0909],[35.460709,33.08904],[35.552797,33.264275],[35.821101,33.277426],[35.836397,32.868123],[35.700798,32.716014],[35.719918,32.709192]]]},"properties":{}},{"type":"Feature","geometry":{"type":"Polygon","coordinates":[[[35.821101,33.277426],[35.552797,33.264275],[35.460709,33.08904],[35.126053,33.0909],[35.482207,33.90545],[35.979592,34.610058],[35.998403,34.644914],[36.448194,34.593935],[36.61175,34.201789],[36.06646,33.824912],[35.821101,33.277426]]]},"properties":{}},{"type":"Feature","geometry":{"type":"Polygon","coordinates":[[[49.543519,-12.469833],[49.808981,-12.895285],[50.056511,-13.555761],[50.217431,-14.758789],[50.476537,-15.226512],[50.377111,-15.706069],[50.200275,-16.000263],[49.860606,-15.414253],[49.672607,-15.710204],[49.863344,-16.451037],[49.774564,-16.875042],[49.498612,-17.106036],[49.435619,-17.953064],[49.041792,-19.118781],[48.548541,-20.496888],[47.930749,-22.391501],[47.547723,-23.781959],[47.095761,-24.94163],[46.282478,-25.178463],[45.409508,-25.601434],[44.833574,-25.346101],[44.03972,-24.988345],[43.763768,-24.460677],[43.697778,-23.574116],[43.345654,-22.776904],[43.254187,-22.057413],[43.433298,-21.336475],[43.893683,-21.163307],[43.89637,-20.830459],[44.374325,-20.072366],[44.464397,-19.435454],[44.232422,-18.961995],[44.042976,-18.331387],[43.963084,-17.409945],[44.312469,-16.850496],[44.446517,-16.216219],[44.944937,-16.179374],[45.502732,-15.974373],[45.872994,-15.793454],[46.312243,-15.780018],[46.882183,-15.210182],[47.70513,-14.594303],[48.005215,-14.091233],[47.869047,-13.663869],[48.293828,-13.784068],[48.84506,-13.089175],[48.863509,-12.487868],[49.194651,-12.040557],[49.543519,-12.469833]]]},"properties":{}},{"type":"Feature","geometry":{"type":"Polygon","coordinates":[[[35.397561,31.489086],[34.927408,31.353435],[34.970507,31.616778],[35.225892,31.754341],[34.974641,31.866582],[35.18393,32.532511],[35.545665,32.393992],[35.545252,31.782505],[35.397561,31.489086]]]},"properties":{}},{"type":"Feature","geometry":{"type":"Polygon","coordinates":[[[-16.713729,13.594959],[-15.624596,13.623587],[-15.39877,13.860369],[-15.081735,13.876492],[-14.687031,13.630357],[-14.376714,13.62568],[-14.046992,13.794068],[-13.844963,13.505042],[-14.277702,13.280585],[-14.712197,13.298207],[-15.141163,13.509512],[-15.511813,13.27857],[-15.691001,13.270353],[-15.931296,13.130284],[-16.841525,13.151394],[-16.713729,13.594959]]]},"properties":{}},{"type":"Feature","geometry":{"type":"Polygon","coordinates":[[[9.48214,30.307556],[9.055603,32.102692],[8.439103,32.506285],[8.430473,32.748337],[7.612642,33.344115],[7.524482,34.097376],[8.140981,34.655146],[8.376368,35.479876],[8.217824,36.433177],[8.420964,36.946427],[9.509994,37.349994],[10.210002,37.230002],[10.18065,36.724038],[11.028867,37.092103],[11.100026,36.899996],[10.600005,36.41],[10.593287,35.947444],[10.939519,35.698984],[10.807847,34.833507],[10.149593,34.330773],[10.339659,33.785742],[10.856836,33.76874],[11.108501,33.293343],[11.488787,33.136996],[11.432253,32.368903],[10.94479,32.081815],[10.636901,31.761421],[9.950225,31.37607],[10.056575,30.961831],[9.970017,30.539325],[9.48214,30.307556]]]},"properties":{}},{"type":"Feature","geometry":{"type":"Polygon","coordinates":[[[-8.6844,27.395744],[-8.665124,27.589479],[-8.66559,27.656426],[-8.674116,28.841289],[-7.059228,29.579228],[-6.060632,29.7317],[-5.242129,30.000443],[-4.859646,30.501188],[-3.690441,30.896952],[-3.647498,31.637294],[-3.06898,31.724498],[-2.616605,32.094346],[-1.307899,32.262889],[-1.124551,32.651522],[-1.388049,32.864015],[-1.733455,33.919713],[-1.792986,34.527919],[-2.169914,35.168396],[-1.208603,35.714849],[-0.127454,35.888662],[0.503877,36.301273],[1.466919,36.605647],[3.161699,36.783905],[4.815758,36.865037],[5.32012,36.716519],[6.26182,37.110655],[7.330385,37.118381],[7.737078,36.885708],[8.420964,36.946427],[8.217824,36.433177],[8.376368,35.479876],[8.140981,34.655146],[7.524482,34.097376],[7.612642,33.344115],[8.430473,32.748337],[8.439103,32.506285],[9.055603,32.102692],[9.48214,30.307556],[9.805634,29.424638],[9.859998,28.95999],[9.683885,28.144174],[9.756128,27.688259],[9.629056,27.140953],[9.716286,26.512206],[9.319411,26.094325],[9.910693,25.365455],[9.948261,24.936954],[10.303847,24.379313],[10.771364,24.562532],[11.560669,24.097909],[11.999506,23.471668],[8.572893,21.565661],[5.677566,19.601207],[4.267419,19.155265],[3.158133,19.057364],[3.146661,19.693579],[2.683588,19.85623],[2.060991,20.142233],[1.823228,20.610809],[-1.550055,22.792666],[-4.923337,24.974574],[-8.6844,27.395744]]]},"properties":{}},{"type":"Feature","geometry":{"type":"Polygon","coordinates":[[[35.545665,32.393992],[35.719918,32.709192],[36.834062,32.312938],[38.792341,33.378686],[39.195468,32.161009],[39.004886,32.010217],[37.002166,31.508413],[37.998849,30.5085],[37.66812,30.338665],[37.503582,30.003776],[36.740528,29.865283],[36.501214,29.505254],[36.068941,29.197495],[34.956037,29.356555],[34.922603,29.501326],[35.420918,31.100066],[35.397561,31.489086],[35.545252,31.782505],[35.545665,32.393992]]]},"properties":{}},{"type":"Feature","geometry":{"type":"Polygon","coordinates":[[[51.579519,24.245497],[51.757441,24.294073],[51.794389,24.019826],[52.577081,24.177439],[53.404007,24.151317],[54.008001,24.121758],[54.693024,24.797892],[55.439025,25.439145],[56.070821,26.055464],[56.261042,25.714606],[56.396847,24.924732],[55.886233,24.920831],[55.804119,24.269604],[55.981214,24.130543],[55.528632,23.933604],[55.525841,23.524869],[55.234489,23.110993],[55.208341,22.70833],[55.006803,22.496948],[52.000733,23.001154],[51.617708,24.014219],[51.579519,24.245497]]]},"properties":{}},{"type":"Feature","geometry":{"type":"Polygon","coordinates":[[[50.810108,24.754743],[50.743911,25.482424],[51.013352,26.006992],[51.286462,26.114582],[51.589079,25.801113],[51.6067,25.21567],[51.389608,24.627386],[51.112415,24.556331],[50.810108,24.754743]]]},"properties":{}},{"type":"Feature","geometry":{"type":"Polygon","coordinates":[[[47.974519,29.975819],[48.183189,29.534477],[48.093943,29.306299],[48.416094,28.552004],[47.708851,28.526063],[47.459822,29.002519],[46.568713,29.099025],[47.302622,30.05907],[47.974519,29.975819]]]},"properties":{}},{"type":"Feature","geometry":{"type":"Polygon","coordinates":[[[39.195468,32.161009],[38.792341,33.378686],[41.006159,34.419372],[41.383965,35.628317],[41.289707,36.358815],[41.837064,36.605854],[42.349591,37.229873],[42.779126,37.385264],[43.942259,37.256228],[44.293452,37.001514],[44.772677,37.170437],[45.420618,35.977546],[46.07634,35.677383],[46.151788,35.093259],[45.64846,34.748138],[45.416691,33.967798],[46.109362,33.017287],[47.334661,32.469155],[47.849204,31.709176],[47.685286,30.984853],[48.004698,30.985137],[48.014568,30.452457],[48.567971,29.926778],[47.974519,29.975819],[47.302622,30.05907],[46.568713,29.099025],[44.709499,29.178891],[41.889981,31.190009],[40.399994,31.889992],[39.195468,32.161009]]]},"properties":{}},{"type":"Feature","geometry":{"type":"MultiPolygon","coordinates":[[[[55.208341,22.70833],[55.234489,23.110993],[55.525841,23.524869],[55.528632,23.933604],[55.981214,24.130543],[55.804119,24.269604],[55.886233,24.920831],[56.396847,24.924732],[56.84514,24.241673],[57.403453,23.878594],[58.136948,23.747931],[58.729211,23.565668],[59.180502,22.992395],[59.450098,22.660271],[59.80806,22.533612],[59.806148,22.310525],[59.442191,21.714541],[59.282408,21.433886],[58.861141,21.114035],[58.487986,20.428986],[58.034318,20.481437],[57.826373,20.243002],[57.665762,19.736005],[57.7887,19.06757],[57.694391,18.94471],[57.234264,18.947991],[56.609651,18.574267],[56.512189,18.087113],[56.283521,17.876067],[55.661492,17.884128],[55.269939,17.632309],[55.2749,17.228354],[54.791002,16.950697],[54.239253,17.044981],[53.570508,16.707663],[53.108573,16.651051],[52.782184,17.349742],[52.00001,19.000003],[54.999982,19.999994],[55.666659,22.000001],[55.208341,22.70833]]],[[[56.261042,25.714606],[56.070821,26.055464],[56.362017,26.395934],[56.485679,26.309118],[56.391421,25.895991],[56.261042,25.714606]]]]},"properties":{}},{"type":"Feature","geometry":{"type":"MultiPolygon","coordinates":[[[[167.216801,-15.891846],[167.844877,-16.466333],[167.515181,-16.59785],[167.180008,-16.159995],[167.216801,-15.891846]]],[[[166.793158,-15.668811],[166.649859,-15.392704],[166.629137,-14.626497],[167.107712,-14.93392],[167.270028,-15.740021],[167.001207,-15.614602],[166.793158,-15.668811]]]]},"properties":{}},{"type":"Feature","geometry":{"type":"Polygon","coordinates":[[[102.584932,12.186595],[102.348099,13.394247],[102.988422,14.225721],[104.281418,14.416743],[105.218777,14.273212],[106.043946,13.881091],[106.496373,14.570584],[107.382727,14.202441],[107.614548,13.535531],[107.491403,12.337206],[105.810524,11.567615],[106.24967,10.961812],[105.199915,10.88931],[104.334335,10.486544],[103.49728,10.632555],[103.09069,11.153661],[102.584932,12.186595]]]},"properties":{}},{"type":"Feature","geometry":{"type":"Polygon","coordinates":[[[105.218777,14.273212],[104.281418,14.416743],[102.988422,14.225721],[102.348099,13.394247],[102.584932,12.186595],[101.687158,12.64574],[100.83181,12.627085],[100.978467,13.412722],[100.097797,13.406856],[100.018733,12.307001],[99.478921,10.846367],[99.153772,9.963061],[99.222399,9.239255],[99.873832,9.207862],[100.279647,8.295153],[100.459274,7.429573],[101.017328,6.856869],[101.623079,6.740622],[102.141187,6.221636],[101.814282,5.810808],[101.154219,5.691384],[101.075516,6.204867],[100.259596,6.642825],[100.085757,6.464489],[99.690691,6.848213],[99.519642,7.343454],[98.988253,7.907993],[98.503786,8.382305],[98.339662,7.794512],[98.150009,8.350007],[98.25915,8.973923],[98.553551,9.93296],[99.038121,10.960546],[99.587286,11.892763],[99.196354,12.804748],[99.212012,13.269294],[99.097755,13.827503],[98.430819,14.622028],[98.192074,15.123703],[98.537376,15.308497],[98.903348,16.177824],[98.493761,16.837836],[97.859123,17.567946],[97.375896,18.445438],[97.797783,18.62708],[98.253724,19.708203],[98.959676,19.752981],[99.543309,20.186598],[100.115988,20.41785],[100.548881,20.109238],[100.606294,19.508344],[101.282015,19.462585],[101.035931,18.408928],[101.059548,17.512497],[102.113592,18.109102],[102.413005,17.932782],[102.998706,17.961695],[103.200192,18.309632],[103.956477,18.240954],[104.716947,17.428859],[104.779321,16.441865],[105.589039,15.570316],[105.544338,14.723934],[105.218777,14.273212]]]},"properties":{}},{"type":"Feature","geometry":{"type":"Polygon","coordinates":[[[107.382727,14.202441],[106.496373,14.570584],[106.043946,13.881091],[105.218777,14.273212],[105.544338,14.723934],[105.589039,15.570316],[104.779321,16.441865],[104.716947,17.428859],[103.956477,18.240954],[103.200192,18.309632],[102.998706,17.961695],[102.413005,17.932782],[102.113592,18.109102],[101.059548,17.512497],[101.035931,18.408928],[101.282015,19.462585],[100.606294,19.508344],[100.548881,20.109238],[100.115988,20.41785],[100.329101,20.786122],[101.180005,21.436573],[101.270026,21.201652],[101.80312,21.174367],[101.652018,22.318199],[102.170436,22.464753],[102.754896,21.675137],[103.203861,20.766562],[104.435,20.758733],[104.822574,19.886642],[104.183388,19.624668],[103.896532,19.265181],[105.094598,18.666975],[105.925762,17.485315],[106.556008,16.604284],[107.312706,15.908538],[107.564525,15.202173],[107.382727,14.202441]]]},"properties":{}},{"type":"Feature","geometry":{"type":"Polygon","coordinates":[[[100.115988,20.41785],[99.543309,20.186598],[98.959676,19.752981],[98.253724,19.708203],[97.797783,18.62708],[97.375896,18.445438],[97.859123,17.567946],[98.493761,16.837836],[98.903348,16.177824],[98.537376,15.308497],[98.192074,15.123703],[98.430819,14.622028],[99.097755,13.827503],[99.212012,13.269294],[99.196354,12.804748],[99.587286,11.892763],[99.038121,10.960546],[98.553551,9.93296],[98.457174,10.675266],[98.764546,11.441292],[98.428339,12.032987],[98.509574,13.122378],[98.103604,13.64046],[97.777732,14.837286],[97.597072,16.100568],[97.16454,16.928734],[96.505769,16.427241],[95.369352,15.71439],[94.808405,15.803454],[94.188804,16.037936],[94.533486,17.27724],[94.324817,18.213514],[93.540988,19.366493],[93.663255,19.726962],[93.078278,19.855145],[92.368554,20.670883],[92.303234,21.475485],[92.652257,21.324048],[92.672721,22.041239],[93.166128,22.27846],[93.060294,22.703111],[93.286327,23.043658],[93.325188,24.078556],[94.106742,23.850741],[94.552658,24.675238],[94.603249,25.162495],[95.155153,26.001307],[95.124768,26.573572],[96.419366,27.264589],[97.133999,27.083774],[97.051989,27.699059],[97.402561,27.882536],[97.327114,28.261583],[97.911988,28.335945],[98.246231,27.747221],[98.68269,27.508812],[98.712094,26.743536],[98.671838,25.918703],[97.724609,25.083637],[97.60472,23.897405],[98.660262,24.063286],[98.898749,23.142722],[99.531992,22.949039],[99.240899,22.118314],[99.983489,21.742937],[100.416538,21.558839],[101.150033,21.849984],[101.180005,21.436573],[100.329101,20.786122],[100.115988,20.41785]]]},"properties":{}},{"type":"Feature","geometry":{"type":"Polygon","coordinates":[[[104.334335,10.486544],[105.199915,10.88931],[106.24967,10.961812],[105.810524,11.567615],[107.491403,12.337206],[107.614548,13.535531],[107.382727,14.202441],[107.564525,15.202173],[107.312706,15.908538],[106.556008,16.604284],[105.925762,17.485315],[105.094598,18.666975],[103.896532,19.265181],[104.183388,19.624668],[104.822574,19.886642],[104.435,20.758733],[103.203861,20.766562],[102.754896,21.675137],[102.170436,22.464753],[102.706992,22.708795],[103.504515,22.703757],[104.476858,22.81915],[105.329209,23.352063],[105.811247,22.976892],[106.725403,22.794268],[106.567273,22.218205],[107.04342,21.811899],[108.05018,21.55238],[106.715068,20.696851],[105.881682,19.75205],[105.662006,19.058165],[106.426817,18.004121],[107.361954,16.697457],[108.269495,16.079742],[108.877107,15.276691],[109.33527,13.426028],[109.200136,11.666859],[108.36613,11.008321],[107.220929,10.364484],[106.405113,9.53084],[105.158264,8.59976],[104.795185,9.241038],[105.076202,9.918491],[104.334335,10.486544]]]},"properties":{}},{"type":"Feature","geometry":{"type":"MultiPolygon","coordinates":[[[[130.780004,42.220008],[130.780005,42.22001],[130.780007,42.220007],[130.780004,42.220008]]],[[[130.64,42.395024],[130.64,42.395],[130.779992,42.22001],[130.400031,42.280004],[129.965949,41.941368],[129.667362,41.601104],[129.705189,40.882828],[129.188115,40.661808],[129.0104,40.485436],[128.633368,40.189847],[127.967414,40.025413],[127.533436,39.75685],[127.50212,39.323931],[127.385434,39.213472],[127.783343,39.050898],[128.349716,38.612243],[128.205746,38.370397],[127.780035,38.304536],[127.073309,38.256115],[126.68372,37.804773],[126.237339,37.840378],[126.174759,37.749686],[125.689104,37.94001],[125.568439,37.752089],[125.27533,37.669071],[125.240087,37.857224],[124.981033,37.948821],[124.712161,38.108346],[124.985994,38.548474],[125.221949,38.665857],[125.132859,38.848559],[125.38659,39.387958],[125.321116,39.551385],[124.737482,39.660344],[124.265625,39.928493],[125.079942,40.569824],[126.182045,41.107336],[126.869083,41.816569],[127.343783,41.503152],[128.208433,41.466772],[128.052215,41.994285],[129.596669,42.424982],[129.994267,42.985387],[130.64,42.395024]]]]},"properties":{}},{"type":"Feature","geometry":{"type":"Polygon","coordinates":[[[126.174759,37.749686],[126.237339,37.840378],[126.68372,37.804773],[127.073309,38.256115],[127.780035,38.304536],[128.205746,38.370397],[128.349716,38.612243],[129.21292,37.432392],[129.46045,36.784189],[129.468304,35.632141],[129.091377,35.082484],[128.18585,34.890377],[127.386519,34.475674],[126.485748,34.390046],[126.37392,34.93456],[126.559231,35.684541],[126.117398,36.725485],[126.860143,36.893924],[126.174759,37.749686]]]},"properties":{}},{"type":"Feature","geometry":{"type":"Polygon","coordinates":[[[87.751264,49.297198],[88.805567,49.470521],[90.713667,50.331812],[92.234712,50.802171],[93.10421,50.49529],[94.147566,50.480537],[94.815949,50.013433],[95.81402,49.97746],[97.25976,49.72605],[98.231762,50.422401],[97.82574,51.010995],[98.861491,52.047366],[99.981732,51.634006],[100.88948,51.516856],[102.06521,51.25991],[102.25589,50.51056],[103.676545,50.089966],[104.62158,50.27532],[105.886591,50.406019],[106.888804,50.274296],[107.868176,49.793705],[108.475167,49.282548],[109.402449,49.292961],[110.662011,49.130128],[111.581231,49.377968],[112.89774,49.543565],[114.362456,50.248303],[114.96211,50.140247],[115.485695,49.805177],[116.678801,49.888531],[116.191802,49.134598],[115.485282,48.135383],[115.742837,47.726545],[116.308953,47.85341],[117.295507,47.697709],[118.064143,48.06673],[118.866574,47.74706],[119.772824,47.048059],[119.66327,46.69268],[118.874326,46.805412],[117.421701,46.672733],[116.717868,46.388202],[115.985096,45.727235],[114.460332,45.339817],[113.463907,44.808893],[112.436062,45.011646],[111.873306,45.102079],[111.348377,44.457442],[111.667737,44.073176],[111.829588,43.743118],[111.129682,43.406834],[110.412103,42.871234],[109.243596,42.519446],[107.744773,42.481516],[106.129316,42.134328],[104.964994,41.59741],[104.522282,41.908347],[103.312278,41.907468],[101.83304,42.514873],[100.845866,42.663804],[99.515817,42.524691],[97.451757,42.74889],[96.349396,42.725635],[95.762455,43.319449],[95.306875,44.241331],[94.688929,44.352332],[93.480734,44.975472],[92.133891,45.115076],[90.94554,45.286073],[90.585768,45.719716],[90.970809,46.888146],[90.280826,47.693549],[88.854298,48.069082],[88.013832,48.599463],[87.751264,49.297198]]]},"properties":{}},{"type":"Feature","geometry":{"type":"Polygon","coordinates":[[[97.327114,28.261583],[97.402561,27.882536],[97.051989,27.699059],[97.133999,27.083774],[96.419366,27.264589],[95.124768,26.573572],[95.155153,26.001307],[94.603249,25.162495],[94.552658,24.675238],[94.106742,23.850741],[93.325188,24.078556],[93.286327,23.043658],[93.060294,22.703111],[93.166128,22.27846],[92.672721,22.041239],[92.146035,23.627499],[91.869928,23.624346],[91.706475,22.985264],[91.158963,23.503527],[91.46773,24.072639],[91.915093,24.130414],[92.376202,24.976693],[91.799596,25.147432],[90.872211,25.132601],[89.920693,25.26975],[89.832481,25.965082],[89.355094,26.014407],[88.563049,26.446526],[88.209789,25.768066],[88.931554,25.238692],[88.306373,24.866079],[88.084422,24.501657],[88.69994,24.233715],[88.52977,23.631142],[88.876312,22.879146],[89.031961,22.055708],[88.888766,21.690588],[88.208497,21.703172],[86.975704,21.495562],[87.033169,20.743308],[86.499351,20.151638],[85.060266,19.478579],[83.941006,18.30201],[83.189217,17.671221],[82.192792,17.016636],[82.191242,16.556664],[81.692719,16.310219],[80.791999,15.951972],[80.324896,15.899185],[80.025069,15.136415],[80.233274,13.835771],[80.286294,13.006261],[79.862547,12.056215],[79.857999,10.357275],[79.340512,10.308854],[78.885345,9.546136],[79.18972,9.216544],[78.277941,8.933047],[77.941165,8.252959],[77.539898,7.965535],[76.592979,8.899276],[76.130061,10.29963],[75.746467,11.308251],[75.396101,11.781245],[74.864816,12.741936],[74.616717,13.992583],[74.443859,14.617222],[73.534199,15.990652],[73.119909,17.92857],[72.820909,19.208234],[72.824475,20.419503],[72.630533,21.356009],[71.175273,20.757441],[70.470459,20.877331],[69.16413,22.089298],[69.644928,22.450775],[69.349597,22.84318],[68.176645,23.691965],[68.842599,24.359134],[71.04324,24.356524],[70.844699,25.215102],[70.282873,25.722229],[70.168927,26.491872],[69.514393,26.940966],[70.616496,27.989196],[71.777666,27.91318],[72.823752,28.961592],[73.450638,29.976413],[74.42138,30.979815],[74.405929,31.692639],[75.258642,32.271105],[74.451559,32.7649],[74.104294,33.441473],[73.749948,34.317699],[74.240203,34.748887],[75.757061,34.504923],[76.871722,34.653544],[77.837451,35.49401],[78.912269,34.321936],[78.811086,33.506198],[79.208892,32.994395],[79.176129,32.48378],[78.458446,32.618164],[78.738894,31.515906],[79.721367,30.882715],[81.111256,30.183481],[80.476721,29.729865],[80.088425,28.79447],[81.057203,28.416095],[81.999987,27.925479],[83.304249,27.364506],[84.675018,27.234901],[85.251779,26.726198],[86.024393,26.630985],[87.227472,26.397898],[88.060238,26.414615],[88.174804,26.810405],[88.043133,27.445819],[88.120441,27.876542],[88.730326,28.086865],[88.814248,27.299316],[88.835643,27.098966],[89.744528,26.719403],[90.373275,26.875724],[91.217513,26.808648],[92.033484,26.83831],[92.103712,27.452614],[91.696657,27.771742],[92.503119,27.896876],[93.413348,28.640629],[94.56599,29.277438],[95.404802,29.031717],[96.117679,29.452802],[96.586591,28.83098],[96.248833,28.411031],[97.327114,28.261583]]]},"properties":{}},{"type":"Feature","geometry":{"type":"Polygon","coordinates":[[[92.672721,22.041239],[92.652257,21.324048],[92.303234,21.475485],[92.368554,20.670883],[92.082886,21.192195],[92.025215,21.70157],[91.834891,22.182936],[91.417087,22.765019],[90.496006,22.805017],[90.586957,22.392794],[90.272971,21.836368],[89.847467,22.039146],[89.70205,21.857116],[89.418863,21.966179],[89.031961,22.055708],[88.876312,22.879146],[88.52977,23.631142],[88.69994,24.233715],[88.084422,24.501657],[88.306373,24.866079],[88.931554,25.238692],[88.209789,25.768066],[88.563049,26.446526],[89.355094,26.014407],[89.832481,25.965082],[89.920693,25.26975],[90.872211,25.132601],[91.799596,25.147432],[92.376202,24.976693],[91.915093,24.130414],[91.46773,24.072639],[91.158963,23.503527],[91.706475,22.985264],[91.869928,23.624346],[92.146035,23.627499],[92.672721,22.041239]]]},"properties":{}},{"type":"Feature","geometry":{"type":"Polygon","coordinates":[[[91.696657,27.771742],[92.103712,27.452614],[92.033484,26.83831],[91.217513,26.808648],[90.373275,26.875724],[89.744528,26.719403],[88.835643,27.098966],[88.814248,27.299316],[89.47581,28.042759],[90.015829,28.296439],[90.730514,28.064954],[91.258854,28.040614],[91.696657,27.771742]]]},"properties":{}},{"type":"Feature","geometry":{"type":"Polygon","coordinates":[[[88.120441,27.876542],[88.043133,27.445819],[88.174804,26.810405],[88.060238,26.414615],[87.227472,26.397898],[86.024393,26.630985],[85.251779,26.726198],[84.675018,27.234901],[83.304249,27.364506],[81.999987,27.925479],[81.057203,28.416095],[80.088425,28.79447],[80.476721,29.729865],[81.111256,30.183481],[81.525804,30.422717],[82.327513,30.115268],[83.337115,29.463732],[83.898993,29.320226],[84.23458,28.839894],[85.011638,28.642774],[85.82332,28.203576],[86.954517,27.974262],[88.120441,27.876542]]]},"properties":{}},{"type":"Feature","geometry":{"type":"Polygon","coordinates":[[[77.837451,35.49401],[76.871722,34.653544],[75.757061,34.504923],[74.240203,34.748887],[73.749948,34.317699],[74.104294,33.441473],[74.451559,32.7649],[75.258642,32.271105],[74.405929,31.692639],[74.42138,30.979815],[73.450638,29.976413],[72.823752,28.961592],[71.777666,27.91318],[70.616496,27.989196],[69.514393,26.940966],[70.168927,26.491872],[70.282873,25.722229],[70.844699,25.215102],[71.04324,24.356524],[68.842599,24.359134],[68.176645,23.691965],[67.443667,23.944844],[67.145442,24.663611],[66.372828,25.425141],[64.530408,25.237039],[62.905701,25.218409],[61.497363,25.078237],[61.874187,26.239975],[63.316632,26.756532],[63.233898,27.217047],[62.755426,27.378923],[62.72783,28.259645],[61.771868,28.699334],[61.369309,29.303276],[60.874248,29.829239],[62.549857,29.318572],[63.550261,29.468331],[64.148002,29.340819],[64.350419,29.560031],[65.046862,29.472181],[66.346473,29.887943],[66.381458,30.738899],[66.938891,31.304911],[67.683394,31.303154],[67.792689,31.58293],[68.556932,31.71331],[68.926677,31.620189],[69.317764,31.901412],[69.262522,32.501944],[69.687147,33.105499],[70.323594,33.358533],[69.930543,34.02012],[70.881803,33.988856],[71.156773,34.348911],[71.115019,34.733126],[71.613076,35.153203],[71.498768,35.650563],[71.262348,36.074388],[71.846292,36.509942],[72.920025,36.720007],[74.067552,36.836176],[74.575893,37.020841],[75.158028,37.133031],[75.896897,36.666806],[76.192848,35.898403],[77.837451,35.49401]]]},"properties":{}},{"type":"Feature","geometry":{"type":"Polygon","coordinates":[[[66.518607,37.362784],[67.075782,37.356144],[67.83,37.144994],[68.135562,37.023115],[68.859446,37.344336],[69.196273,37.151144],[69.518785,37.608997],[70.116578,37.588223],[70.270574,37.735165],[70.376304,38.138396],[70.806821,38.486282],[71.348131,38.258905],[71.239404,37.953265],[71.541918,37.905774],[71.448693,37.065645],[71.844638,36.738171],[72.193041,36.948288],[72.63689,37.047558],[73.260056,37.495257],[73.948696,37.421566],[74.980002,37.41999],[75.158028,37.133031],[74.575893,37.020841],[74.067552,36.836176],[72.920025,36.720007],[71.846292,36.509942],[71.262348,36.074388],[71.498768,35.650563],[71.613076,35.153203],[71.115019,34.733126],[71.156773,34.348911],[70.881803,33.988856],[69.930543,34.02012],[70.323594,33.358533],[69.687147,33.105499],[69.262522,32.501944],[69.317764,31.901412],[68.926677,31.620189],[68.556932,31.71331],[67.792689,31.58293],[67.683394,31.303154],[66.938891,31.304911],[66.381458,30.738899],[66.346473,29.887943],[65.046862,29.472181],[64.350419,29.560031],[64.148002,29.340819],[63.550261,29.468331],[62.549857,29.318572],[60.874248,29.829239],[61.781222,30.73585],[61.699314,31.379506],[60.941945,31.548075],[60.863655,32.18292],[60.536078,32.981269],[60.9637,33.528832],[60.52843,33.676446],[60.803193,34.404102],[61.210817,35.650072],[62.230651,35.270664],[62.984662,35.404041],[63.193538,35.857166],[63.982896,36.007957],[64.546479,36.312073],[64.746105,37.111818],[65.588948,37.305217],[65.745631,37.661164],[66.217385,37.39379],[66.518607,37.362784]]]},"properties":{}},{"type":"Feature","geometry":{"type":"Polygon","coordinates":[[[67.83,37.144994],[68.392033,38.157025],[68.176025,38.901553],[67.44222,39.140144],[67.701429,39.580478],[68.536416,39.533453],[69.011633,40.086158],[69.329495,40.727824],[70.666622,40.960213],[70.45816,40.496495],[70.601407,40.218527],[71.014198,40.244366],[70.648019,39.935754],[69.55961,40.103211],[69.464887,39.526683],[70.549162,39.604198],[71.784694,39.279463],[73.675379,39.431237],[73.928852,38.505815],[74.257514,38.606507],[74.864816,38.378846],[74.829986,37.990007],[74.980002,37.41999],[73.948696,37.421566],[73.260056,37.495257],[72.63689,37.047558],[72.193041,36.948288],[71.844638,36.738171],[71.448693,37.065645],[71.541918,37.905774],[71.239404,37.953265],[71.348131,38.258905],[70.806821,38.486282],[70.376304,38.138396],[70.270574,37.735165],[70.116578,37.588223],[69.518785,37.608997],[69.196273,37.151144],[68.859446,37.344336],[68.135562,37.023115],[67.83,37.144994]]]},"properties":{}},{"type":"Feature","geometry":{"type":"Polygon","coordinates":[[[70.962315,42.266154],[71.186281,42.704293],[71.844638,42.845395],[73.489758,42.500894],[73.645304,43.091272],[74.212866,43.298339],[75.636965,42.8779],[76.000354,42.988022],[77.658392,42.960686],[79.142177,42.856092],[79.643645,42.496683],[80.25999,42.349999],[80.11943,42.123941],[78.543661,41.582243],[78.187197,41.185316],[76.904484,41.066486],[76.526368,40.427946],[75.467828,40.562072],[74.776862,40.366425],[73.822244,39.893973],[73.960013,39.660008],[73.675379,39.431237],[71.784694,39.279463],[70.549162,39.604198],[69.464887,39.526683],[69.55961,40.103211],[70.648019,39.935754],[71.014198,40.244366],[71.774875,40.145844],[73.055417,40.866033],[71.870115,41.3929],[71.157859,41.143587],[70.420022,41.519998],[71.259248,42.167711],[70.962315,42.266154]]]},"properties":{}},{"type":"Feature","geometry":{"type":"Polygon","coordinates":[[[52.50246,41.783316],[52.944293,42.116034],[54.079418,42.324109],[54.755345,42.043971],[55.455251,41.259859],[55.968191,41.308642],[57.096391,41.32231],[56.932215,41.826026],[57.78653,42.170553],[58.629011,42.751551],[59.976422,42.223082],[60.083341,41.425146],[60.465953,41.220327],[61.547179,41.26637],[61.882714,41.084857],[62.37426,40.053886],[63.518015,39.363257],[64.170223,38.892407],[65.215999,38.402695],[66.54615,37.974685],[66.518607,37.362784],[66.217385,37.39379],[65.745631,37.661164],[65.588948,37.305217],[64.746105,37.111818],[64.546479,36.312073],[63.982896,36.007957],[63.193538,35.857166],[62.984662,35.404041],[62.230651,35.270664],[61.210817,35.650072],[61.123071,36.491597],[60.377638,36.527383],[59.234762,37.412988],[58.436154,37.522309],[57.330434,38.029229],[56.619366,38.121394],[56.180375,37.935127],[55.511578,37.964117],[54.800304,37.392421],[53.921598,37.198918],[53.735511,37.906136],[53.880929,38.952093],[53.101028,39.290574],[53.357808,39.975286],[52.693973,40.033629],[52.915251,40.876523],[53.858139,40.631034],[54.736845,40.951015],[54.008311,41.551211],[53.721713,42.123191],[52.91675,41.868117],[52.814689,41.135371],[52.50246,41.783316]]]},"properties":{}},{"type":"Feature","geometry":{"type":"Polygon","coordinates":[[[48.567971,29.926778],[48.014568,30.452457],[48.004698,30.985137],[47.685286,30.984853],[47.849204,31.709176],[47.334661,32.469155],[46.109362,33.017287],[45.416691,33.967798],[45.64846,34.748138],[46.151788,35.093259],[46.07634,35.677383],[45.420618,35.977546],[44.772677,37.170437],[44.77267,37.17045],[44.225756,37.971584],[44.421403,38.281281],[44.109225,39.428136],[44.79399,39.713003],[44.952688,39.335765],[45.457722,38.874139],[46.143623,38.741201],[46.50572,38.770605],[47.685079,39.508364],[48.060095,39.582235],[48.355529,39.288765],[48.010744,38.794015],[48.634375,38.270378],[48.883249,38.320245],[49.199612,37.582874],[50.147771,37.374567],[50.842354,36.872814],[52.264025,36.700422],[53.82579,36.965031],[53.921598,37.198918],[54.800304,37.392421],[55.511578,37.964117],[56.180375,37.935127],[56.619366,38.121394],[57.330434,38.029229],[58.436154,37.522309],[59.234762,37.412988],[60.377638,36.527383],[61.123071,36.491597],[61.210817,35.650072],[60.803193,34.404102],[60.52843,33.676446],[60.9637,33.528832],[60.536078,32.981269],[60.863655,32.18292],[60.941945,31.548075],[61.699314,31.379506],[61.781222,30.73585],[60.874248,29.829239],[61.369309,29.303276],[61.771868,28.699334],[62.72783,28.259645],[62.755426,27.378923],[63.233898,27.217047],[63.316632,26.756532],[61.874187,26.239975],[61.497363,25.078237],[59.616134,25.380157],[58.525761,25.609962],[57.397251,25.739902],[56.970766,26.966106],[56.492139,27.143305],[55.72371,26.964633],[54.71509,26.480658],[53.493097,26.812369],[52.483598,27.580849],[51.520763,27.86569],[50.852948,28.814521],[50.115009,30.147773],[49.57685,29.985715],[48.941333,30.31709],[48.567971,29.926778]]]},"properties":{}},{"type":"Feature","geometry":{"type":"Polygon","coordinates":[[[35.719918,32.709192],[35.700798,32.716014],[35.836397,32.868123],[35.821101,33.277426],[36.06646,33.824912],[36.61175,34.201789],[36.448194,34.593935],[35.998403,34.644914],[35.905023,35.410009],[36.149763,35.821535],[36.41755,36.040617],[36.685389,36.259699],[36.739494,36.81752],[37.066761,36.623036],[38.167727,36.90121],[38.699891,36.712927],[39.52258,36.716054],[40.673259,37.091276],[41.212089,37.074352],[42.349591,37.229873],[41.837064,36.605854],[41.289707,36.358815],[41.383965,35.628317],[41.006159,34.419372],[38.792341,33.378686],[36.834062,32.312938],[35.719918,32.709192]]]},"properties":{}},{"type":"Feature","geometry":{"type":"Polygon","coordinates":[[[46.50572,38.770605],[46.143623,38.741201],[45.735379,39.319719],[45.739978,39.473999],[45.298145,39.471751],[45.001987,39.740004],[44.79399,39.713003],[44.400009,40.005],[43.656436,40.253564],[43.752658,40.740201],[43.582746,41.092143],[44.97248,41.248129],[45.179496,40.985354],[45.560351,40.81229],[45.359175,40.561504],[45.891907,40.218476],[45.610012,39.899994],[46.034534,39.628021],[46.483499,39.464155],[46.50572,38.770605]]]},"properties":{}},{"type":"Feature","geometry":{"type":"Polygon","coordinates":[[[11.027369,58.856149],[11.468272,59.432393],[12.300366,60.117933],[12.631147,61.293572],[11.992064,61.800362],[11.930569,63.128318],[12.579935,64.066219],[13.571916,64.049114],[13.919905,64.445421],[13.55569,64.787028],[15.108411,66.193867],[16.108712,67.302456],[16.768879,68.013937],[17.729182,68.010552],[17.993868,68.567391],[19.87856,68.407194],[20.025269,69.065139],[20.645593,69.106247],[21.978535,68.616846],[23.539473,67.936009],[23.56588,66.396051],[23.903379,66.006927],[22.183173,65.723741],[21.213517,65.026005],[21.369631,64.413588],[19.778876,63.609554],[17.847779,62.7494],[17.119555,61.341166],[17.831346,60.636583],[18.787722,60.081914],[17.869225,58.953766],[16.829185,58.719827],[16.44771,57.041118],[15.879786,56.104302],[14.666681,56.200885],[14.100721,55.407781],[12.942911,55.361737],[12.625101,56.30708],[11.787942,57.441817],[11.027369,58.856149]]]},"properties":{}},{"type":"Feature","geometry":{"type":"Polygon","coordinates":[[[28.176709,56.16913],[29.229513,55.918344],[29.371572,55.670091],[29.896294,55.789463],[30.873909,55.550976],[30.971836,55.081548],[30.757534,54.811771],[31.384472,54.157056],[31.791424,53.974639],[31.731273,53.794029],[32.405599,53.618045],[32.693643,53.351421],[32.304519,53.132726],[31.49764,53.16743],[31.305201,53.073996],[31.540018,52.742052],[31.78597,52.10168],[31.785992,52.101678],[30.927549,52.042353],[30.619454,51.822806],[30.555117,51.319503],[30.157364,51.416138],[29.254938,51.368234],[28.992835,51.602044],[28.617613,51.427714],[28.241615,51.572227],[27.454066,51.592303],[26.337959,51.832289],[25.327788,51.910656],[24.553106,51.888461],[24.005078,51.617444],[23.527071,51.578454],[23.508002,52.023647],[23.199494,52.486977],[23.799199,52.691099],[23.804935,53.089731],[23.527536,53.470122],[23.484128,53.912498],[24.450684,53.905702],[25.536354,54.282423],[25.768433,54.846963],[26.588279,55.167176],[26.494331,55.615107],[27.10246,55.783314],[28.176709,56.16913]]]},"properties":{}},{"type":"Feature","geometry":{"type":"Polygon","coordinates":[[[31.785992,52.101678],[32.15944,52.06125],[32.412058,52.288695],[32.715761,52.238465],[33.7527,52.335075],[34.391731,51.768882],[34.141978,51.566413],[34.224816,51.255993],[35.022183,51.207572],[35.37791,50.77394],[35.356116,50.577197],[36.626168,50.225591],[37.39346,50.383953],[38.010631,49.915662],[38.594988,49.926462],[40.06904,49.60105],[40.080789,49.30743],[39.67465,48.78382],[39.89562,48.23241],[39.738278,47.898937],[38.77057,47.82562],[38.255112,47.5464],[38.223538,47.10219],[37.425137,47.022221],[36.759855,46.6987],[35.823685,46.645964],[34.962342,46.273197],[35.012659,45.737725],[34.861792,45.768182],[34.732017,45.965666],[34.410402,46.005162],[33.699462,46.219573],[33.435988,45.971917],[33.298567,46.080598],[31.74414,46.333348],[31.675307,46.706245],[30.748749,46.5831],[30.377609,46.03241],[29.603289,45.293308],[29.149725,45.464925],[28.679779,45.304031],[28.233554,45.488283],[28.485269,45.596907],[28.659987,45.939987],[28.933717,46.25883],[28.862972,46.437889],[29.072107,46.517678],[29.170654,46.379262],[29.759972,46.349988],[30.024659,46.423937],[29.83821,46.525326],[29.908852,46.674361],[29.559674,46.928583],[29.415135,47.346645],[29.050868,47.510227],[29.122698,47.849095],[28.670891,48.118149],[28.259547,48.155562],[27.522537,48.467119],[26.857824,48.368211],[26.619337,48.220726],[26.19745,48.220881],[25.945941,47.987149],[25.207743,47.891056],[24.866317,47.737526],[24.402056,47.981878],[23.760958,47.985598],[23.142236,48.096341],[22.710531,47.882194],[22.64082,48.15024],[22.085608,48.422264],[22.280842,48.825392],[22.558138,49.085738],[22.776419,49.027395],[22.51845,49.476774],[23.426508,50.308506],[23.922757,50.424881],[24.029986,50.705407],[23.527071,51.578454],[24.005078,51.617444],[24.553106,51.888461],[25.327788,51.910656],[26.337959,51.832289],[27.454066,51.592303],[28.241615,51.572227],[28.617613,51.427714],[28.992835,51.602044],[29.254938,51.368234],[30.157364,51.416138],[30.555117,51.319503],[30.619454,51.822806],[30.927549,52.042353],[31.785992,52.101678]]]},"properties":{}},{"type":"Feature","geometry":{"type":"Polygon","coordinates":[[[23.484128,53.912498],[23.527536,53.470122],[23.804935,53.089731],[23.799199,52.691099],[23.199494,52.486977],[23.508002,52.023647],[23.527071,51.578454],[24.029986,50.705407],[23.922757,50.424881],[23.426508,50.308506],[22.51845,49.476774],[22.776419,49.027395],[22.558138,49.085738],[21.607808,49.470107],[20.887955,49.328772],[20.415839,49.431453],[19.825023,49.217125],[19.320713,49.571574],[18.909575,49.435846],[18.853144,49.49623],[18.392914,49.988629],[17.649445,50.049038],[17.554567,50.362146],[16.868769,50.473974],[16.719476,50.215747],[16.176253,50.422607],[16.238627,50.697733],[15.490972,50.78473],[15.016996,51.106674],[14.607098,51.745188],[14.685026,52.089947],[14.4376,52.62485],[14.074521,52.981263],[14.353315,53.248171],[14.119686,53.757029],[14.8029,54.050706],[16.363477,54.513159],[17.622832,54.851536],[18.620859,54.682606],[18.696255,54.438719],[19.66064,54.426084],[20.892245,54.312525],[22.731099,54.327537],[23.243987,54.220567],[23.484128,53.912498]]]},"properties":{}},{"type":"Feature","geometry":{"type":"Polygon","coordinates":[[[16.979667,48.123497],[16.903754,47.714866],[16.340584,47.712902],[16.534268,47.496171],[16.202298,46.852386],[16.011664,46.683611],[15.137092,46.658703],[14.632472,46.431817],[13.806475,46.509306],[12.376485,46.767559],[12.153088,47.115393],[11.164828,46.941579],[11.048556,46.751359],[10.442701,46.893546],[9.932448,46.920728],[9.47997,47.10281],[9.632932,47.347601],[9.594226,47.525058],[9.896068,47.580197],[10.402084,47.302488],[10.544504,47.566399],[11.426414,47.523766],[12.141357,47.703083],[12.62076,47.672388],[12.932627,47.467646],[13.025851,47.637584],[12.884103,48.289146],[13.243357,48.416115],[13.595946,48.877172],[14.338898,48.555305],[14.901447,48.964402],[15.253416,49.039074],[16.029647,48.733899],[16.499283,48.785808],[16.960288,48.596982],[16.879983,48.470013],[16.979667,48.123497]]]},"properties":{}},{"type":"Feature","geometry":{"type":"Polygon","coordinates":[[[22.085608,48.422264],[22.64082,48.15024],[22.710531,47.882194],[22.099768,47.672439],[21.626515,46.994238],[21.021952,46.316088],[20.220192,46.127469],[19.596045,46.17173],[18.829838,45.908878],[18.829825,45.908872],[18.456062,45.759481],[17.630066,45.951769],[16.882515,46.380632],[16.564808,46.503751],[16.370505,46.841327],[16.202298,46.852386],[16.534268,47.496171],[16.340584,47.712902],[16.903754,47.714866],[16.979667,48.123497],[17.488473,47.867466],[17.857133,47.758429],[18.696513,47.880954],[18.777025,48.081768],[19.174365,48.111379],[19.661364,48.266615],[19.769471,48.202691],[20.239054,48.327567],[20.473562,48.56285],[20.801294,48.623854],[21.872236,48.319971],[22.085608,48.422264]]]},"properties":{}},{"type":"Feature","geometry":{"type":"Polygon","coordinates":[[[26.619337,48.220726],[26.857824,48.368211],[27.522537,48.467119],[28.259547,48.155562],[28.670891,48.118149],[29.122698,47.849095],[29.050868,47.510227],[29.415135,47.346645],[29.559674,46.928583],[29.908852,46.674361],[29.83821,46.525326],[30.024659,46.423937],[29.759972,46.349988],[29.170654,46.379262],[29.072107,46.517678],[28.862972,46.437889],[28.933717,46.25883],[28.659987,45.939987],[28.485269,45.596907],[28.233554,45.488283],[28.054443,45.944586],[28.160018,46.371563],[28.12803,46.810476],[27.551166,47.405117],[27.233873,47.826771],[26.924176,48.123264],[26.619337,48.220726]]]},"properties":{}},{"type":"Feature","geometry":{"type":"Polygon","coordinates":[[[28.233554,45.488283],[28.679779,45.304031],[29.149725,45.464925],[29.603289,45.293308],[29.626543,45.035391],[29.141612,44.82021],[28.837858,44.913874],[28.558081,43.707462],[27.970107,43.812468],[27.2424,44.175986],[26.065159,43.943494],[25.569272,43.688445],[24.100679,43.741051],[23.332302,43.897011],[22.944832,43.823785],[22.65715,44.234923],[22.474008,44.409228],[22.705726,44.578003],[22.459022,44.702517],[22.145088,44.478422],[21.562023,44.768947],[21.483526,45.18117],[20.874313,45.416375],[20.762175,45.734573],[20.220192,46.127469],[21.021952,46.316088],[21.626515,46.994238],[22.099768,47.672439],[22.710531,47.882194],[23.142236,48.096341],[23.760958,47.985598],[24.402056,47.981878],[24.866317,47.737526],[25.207743,47.891056],[25.945941,47.987149],[26.19745,48.220881],[26.619337,48.220726],[26.924176,48.123264],[27.233873,47.826771],[27.551166,47.405117],[28.12803,46.810476],[28.160018,46.371563],[28.054443,45.944586],[28.233554,45.488283]]]},"properties":{}},{"type":"Feature","geometry":{"type":"Polygon","coordinates":[[[26.494331,55.615107],[26.588279,55.167176],[25.768433,54.846963],[25.536354,54.282423],[24.450684,53.905702],[23.484128,53.912498],[23.243987,54.220567],[22.731099,54.327537],[22.651052,54.582741],[22.757764,54.856574],[22.315724,55.015299],[21.268449,55.190482],[21.0558,56.031076],[22.201157,56.337802],[23.878264,56.273671],[24.860684,56.372528],[25.000934,56.164531],[25.533047,56.100297],[26.494331,55.615107]]]},"properties":{}},{"type":"Feature","geometry":{"type":"Polygon","coordinates":[[[27.288185,57.474528],[27.770016,57.244258],[27.855282,56.759326],[28.176709,56.16913],[27.10246,55.783314],[26.494331,55.615107],[25.533047,56.100297],[25.000934,56.164531],[24.860684,56.372528],[23.878264,56.273671],[22.201157,56.337802],[21.0558,56.031076],[21.090424,56.783873],[21.581866,57.411871],[22.524341,57.753374],[23.318453,57.006236],[24.12073,57.025693],[24.312863,57.793424],[25.164594,57.970157],[25.60281,57.847529],[26.463532,57.476389],[27.288185,57.474528]]]},"properties":{}},{"type":"Feature","geometry":{"type":"Polygon","coordinates":[[[27.981127,59.475373],[27.98112,59.47537],[28.131699,59.300825],[27.42015,58.72457],[27.716686,57.791899],[27.288185,57.474528],[26.463532,57.476389],[25.60281,57.847529],[25.164594,57.970157],[24.312863,57.793424],[24.428928,58.383413],[24.061198,58.257375],[23.42656,58.612753],[23.339795,59.18724],[24.604214,59.465854],[25.864189,59.61109],[26.949136,59.445803],[27.981114,59.475388],[27.981127,59.475373]]]},"properties":{}},{"type":"Feature","geometry":{"type":"Polygon","coordinates":[[[14.119686,53.757029],[14.353315,53.248171],[14.074521,52.981263],[14.4376,52.62485],[14.685026,52.089947],[14.607098,51.745188],[15.016996,51.106674],[14.570718,51.002339],[14.307013,51.117268],[14.056228,50.926918],[13.338132,50.733234],[12.966837,50.484076],[12.240111,50.266338],[12.415191,49.969121],[12.521024,49.547415],[13.031329,49.307068],[13.595946,48.877172],[13.243357,48.416115],[12.884103,48.289146],[13.025851,47.637584],[12.932627,47.467646],[12.62076,47.672388],[12.141357,47.703083],[11.426414,47.523766],[10.544504,47.566399],[10.402084,47.302488],[9.896068,47.580197],[9.594226,47.525058],[8.522612,47.830828],[8.317301,47.61358],[7.466759,47.620582],[7.593676,48.333019],[8.099279,49.017784],[6.65823,49.201958],[6.18632,49.463803],[6.242751,49.902226],[6.043073,50.128052],[6.156658,50.803721],[5.988658,51.851616],[6.589397,51.852029],[6.84287,52.22844],[7.092053,53.144043],[6.90514,53.482162],[7.100425,53.693932],[7.936239,53.748296],[8.121706,53.527792],[8.800734,54.020786],[8.572118,54.395646],[8.526229,54.962744],[9.282049,54.830865],[9.921906,54.983104],[9.93958,54.596642],[10.950112,54.363607],[10.939467,54.008693],[11.956252,54.196486],[12.51844,54.470371],[13.647467,54.075511],[14.119686,53.757029]]]},"properties":{}},{"type":"Feature","geometry":{"type":"Polygon","coordinates":[[[22.65715,44.234923],[22.944832,43.823785],[23.332302,43.897011],[24.100679,43.741051],[25.569272,43.688445],[26.065159,43.943494],[27.2424,44.175986],[27.970107,43.812468],[28.558081,43.707462],[28.039095,43.293172],[27.673898,42.577892],[27.99672,42.007359],[27.135739,42.141485],[26.117042,41.826905],[26.106138,41.328899],[25.197201,41.234486],[24.492645,41.583896],[23.692074,41.309081],[22.952377,41.337994],[22.881374,41.999297],[22.380526,42.32026],[22.545012,42.461362],[22.436595,42.580321],[22.604801,42.898519],[22.986019,43.211161],[22.500157,43.642814],[22.410446,44.008063],[22.65715,44.234923]]]},"properties":{}},{"type":"Feature","geometry":{"type":"MultiPolygon","coordinates":[[[[26.290003,35.29999],[26.164998,35.004995],[24.724982,34.919988],[24.735007,35.084991],[23.514978,35.279992],[23.69998,35.705004],[24.246665,35.368022],[25.025015,35.424996],[25.769208,35.354018],[25.745023,35.179998],[26.290003,35.29999]]],[[[22.952377,41.337994],[23.692074,41.309081],[24.492645,41.583896],[25.197201,41.234486],[26.106138,41.328899],[26.117042,41.826905],[26.604196,41.562115],[26.294602,40.936261],[26.056942,40.824123],[25.447677,40.852545],[24.925848,40.947062],[23.714811,40.687129],[24.407999,40.124993],[23.899968,39.962006],[23.342999,39.960998],[22.813988,40.476005],[22.626299,40.256561],[22.849748,39.659311],[23.350027,39.190011],[22.973099,38.970903],[23.530016,38.510001],[24.025025,38.219993],[24.040011,37.655015],[23.115003,37.920011],[23.409972,37.409991],[22.774972,37.30501],[23.154225,36.422506],[22.490028,36.41],[21.670026,36.844986],[21.295011,37.644989],[21.120034,38.310323],[20.730032,38.769985],[20.217712,39.340235],[20.150016,39.624998],[20.615,40.110007],[20.674997,40.435],[20.99999,40.580004],[21.02004,40.842727],[21.674161,40.931275],[22.055378,41.149866],[22.597308,41.130487],[22.76177,41.3048],[22.952377,41.337994]]]]},"properties":{}},{"type":"Feature","geometry":{"type":"MultiPolygon","coordinates":[[[[44.772677,37.170437],[44.293452,37.001514],[43.942259,37.256228],[42.779126,37.385264],[42.349591,37.229873],[41.212089,37.074352],[40.673259,37.091276],[39.52258,36.716054],[38.699891,36.712927],[38.167727,36.90121],[37.066761,36.623036],[36.739494,36.81752],[36.685389,36.259699],[36.41755,36.040617],[36.149763,35.821535],[35.782085,36.274995],[36.160822,36.650606],[35.550936,36.565443],[34.714553,36.795532],[34.026895,36.21996],[32.509158,36.107564],[31.699595,36.644275],[30.621625,36.677865],[30.391096,36.262981],[29.699976,36.144357],[28.732903,36.676831],[27.641187,36.658822],[27.048768,37.653361],[26.318218,38.208133],[26.8047,38.98576],[26.170785,39.463612],[27.28002,40.420014],[28.819978,40.460011],[29.240004,41.219991],[31.145934,41.087622],[32.347979,41.736264],[33.513283,42.01896],[35.167704,42.040225],[36.913127,41.335358],[38.347665,40.948586],[39.512607,41.102763],[40.373433,41.013673],[41.554084,41.535656],[42.619549,41.583173],[43.582746,41.092143],[43.752658,40.740201],[43.656436,40.253564],[44.400009,40.005],[44.79399,39.713003],[44.109225,39.428136],[44.421403,38.281281],[44.225756,37.971584],[44.77267,37.17045],[44.772677,37.170437]]],[[[26.117042,41.826905],[27.135739,42.141485],[27.99672,42.007359],[28.115525,41.622886],[28.988443,41.299934],[28.806438,41.054962],[27.619017,40.999823],[27.192377,40.690566],[26.358009,40.151994],[26.043351,40.617754],[26.056942,40.824123],[26.294602,40.936261],[26.604196,41.562115],[26.117042,41.826905]]]]},"properties":{}},{"type":"Feature","geometry":{"type":"Polygon","coordinates":[[[21.02004,40.842727],[20.99999,40.580004],[20.674997,40.435],[20.615,40.110007],[20.150016,39.624998],[19.98,39.694993],[19.960002,39.915006],[19.406082,40.250773],[19.319059,40.72723],[19.40355,41.409566],[19.540027,41.719986],[19.371769,41.877548],[19.371768,41.877551],[19.304486,42.195745],[19.738051,42.688247],[19.801613,42.500093],[20.0707,42.58863],[20.283755,42.32026],[20.52295,42.21787],[20.590247,41.855409],[20.590247,41.855404],[20.463175,41.515089],[20.605182,41.086226],[21.02004,40.842727]]]},"properties":{}},{"type":"Feature","geometry":{"type":"Polygon","coordinates":[[[16.564808,46.503751],[16.882515,46.380632],[17.630066,45.951769],[18.456062,45.759481],[18.829825,45.908872],[19.072769,45.521511],[19.390476,45.236516],[19.005485,44.860234],[18.553214,45.08159],[17.861783,45.06774],[17.002146,45.233777],[16.534939,45.211608],[16.318157,45.004127],[15.959367,45.233777],[15.750026,44.818712],[16.23966,44.351143],[16.456443,44.04124],[16.916156,43.667722],[17.297373,43.446341],[17.674922,43.028563],[18.56,42.65],[18.450017,42.479992],[18.450016,42.479991],[17.50997,42.849995],[16.930006,43.209998],[16.015385,43.507215],[15.174454,44.243191],[15.37625,44.317915],[14.920309,44.738484],[14.901602,45.07606],[14.258748,45.233777],[13.952255,44.802124],[13.656976,45.136935],[13.679403,45.484149],[13.71506,45.500324],[14.411968,45.466166],[14.595109,45.634941],[14.935244,45.471695],[15.327675,45.452316],[15.323954,45.731783],[15.67153,45.834154],[15.768733,46.238108],[16.564808,46.503751]]]},"properties":{}},{"type":"Feature","geometry":{"type":"Polygon","coordinates":[[[9.594226,47.525058],[9.632932,47.347601],[9.47997,47.10281],[9.932448,46.920728],[10.442701,46.893546],[10.363378,46.483571],[9.922837,46.314899],[9.182882,46.440215],[8.966306,46.036932],[8.489952,46.005151],[8.31663,46.163642],[7.755992,45.82449],[7.273851,45.776948],[6.843593,45.991147],[6.5001,46.429673],[6.022609,46.27299],[6.037389,46.725779],[6.768714,47.287708],[6.736571,47.541801],[7.192202,47.449766],[7.466759,47.620582],[8.317301,47.61358],[8.522612,47.830828],[9.594226,47.525058]]]},"properties":{}},{"type":"Feature","geometry":{"type":"Polygon","coordinates":[[[6.043073,50.128052],[6.242751,49.902226],[6.18632,49.463803],[5.897759,49.442667],[5.674052,49.529484],[5.782417,50.090328],[6.043073,50.128052]]]},"properties":{}},{"type":"Feature","geometry":{"type":"Polygon","coordinates":[[[6.156658,50.803721],[6.043073,50.128052],[5.782417,50.090328],[5.674052,49.529484],[4.799222,49.985373],[4.286023,49.907497],[3.588184,50.378992],[3.123252,50.780363],[2.658422,50.796848],[2.513573,51.148506],[3.314971,51.345781],[3.315011,51.345777],[3.314971,51.345755],[4.047071,51.267259],[4.973991,51.475024],[5.606976,51.037298],[6.156658,50.803721]]]},"properties":{}},{"type":"Feature","geometry":{"type":"Polygon","coordinates":[[[6.90514,53.482162],[7.092053,53.144043],[6.84287,52.22844],[6.589397,51.852029],[5.988658,51.851616],[6.156658,50.803721],[5.606976,51.037298],[4.973991,51.475024],[4.047071,51.267259],[3.314971,51.345755],[3.315011,51.345777],[3.830289,51.620545],[4.705997,53.091798],[6.074183,53.510403],[6.90514,53.482162]]]},"properties":{}},{"type":"Feature","geometry":{"type":"Polygon","coordinates":[[[-9.034818,41.880571],[-8.671946,42.134689],[-8.263857,42.280469],[-8.013175,41.790886],[-7.422513,41.792075],[-7.251309,41.918346],[-6.668606,41.883387],[-6.389088,41.381815],[-6.851127,41.111083],[-6.86402,40.330872],[-7.026413,40.184524],[-7.066592,39.711892],[-7.498632,39.629571],[-7.098037,39.030073],[-7.374092,38.373059],[-7.029281,38.075764],[-7.166508,37.803894],[-7.537105,37.428904],[-7.453726,37.097788],[-7.855613,36.838269],[-8.382816,36.97888],[-8.898857,36.868809],[-8.746101,37.651346],[-8.839998,38.266243],[-9.287464,38.358486],[-9.526571,38.737429],[-9.446989,39.392066],[-9.048305,39.755093],[-8.977353,40.159306],[-8.768684,40.760639],[-8.790853,41.184334],[-8.990789,41.543459],[-9.034818,41.880571]]]},"properties":{}},{"type":"Feature","geometry":{"type":"Polygon","coordinates":[[[-7.453726,37.097788],[-7.537105,37.428904],[-7.166508,37.803894],[-7.029281,38.075764],[-7.374092,38.373059],[-7.098037,39.030073],[-7.498632,39.629571],[-7.066592,39.711892],[-7.026413,40.184524],[-6.86402,40.330872],[-6.851127,41.111083],[-6.389088,41.381815],[-6.668606,41.883387],[-7.251309,41.918346],[-7.422513,41.792075],[-8.013175,41.790886],[-8.263857,42.280469],[-8.671946,42.134689],[-9.034818,41.880571],[-8.984433,42.592775],[-9.392884,43.026625],[-7.97819,43.748338],[-6.754492,43.567909],[-5.411886,43.57424],[-4.347843,43.403449],[-3.517532,43.455901],[-1.901351,43.422802],[-1.502771,43.034014],[0.338047,42.579546],[0.701591,42.795734],[1.826793,42.343385],[2.985999,42.473015],[3.039484,41.89212],[2.091842,41.226089],[0.810525,41.014732],[0.721331,40.678318],[0.106692,40.123934],[-0.278711,39.309978],[0.111291,38.738514],[-0.467124,38.292366],[-0.683389,37.642354],[-1.438382,37.443064],[-2.146453,36.674144],[-3.415781,36.6589],[-4.368901,36.677839],[-4.995219,36.324708],[-5.37716,35.94685],[-5.866432,36.029817],[-6.236694,36.367677],[-6.520191,36.942913],[-7.453726,37.097788]]]},"properties":{}},{"type":"Feature","geometry":{"type":"Polygon","coordinates":[[[-6.197885,53.867565],[-6.032985,53.153164],[-6.788857,52.260118],[-8.561617,51.669301],[-9.977086,51.820455],[-9.166283,52.864629],[-9.688525,53.881363],[-8.327987,54.664519],[-7.572168,55.131622],[-7.366031,54.595841],[-7.572168,54.059956],[-6.95373,54.073702],[-6.197885,53.867565]]]},"properties":{}},{"type":"Feature","geometry":{"type":"Polygon","coordinates":[[[165.77999,-21.080005],[166.599991,-21.700019],[167.120011,-22.159991],[166.740035,-22.399976],[166.189732,-22.129708],[165.474375,-21.679607],[164.829815,-21.14982],[164.167995,-20.444747],[164.029606,-20.105646],[164.459967,-20.120012],[165.020036,-20.459991],[165.460009,-20.800022],[165.77999,-21.080005]]]},"properties":{}},{"type":"Feature","geometry":{"type":"MultiPolygon","coordinates":[[[[162.119025,-10.482719],[162.398646,-10.826367],[161.700032,-10.820011],[161.319797,-10.204751],[161.917383,-10.446701],[162.119025,-10.482719]]],[[[161.679982,-9.599982],[161.529397,-9.784312],[160.788253,-8.917543],[160.579997,-8.320009],[160.920028,-8.320009],[161.280006,-9.120011],[161.679982,-9.599982]]],[[[160.852229,-9.872937],[160.462588,-9.89521],[159.849447,-9.794027],[159.640003,-9.63998],[159.702945,-9.24295],[160.362956,-9.400304],[160.688518,-9.610162],[160.852229,-9.872937]]],[[[159.640003,-8.020027],[159.875027,-8.33732],[159.917402,-8.53829],[159.133677,-8.114181],[158.586114,-7.754824],[158.21115,-7.421872],[158.359978,-7.320018],[158.820001,-7.560003],[159.640003,-8.020027]]],[[[157.14,-7.021638],[157.538426,-7.34782],[157.33942,-7.404767],[156.90203,-7.176874],[156.491358,-6.765943],[156.542828,-6.599338],[157.14,-7.021638]]]]},"properties":{}},{"type":"Feature","geometry":{"type":"MultiPolygon","coordinates":[[[[176.885824,-40.065978],[176.508017,-40.604808],[176.01244,-41.289624],[175.239567,-41.688308],[175.067898,-41.425895],[174.650973,-41.281821],[175.22763,-40.459236],[174.900157,-39.908933],[173.824047,-39.508854],[173.852262,-39.146602],[174.574802,-38.797683],[174.743474,-38.027808],[174.697017,-37.381129],[174.292028,-36.711092],[174.319004,-36.534824],[173.840997,-36.121981],[173.054171,-35.237125],[172.636005,-34.529107],[173.007042,-34.450662],[173.551298,-35.006183],[174.32939,-35.265496],[174.612009,-36.156397],[175.336616,-37.209098],[175.357596,-36.526194],[175.808887,-36.798942],[175.95849,-37.555382],[176.763195,-37.881253],[177.438813,-37.961248],[178.010354,-37.579825],[178.517094,-37.695373],[178.274731,-38.582813],[177.97046,-39.166343],[177.206993,-39.145776],[176.939981,-39.449736],[177.032946,-39.879943],[176.885824,-40.065978]]],[[[169.667815,-43.555326],[170.52492,-43.031688],[171.12509,-42.512754],[171.569714,-41.767424],[171.948709,-41.514417],[172.097227,-40.956104],[172.79858,-40.493962],[173.020375,-40.919052],[173.247234,-41.331999],[173.958405,-40.926701],[174.247587,-41.349155],[174.248517,-41.770008],[173.876447,-42.233184],[173.22274,-42.970038],[172.711246,-43.372288],[173.080113,-43.853344],[172.308584,-43.865694],[171.452925,-44.242519],[171.185138,-44.897104],[170.616697,-45.908929],[169.831422,-46.355775],[169.332331,-46.641235],[168.411354,-46.619945],[167.763745,-46.290197],[166.676886,-46.219917],[166.509144,-45.852705],[167.046424,-45.110941],[168.303763,-44.123973],[168.949409,-43.935819],[169.667815,-43.555326]]]]},"properties":{}},{"type":"Feature","geometry":{"type":"MultiPolygon","coordinates":[[[[147.689259,-40.808258],[148.289068,-40.875438],[148.359865,-42.062445],[148.017301,-42.407024],[147.914052,-43.211522],[147.564564,-42.937689],[146.870343,-43.634597],[146.663327,-43.580854],[146.048378,-43.549745],[145.43193,-42.693776],[145.29509,-42.03361],[144.718071,-41.162552],[144.743755,-40.703975],[145.397978,-40.792549],[146.364121,-41.137695],[146.908584,-41.000546],[147.689259,-40.808258]]],[[[126.148714,-32.215966],[125.088623,-32.728751],[124.221648,-32.959487],[124.028947,-33.483847],[123.659667,-33.890179],[122.811036,-33.914467],[122.183064,-34.003402],[121.299191,-33.821036],[120.580268,-33.930177],[119.893695,-33.976065],[119.298899,-34.509366],[119.007341,-34.464149],[118.505718,-34.746819],[118.024972,-35.064733],[117.295507,-35.025459],[116.625109,-35.025097],[115.564347,-34.386428],[115.026809,-34.196517],[115.048616,-33.623425],[115.545123,-33.487258],[115.714674,-33.259572],[115.679379,-32.900369],[115.801645,-32.205062],[115.689611,-31.612437],[115.160909,-30.601594],[114.997043,-30.030725],[115.040038,-29.461095],[114.641974,-28.810231],[114.616498,-28.516399],[114.173579,-28.118077],[114.048884,-27.334765],[113.477498,-26.543134],[113.338953,-26.116545],[113.778358,-26.549025],[113.440962,-25.621278],[113.936901,-25.911235],[114.232852,-26.298446],[114.216161,-25.786281],[113.721255,-24.998939],[113.625344,-24.683971],[113.393523,-24.384764],[113.502044,-23.80635],[113.706993,-23.560215],[113.843418,-23.059987],[113.736552,-22.475475],[114.149756,-21.755881],[114.225307,-22.517488],[114.647762,-21.82952],[115.460167,-21.495173],[115.947373,-21.068688],[116.711615,-20.701682],[117.166316,-20.623599],[117.441545,-20.746899],[118.229559,-20.374208],[118.836085,-20.263311],[118.987807,-20.044203],[119.252494,-19.952942],[119.805225,-19.976506],[120.85622,-19.683708],[121.399856,-19.239756],[121.655138,-18.705318],[122.241665,-18.197649],[122.286624,-17.798603],[122.312772,-17.254967],[123.012574,-16.4052],[123.433789,-17.268558],[123.859345,-17.069035],[123.503242,-16.596506],[123.817073,-16.111316],[124.258287,-16.327944],[124.379726,-15.56706],[124.926153,-15.0751],[125.167275,-14.680396],[125.670087,-14.51007],[125.685796,-14.230656],[126.125149,-14.347341],[126.142823,-14.095987],[126.582589,-13.952791],[127.065867,-13.817968],[127.804633,-14.276906],[128.35969,-14.86917],[128.985543,-14.875991],[129.621473,-14.969784],[129.4096,-14.42067],[129.888641,-13.618703],[130.339466,-13.357376],[130.183506,-13.10752],[130.617795,-12.536392],[131.223495,-12.183649],[131.735091,-12.302453],[132.575298,-12.114041],[132.557212,-11.603012],[131.824698,-11.273782],[132.357224,-11.128519],[133.019561,-11.376411],[133.550846,-11.786515],[134.393068,-12.042365],[134.678632,-11.941183],[135.298491,-12.248606],[135.882693,-11.962267],[136.258381,-12.049342],[136.492475,-11.857209],[136.95162,-12.351959],[136.685125,-12.887223],[136.305407,-13.29123],[135.961758,-13.324509],[136.077617,-13.724278],[135.783836,-14.223989],[135.428664,-14.715432],[135.500184,-14.997741],[136.295175,-15.550265],[137.06536,-15.870762],[137.580471,-16.215082],[138.303217,-16.807604],[138.585164,-16.806622],[139.108543,-17.062679],[139.260575,-17.371601],[140.215245,-17.710805],[140.875463,-17.369069],[141.07111,-16.832047],[141.274095,-16.38887],[141.398222,-15.840532],[141.702183,-15.044921],[141.56338,-14.561333],[141.63552,-14.270395],[141.519869,-13.698078],[141.65092,-12.944688],[141.842691,-12.741548],[141.68699,-12.407614],[141.928629,-11.877466],[142.118488,-11.328042],[142.143706,-11.042737],[142.51526,-10.668186],[142.79731,-11.157355],[142.866763,-11.784707],[143.115947,-11.90563],[143.158632,-12.325656],[143.522124,-12.834358],[143.597158,-13.400422],[143.561811,-13.763656],[143.922099,-14.548311],[144.563714,-14.171176],[144.894908,-14.594458],[145.374724,-14.984976],[145.271991,-15.428205],[145.48526,-16.285672],[145.637033,-16.784918],[145.888904,-16.906926],[146.160309,-17.761655],[146.063674,-18.280073],[146.387478,-18.958274],[147.471082,-19.480723],[148.177602,-19.955939],[148.848414,-20.39121],[148.717465,-20.633469],[149.28942,-21.260511],[149.678337,-22.342512],[150.077382,-22.122784],[150.482939,-22.556142],[150.727265,-22.402405],[150.899554,-23.462237],[151.609175,-24.076256],[152.07354,-24.457887],[152.855197,-25.267501],[153.136162,-26.071173],[153.161949,-26.641319],[153.092909,-27.2603],[153.569469,-28.110067],[153.512108,-28.995077],[153.339095,-29.458202],[153.069241,-30.35024],[153.089602,-30.923642],[152.891578,-31.640446],[152.450002,-32.550003],[151.709117,-33.041342],[151.343972,-33.816023],[151.010555,-34.31036],[150.714139,-35.17346],[150.32822,-35.671879],[150.075212,-36.420206],[149.946124,-37.109052],[149.997284,-37.425261],[149.423882,-37.772681],[148.304622,-37.809061],[147.381733,-38.219217],[146.922123,-38.606532],[146.317922,-39.035757],[145.489652,-38.593768],[144.876976,-38.417448],[145.032212,-37.896188],[144.485682,-38.085324],[143.609974,-38.809465],[142.745427,-38.538268],[142.17833,-38.380034],[141.606582,-38.308514],[140.638579,-38.019333],[139.992158,-37.402936],[139.806588,-36.643603],[139.574148,-36.138362],[139.082808,-35.732754],[138.120748,-35.612296],[138.449462,-35.127261],[138.207564,-34.384723],[137.71917,-35.076825],[136.829406,-35.260535],[137.352371,-34.707339],[137.503886,-34.130268],[137.890116,-33.640479],[137.810328,-32.900007],[136.996837,-33.752771],[136.372069,-34.094766],[135.989043,-34.890118],[135.208213,-34.47867],[135.239218,-33.947953],[134.613417,-33.222778],[134.085904,-32.848072],[134.273903,-32.617234],[132.990777,-32.011224],[132.288081,-31.982647],[131.326331,-31.495803],[129.535794,-31.590423],[128.240938,-31.948489],[127.102867,-32.282267],[126.148714,-32.215966]]]]},"properties":{}},{"type":"Feature","geometry":{"type":"Polygon","coordinates":[[[81.787959,7.523055],[81.637322,6.481775],[81.21802,6.197141],[80.348357,5.96837],[79.872469,6.763463],[79.695167,8.200843],[80.147801,9.824078],[80.838818,9.268427],[81.304319,8.564206],[81.787959,7.523055]]]},"properties":{}},{"type":"Feature","geometry":{"type":"MultiPolygon","coordinates":[[[[109.47521,18.197701],[108.655208,18.507682],[108.626217,19.367888],[109.119056,19.821039],[110.211599,20.101254],[110.786551,20.077534],[111.010051,19.69593],[110.570647,19.255879],[110.339188,18.678395],[109.47521,18.197701]]],[[[80.25999,42.349999],[80.18015,42.920068],[80.866206,43.180362],[79.966106,44.917517],[81.947071,45.317027],[82.458926,45.53965],[83.180484,47.330031],[85.16429,47.000956],[85.720484,47.452969],[85.768233,48.455751],[86.598776,48.549182],[87.35997,49.214981],[87.751264,49.297198],[88.013832,48.599463],[88.854298,48.069082],[90.280826,47.693549],[90.970809,46.888146],[90.585768,45.719716],[90.94554,45.286073],[92.133891,45.115076],[93.480734,44.975472],[94.688929,44.352332],[95.306875,44.241331],[95.762455,43.319449],[96.349396,42.725635],[97.451757,42.74889],[99.515817,42.524691],[100.845866,42.663804],[101.83304,42.514873],[103.312278,41.907468],[104.522282,41.908347],[104.964994,41.59741],[106.129316,42.134328],[107.744773,42.481516],[109.243596,42.519446],[110.412103,42.871234],[111.129682,43.406834],[111.829588,43.743118],[111.667737,44.073176],[111.348377,44.457442],[111.873306,45.102079],[112.436062,45.011646],[113.463907,44.808893],[114.460332,45.339817],[115.985096,45.727235],[116.717868,46.388202],[117.421701,46.672733],[118.874326,46.805412],[119.66327,46.69268],[119.772824,47.048059],[118.866574,47.74706],[118.064143,48.06673],[117.295507,47.697709],[116.308953,47.85341],[115.742837,47.726545],[115.485282,48.135383],[116.191802,49.134598],[116.678801,49.888531],[117.879244,49.510983],[119.288461,50.142883],[119.27939,50.58292],[120.18208,51.64355],[120.7382,51.96411],[120.725789,52.516226],[120.177089,52.753886],[121.003085,53.251401],[122.245748,53.431726],[123.57147,53.4588],[125.068211,53.161045],[125.946349,52.792799],[126.564399,51.784255],[126.939157,51.353894],[127.287456,50.739797],[127.6574,49.76027],[129.397818,49.4406],[130.582293,48.729687],[130.98726,47.79013],[132.50669,47.78896],[133.373596,48.183442],[135.026311,48.47823],[134.50081,47.57845],[134.11235,47.21248],[133.769644,46.116927],[133.09712,45.14409],[131.883454,45.321162],[131.02519,44.96796],[131.288555,44.11152],[131.144688,42.92999],[130.633866,42.903015],[130.64,42.395024],[129.994267,42.985387],[129.596669,42.424982],[128.052215,41.994285],[128.208433,41.466772],[127.343783,41.503152],[126.869083,41.816569],[126.182045,41.107336],[125.079942,40.569824],[124.265625,39.928493],[122.86757,39.637788],[122.131388,39.170452],[121.054554,38.897471],[121.585995,39.360854],[121.376757,39.750261],[122.168595,40.422443],[121.640359,40.94639],[120.768629,40.593388],[119.639602,39.898056],[119.023464,39.252333],[118.042749,39.204274],[117.532702,38.737636],[118.059699,38.061476],[118.87815,37.897325],[118.911636,37.448464],[119.702802,37.156389],[120.823457,37.870428],[121.711259,37.481123],[122.357937,37.454484],[122.519995,36.930614],[121.104164,36.651329],[120.637009,36.11144],[119.664562,35.609791],[119.151208,34.909859],[120.227525,34.360332],[120.620369,33.376723],[121.229014,32.460319],[121.908146,31.692174],[121.891919,30.949352],[121.264257,30.676267],[121.503519,30.142915],[122.092114,29.83252],[121.938428,29.018022],[121.684439,28.225513],[121.125661,28.135673],[120.395473,27.053207],[119.585497,25.740781],[118.656871,24.547391],[117.281606,23.624501],[115.890735,22.782873],[114.763827,22.668074],[114.152547,22.22376],[113.80678,22.54834],[113.241078,22.051367],[111.843592,21.550494],[110.785466,21.397144],[110.444039,20.341033],[109.889861,20.282457],[109.627655,21.008227],[109.864488,21.395051],[108.522813,21.715212],[108.05018,21.55238],[107.04342,21.811899],[106.567273,22.218205],[106.725403,22.794268],[105.811247,22.976892],[105.329209,23.352063],[104.476858,22.81915],[103.504515,22.703757],[102.706992,22.708795],[102.170436,22.464753],[101.652018,22.318199],[101.80312,21.174367],[101.270026,21.201652],[101.180005,21.436573],[101.150033,21.849984],[100.416538,21.558839],[99.983489,21.742937],[99.240899,22.118314],[99.531992,22.949039],[98.898749,23.142722],[98.660262,24.063286],[97.60472,23.897405],[97.724609,25.083637],[98.671838,25.918703],[98.712094,26.743536],[98.68269,27.508812],[98.246231,27.747221],[97.911988,28.335945],[97.327114,28.261583],[96.248833,28.411031],[96.586591,28.83098],[96.117679,29.452802],[95.404802,29.031717],[94.56599,29.277438],[93.413348,28.640629],[92.503119,27.896876],[91.696657,27.771742],[91.258854,28.040614],[90.730514,28.064954],[90.015829,28.296439],[89.47581,28.042759],[88.814248,27.299316],[88.730326,28.086865],[88.120441,27.876542],[86.954517,27.974262],[85.82332,28.203576],[85.011638,28.642774],[84.23458,28.839894],[83.898993,29.320226],[83.337115,29.463732],[82.327513,30.115268],[81.525804,30.422717],[81.111256,30.183481],[79.721367,30.882715],[78.738894,31.515906],[78.458446,32.618164],[79.176129,32.48378],[79.208892,32.994395],[78.811086,33.506198],[78.912269,34.321936],[77.837451,35.49401],[76.192848,35.898403],[75.896897,36.666806],[75.158028,37.133031],[74.980002,37.41999],[74.829986,37.990007],[74.864816,38.378846],[74.257514,38.606507],[73.928852,38.505815],[73.675379,39.431237],[73.960013,39.660008],[73.822244,39.893973],[74.776862,40.366425],[75.467828,40.562072],[76.526368,40.427946],[76.904484,41.066486],[78.187197,41.185316],[78.543661,41.582243],[80.11943,42.123941],[80.25999,42.349999]]]]},"properties":{}},{"type":"Feature","geometry":{"type":"Polygon","coordinates":[[[121.777818,24.394274],[121.175632,22.790857],[120.74708,21.970571],[120.220083,22.814861],[120.106189,23.556263],[120.69468,24.538451],[121.495044,25.295459],[121.951244,24.997596],[121.777818,24.394274]]]},"properties":{}},{"type":"Feature","geometry":{"type":"MultiPolygon","coordinates":[[[[10.442701,46.893546],[11.048556,46.751359],[11.164828,46.941579],[12.153088,47.115393],[12.376485,46.767559],[13.806475,46.509306],[13.69811,46.016778],[13.93763,45.591016],[13.141606,45.736692],[12.328581,45.381778],[12.383875,44.885374],[12.261453,44.600482],[12.589237,44.091366],[13.526906,43.587727],[14.029821,42.761008],[15.14257,41.95514],[15.926191,41.961315],[16.169897,41.740295],[15.889346,41.541082],[16.785002,41.179606],[17.519169,40.877143],[18.376687,40.355625],[18.480247,40.168866],[18.293385,39.810774],[17.73838,40.277671],[16.869596,40.442235],[16.448743,39.795401],[17.17149,39.4247],[17.052841,38.902871],[16.635088,38.843572],[16.100961,37.985899],[15.684087,37.908849],[15.687963,38.214593],[15.891981,38.750942],[16.109332,38.964547],[15.718814,39.544072],[15.413613,40.048357],[14.998496,40.172949],[14.703268,40.60455],[14.060672,40.786348],[13.627985,41.188287],[12.888082,41.25309],[12.106683,41.704535],[11.191906,42.355425],[10.511948,42.931463],[10.200029,43.920007],[9.702488,44.036279],[8.888946,44.366336],[8.428561,44.231228],[7.850767,43.767148],[7.435185,43.693845],[7.549596,44.127901],[7.007562,44.254767],[6.749955,45.028518],[7.096652,45.333099],[6.802355,45.70858],[6.843593,45.991147],[7.273851,45.776948],[7.755992,45.82449],[8.31663,46.163642],[8.489952,46.005151],[8.966306,46.036932],[9.182882,46.440215],[9.922837,46.314899],[10.363378,46.483571],[10.442701,46.893546]]],[[[14.761249,38.143874],[15.520376,38.231155],[15.160243,37.444046],[15.309898,37.134219],[15.099988,36.619987],[14.335229,36.996631],[13.826733,37.104531],[12.431004,37.61295],[12.570944,38.126381],[13.741156,38.034966],[14.761249,38.143874]]],[[[8.709991,40.899984],[9.210012,41.209991],[9.809975,40.500009],[9.669519,39.177376],[9.214818,39.240473],[8.806936,38.906618],[8.428302,39.171847],[8.388253,40.378311],[8.159998,40.950007],[8.709991,40.899984]]]]},"properties":{}},{"type":"Feature","geometry":{"type":"MultiPolygon","coordinates":[[[[9.921906,54.983104],[9.282049,54.830865],[8.526229,54.962744],[8.120311,55.517723],[8.089977,56.540012],[8.256582,56.809969],[8.543438,57.110003],[9.424469,57.172066],[9.775559,57.447941],[10.580006,57.730017],[10.546106,57.215733],[10.25,56.890016],[10.369993,56.609982],[10.912182,56.458621],[10.667804,56.081383],[10.369993,56.190007],[9.649985,55.469999],[9.921906,54.983104]]],[[[12.370904,56.111407],[12.690006,55.609991],[12.089991,54.800015],[11.043543,55.364864],[10.903914,55.779955],[12.370904,56.111407]]]]},"properties":{}},{"type":"Feature","geometry":{"type":"MultiPolygon","coordinates":[[[[-6.197885,53.867565],[-6.95373,54.073702],[-7.572168,54.059956],[-7.366031,54.595841],[-7.572168,55.131622],[-6.733847,55.17286],[-5.661949,54.554603],[-6.197885,53.867565]]],[[[-3.093831,53.404547],[-3.09208,53.404441],[-2.945009,53.985],[-3.614701,54.600937],[-3.630005,54.615013],[-4.844169,54.790971],[-5.082527,55.061601],[-4.719112,55.508473],[-5.047981,55.783986],[-5.586398,55.311146],[-5.644999,56.275015],[-6.149981,56.78501],[-5.786825,57.818848],[-5.009999,58.630013],[-4.211495,58.550845],[-3.005005,58.635],[-4.073828,57.553025],[-3.055002,57.690019],[-1.959281,57.6848],[-2.219988,56.870017],[-3.119003,55.973793],[-2.085009,55.909998],[-2.005676,55.804903],[-1.114991,54.624986],[-0.430485,54.464376],[0.184981,53.325014],[0.469977,52.929999],[1.681531,52.73952],[1.559988,52.099998],[1.050562,51.806761],[1.449865,51.289428],[0.550334,50.765739],[-0.787517,50.774989],[-2.489998,50.500019],[-2.956274,50.69688],[-3.617448,50.228356],[-4.542508,50.341837],[-5.245023,49.96],[-5.776567,50.159678],[-4.30999,51.210001],[-3.414851,51.426009],[-3.422719,51.426848],[-4.984367,51.593466],[-5.267296,51.9914],[-4.222347,52.301356],[-4.770013,52.840005],[-4.579999,53.495004],[-3.093831,53.404547]]]]},"properties":{}},{"type":"Feature","geometry":{"type":"Polygon","coordinates":[[[-14.508695,66.455892],[-14.739637,65.808748],[-13.609732,65.126671],[-14.909834,64.364082],[-17.794438,63.678749],[-18.656246,63.496383],[-19.972755,63.643635],[-22.762972,63.960179],[-21.778484,64.402116],[-23.955044,64.89113],[-22.184403,65.084968],[-22.227423,65.378594],[-24.326184,65.611189],[-23.650515,66.262519],[-22.134922,66.410469],[-20.576284,65.732112],[-19.056842,66.276601],[-17.798624,65.993853],[-16.167819,66.526792],[-14.508695,66.455892]]]},"properties":{}},{"type":"Feature","geometry":{"type":"MultiPolygon","coordinates":[[[[46.404951,41.860675],[46.686071,41.827137],[47.373315,41.219732],[47.815666,41.151416],[47.987283,41.405819],[48.584353,41.808869],[49.110264,41.282287],[49.618915,40.572924],[50.08483,40.526157],[50.392821,40.256561],[49.569202,40.176101],[49.395259,39.399482],[49.223228,39.049219],[48.856532,38.815486],[48.883249,38.320245],[48.634375,38.270378],[48.010744,38.794015],[48.355529,39.288765],[48.060095,39.582235],[47.685079,39.508364],[46.50572,38.770605],[46.483499,39.464155],[46.034534,39.628021],[45.610012,39.899994],[45.891907,40.218476],[45.359175,40.561504],[45.560351,40.81229],[45.179496,40.985354],[44.97248,41.248129],[45.217426,41.411452],[45.962601,41.123873],[46.501637,41.064445],[46.637908,41.181673],[46.145432,41.722802],[46.404951,41.860675]]],[[[46.143623,38.741201],[45.457722,38.874139],[44.952688,39.335765],[44.79399,39.713003],[45.001987,39.740004],[45.298145,39.471751],[45.739978,39.473999],[45.735379,39.319719],[46.143623,38.741201]]]]},"properties":{}},{"type":"Feature","geometry":{"type":"Polygon","coordinates":[[[39.955009,43.434998],[40.076965,43.553104],[40.92219,43.38215],[42.3944,43.2203],[43.75599,42.74083],[43.93121,42.55496],[44.537623,42.711993],[45.470279,42.502781],[45.7764,42.09244],[46.404951,41.860675],[46.145432,41.722802],[46.637908,41.181673],[46.501637,41.064445],[45.962601,41.123873],[45.217426,41.411452],[44.97248,41.248129],[43.582746,41.092143],[42.619549,41.583173],[41.554084,41.535656],[41.703171,41.962943],[41.45347,42.645123],[40.875469,43.013628],[40.321394,43.128634],[39.955009,43.434998]]]},"properties":{}},{"type":"Feature","geometry":{"type":"MultiPolygon","coordinates":[[[[120.833896,12.704496],[120.323436,13.466413],[121.180128,13.429697],[121.527394,13.06959],[121.26219,12.20556],[120.833896,12.704496]]],[[[122.586089,9.981045],[122.837081,10.261157],[122.947411,10.881868],[123.49885,10.940624],[123.337774,10.267384],[124.077936,11.232726],[123.982438,10.278779],[123.623183,9.950091],[123.309921,9.318269],[122.995883,9.022189],[122.380055,9.713361],[122.586089,9.981045]]],[[[126.376814,8.414706],[126.478513,7.750354],[126.537424,7.189381],[126.196773,6.274294],[125.831421,7.293715],[125.363852,6.786485],[125.683161,6.049657],[125.396512,5.581003],[124.219788,6.161355],[123.93872,6.885136],[124.243662,7.36061],[123.610212,7.833527],[123.296071,7.418876],[122.825506,7.457375],[122.085499,6.899424],[121.919928,7.192119],[122.312359,8.034962],[122.942398,8.316237],[123.487688,8.69301],[123.841154,8.240324],[124.60147,8.514158],[124.764612,8.960409],[125.471391,8.986997],[125.412118,9.760335],[126.222714,9.286074],[126.306637,8.782487],[126.376814,8.414706]]],[[[118.504581,9.316383],[117.174275,8.3675],[117.664477,9.066889],[118.386914,9.6845],[118.987342,10.376292],[119.511496,11.369668],[119.689677,10.554291],[119.029458,10.003653],[118.504581,9.316383]]],[[[122.336957,18.224883],[122.174279,17.810283],[122.515654,17.093505],[122.252311,16.262444],[121.662786,15.931018],[121.50507,15.124814],[121.728829,14.328376],[122.258925,14.218202],[122.701276,14.336541],[123.950295,13.782131],[123.855107,13.237771],[124.181289,12.997527],[124.077419,12.536677],[123.298035,13.027526],[122.928652,13.55292],[122.671355,13.185836],[122.03465,13.784482],[121.126385,13.636687],[120.628637,13.857656],[120.679384,14.271016],[120.991819,14.525393],[120.693336,14.756671],[120.564145,14.396279],[120.070429,14.970869],[119.920929,15.406347],[119.883773,16.363704],[120.286488,16.034629],[120.390047,17.599081],[120.715867,18.505227],[121.321308,18.504065],[121.937601,18.218552],[122.246006,18.47895],[122.336957,18.224883]]],[[[122.03837,11.415841],[121.883548,11.891755],[122.483821,11.582187],[123.120217,11.58366],[123.100838,11.165934],[122.637714,10.741308],[122.00261,10.441017],[121.967367,10.905691],[122.03837,11.415841]]],[[[125.502552,12.162695],[125.783465,11.046122],[125.011884,11.311455],[125.032761,10.975816],[125.277449,10.358722],[124.801819,10.134679],[124.760168,10.837995],[124.459101,10.88993],[124.302522,11.495371],[124.891013,11.415583],[124.87799,11.79419],[124.266762,12.557761],[125.227116,12.535721],[125.502552,12.162695]]]]},"properties":{}},{"type":"Feature","geometry":{"type":"MultiPolygon","coordinates":[[[[100.085757,6.464489],[100.259596,6.642825],[101.075516,6.204867],[101.154219,5.691384],[101.814282,5.810808],[102.141187,6.221636],[102.371147,6.128205],[102.961705,5.524495],[103.381215,4.855001],[103.438575,4.181606],[103.332122,3.726698],[103.429429,3.382869],[103.502448,2.791019],[103.854674,2.515454],[104.247932,1.631141],[104.228811,1.293048],[103.519707,1.226334],[102.573615,1.967115],[101.390638,2.760814],[101.27354,3.270292],[100.695435,3.93914],[100.557408,4.76728],[100.196706,5.312493],[100.30626,6.040562],[100.085757,6.464489]]],[[[117.882035,4.137551],[117.015214,4.306094],[115.865517,4.306559],[115.519078,3.169238],[115.134037,2.821482],[114.621355,1.430688],[113.80585,1.217549],[112.859809,1.49779],[112.380252,1.410121],[111.797548,0.904441],[111.159138,0.976478],[110.514061,0.773131],[109.830227,1.338136],[109.66326,2.006467],[110.396135,1.663775],[111.168853,1.850637],[111.370081,2.697303],[111.796928,2.885897],[112.995615,3.102395],[113.712935,3.893509],[114.204017,4.525874],[114.659596,4.007637],[114.869557,4.348314],[115.347461,4.316636],[115.4057,4.955228],[115.45071,5.44773],[116.220741,6.143191],[116.725103,6.924771],[117.129626,6.928053],[117.643393,6.422166],[117.689075,5.98749],[118.347691,5.708696],[119.181904,5.407836],[119.110694,5.016128],[118.439727,4.966519],[118.618321,4.478202],[117.882035,4.137551]]]]},"properties":{}},{"type":"Feature","geometry":{"type":"Polygon","coordinates":[[[115.45071,5.44773],[115.4057,4.955228],[115.347461,4.316636],[114.869557,4.348314],[114.659596,4.007637],[114.204017,4.525874],[114.599961,4.900011],[115.45071,5.44773]]]},"properties":{}},{"type":"Feature","geometry":{"type":"Polygon","coordinates":[[[13.806475,46.509306],[14.632472,46.431817],[15.137092,46.658703],[16.011664,46.683611],[16.202298,46.852386],[16.370505,46.841327],[16.564808,46.503751],[15.768733,46.238108],[15.67153,45.834154],[15.323954,45.731783],[15.327675,45.452316],[14.935244,45.471695],[14.595109,45.634941],[14.411968,45.466166],[13.71506,45.500324],[13.93763,45.591016],[13.69811,46.016778],[13.806475,46.509306]]]},"properties":{}},{"type":"Feature","geometry":{"type":"Polygon","coordinates":[[[28.59193,69.064777],[28.445944,68.364613],[29.977426,67.698297],[29.054589,66.944286],[30.21765,65.80598],[29.54443,64.948672],[30.444685,64.204453],[30.035872,63.552814],[31.516092,62.867687],[31.139991,62.357693],[30.211107,61.780028],[28.07,60.50352],[28.070002,60.503519],[28.069998,60.503517],[26.255173,60.423961],[24.496624,60.057316],[22.869695,59.846373],[22.290764,60.391921],[21.322244,60.72017],[21.544866,61.705329],[21.059211,62.607393],[21.536029,63.189735],[22.442744,63.81781],[24.730512,64.902344],[25.398068,65.111427],[25.294043,65.534346],[23.903379,66.006927],[23.56588,66.396051],[23.539473,67.936009],[21.978535,68.616846],[20.645593,69.106247],[21.244936,69.370443],[22.356238,68.841741],[23.66205,68.891247],[24.735679,68.649557],[25.689213,69.092114],[26.179622,69.825299],[27.732292,70.164193],[29.015573,69.766491],[28.59193,69.064777]]]},"properties":{}},{"type":"Feature","geometry":{"type":"Polygon","coordinates":[[[22.558138,49.085738],[22.280842,48.825392],[22.085608,48.422264],[21.872236,48.319971],[20.801294,48.623854],[20.473562,48.56285],[20.239054,48.327567],[19.769471,48.202691],[19.661364,48.266615],[19.174365,48.111379],[18.777025,48.081768],[18.696513,47.880954],[17.857133,47.758429],[17.488473,47.867466],[16.979667,48.123497],[16.879983,48.470013],[16.960288,48.596982],[17.101985,48.816969],[17.545007,48.800019],[17.886485,48.903475],[17.913512,48.996493],[18.104973,49.043983],[18.170498,49.271515],[18.399994,49.315001],[18.554971,49.495015],[18.853144,49.49623],[18.909575,49.435846],[19.320713,49.571574],[19.825023,49.217125],[20.415839,49.431453],[20.887955,49.328772],[21.607808,49.470107],[22.558138,49.085738]]]},"properties":{}},{"type":"Feature","geometry":{"type":"Polygon","coordinates":[[[15.016996,51.106674],[15.490972,50.78473],[16.238627,50.697733],[16.176253,50.422607],[16.719476,50.215747],[16.868769,50.473974],[17.554567,50.362146],[17.649445,50.049038],[18.392914,49.988629],[18.853144,49.49623],[18.554971,49.495015],[18.399994,49.315001],[18.170498,49.271515],[18.104973,49.043983],[17.913512,48.996493],[17.886485,48.903475],[17.545007,48.800019],[17.101985,48.816969],[16.960288,48.596982],[16.499283,48.785808],[16.029647,48.733899],[15.253416,49.039074],[14.901447,48.964402],[14.338898,48.555305],[13.595946,48.877172],[13.031329,49.307068],[12.521024,49.547415],[12.415191,49.969121],[12.240111,50.266338],[12.966837,50.484076],[13.338132,50.733234],[14.056228,50.926918],[14.307013,51.117268],[14.570718,51.002339],[15.016996,51.106674]]]},"properties":{}},{"type":"Feature","geometry":{"type":"Polygon","coordinates":[[[36.42951,14.42211],[36.32322,14.82249],[36.75389,16.29186],[36.85253,16.95655],[37.16747,17.26314],[37.904,17.42754],[38.41009,17.998307],[38.990623,16.840626],[39.26611,15.922723],[39.814294,15.435647],[41.179275,14.49108],[41.734952,13.921037],[42.276831,13.343992],[42.589576,13.000421],[43.081226,12.699639],[42.779642,12.455416],[42.35156,12.54223],[42.00975,12.86582],[41.59856,13.45209],[41.1552,13.77333],[40.8966,14.11864],[40.02625,14.51959],[39.34061,14.53155],[39.0994,14.74064],[38.51295,14.50547],[37.90607,14.95943],[37.59377,14.2131],[36.42951,14.42211]]]},"properties":{}},{"type":"Feature","geometry":{"type":"MultiPolygon","coordinates":[[[[141.884601,39.180865],[140.959489,38.174001],[140.976388,37.142074],[140.59977,36.343983],[140.774074,35.842877],[140.253279,35.138114],[138.975528,34.6676],[137.217599,34.606286],[135.792983,33.464805],[135.120983,33.849071],[135.079435,34.596545],[133.340316,34.375938],[132.156771,33.904933],[130.986145,33.885761],[132.000036,33.149992],[131.33279,31.450355],[130.686318,31.029579],[130.20242,31.418238],[130.447676,32.319475],[129.814692,32.61031],[129.408463,33.296056],[130.353935,33.604151],[130.878451,34.232743],[131.884229,34.749714],[132.617673,35.433393],[134.608301,35.731618],[135.677538,35.527134],[136.723831,37.304984],[137.390612,36.827391],[138.857602,37.827485],[139.426405,38.215962],[140.05479,39.438807],[139.883379,40.563312],[140.305783,41.195005],[141.368973,41.37856],[141.914263,39.991616],[141.884601,39.180865]]],[[[144.613427,43.960883],[145.320825,44.384733],[145.543137,43.262088],[144.059662,42.988358],[143.18385,41.995215],[141.611491,42.678791],[141.067286,41.584594],[139.955106,41.569556],[139.817544,42.563759],[140.312087,43.333273],[141.380549,43.388825],[141.671952,44.772125],[141.967645,45.551483],[143.14287,44.510358],[143.910162,44.1741],[144.613427,43.960883]]],[[[132.371176,33.463642],[132.924373,34.060299],[133.492968,33.944621],[133.904106,34.364931],[134.638428,34.149234],[134.766379,33.806335],[134.203416,33.201178],[133.79295,33.521985],[133.280268,33.28957],[133.014858,32.704567],[132.363115,32.989382],[132.371176,33.463642]]]]},"properties":{}},{"type":"Feature","geometry":{"type":"Polygon","coordinates":[[[-58.166392,-20.176701],[-57.870674,-20.732688],[-57.937156,-22.090176],[-56.88151,-22.282154],[-56.473317,-22.0863],[-55.797958,-22.35693],[-55.610683,-22.655619],[-55.517639,-23.571998],[-55.400747,-23.956935],[-55.027902,-24.001274],[-54.652834,-23.839578],[-54.29296,-24.021014],[-54.293476,-24.5708],[-54.428946,-25.162185],[-54.625291,-25.739255],[-54.788795,-26.621786],[-55.695846,-27.387837],[-56.486702,-27.548499],[-57.60976,-27.395899],[-58.618174,-27.123719],[-57.63366,-25.603657],[-57.777217,-25.16234],[-58.807128,-24.771459],[-60.028966,-24.032796],[-60.846565,-23.880713],[-62.685057,-22.249029],[-62.291179,-21.051635],[-62.265961,-20.513735],[-61.786326,-19.633737],[-60.043565,-19.342747],[-59.115042,-19.356906],[-58.183471,-19.868399],[-58.166392,-20.176701]]]},"properties":{}},{"type":"Feature","geometry":{"type":"Polygon","coordinates":[[[52.00001,19.000003],[52.782184,17.349742],[53.108573,16.651051],[52.385206,16.382411],[52.191729,15.938433],[52.168165,15.59742],[51.172515,15.17525],[49.574576,14.708767],[48.679231,14.003202],[48.238947,13.94809],[47.938914,14.007233],[47.354454,13.59222],[46.717076,13.399699],[45.877593,13.347764],[45.62505,13.290946],[45.406459,13.026905],[45.144356,12.953938],[44.989533,12.699587],[44.494576,12.721653],[44.175113,12.58595],[43.482959,12.6368],[43.222871,13.22095],[43.251448,13.767584],[43.087944,14.06263],[42.892245,14.802249],[42.604873,15.213335],[42.805015,15.261963],[42.702438,15.718886],[42.823671,15.911742],[42.779332,16.347891],[43.218375,16.66689],[43.115798,17.08844],[43.380794,17.579987],[43.791519,17.319977],[44.062613,17.410359],[45.216651,17.433329],[45.399999,17.333335],[46.366659,17.233315],[46.749994,17.283338],[47.000005,16.949999],[47.466695,17.116682],[48.183344,18.166669],[49.116672,18.616668],[52.00001,19.000003]]]},"properties":{}},{"type":"Feature","geometry":{"type":"Polygon","coordinates":[[[34.956037,29.356555],[36.068941,29.197495],[36.501214,29.505254],[36.740528,29.865283],[37.503582,30.003776],[37.66812,30.338665],[37.998849,30.5085],[37.002166,31.508413],[39.004886,32.010217],[39.195468,32.161009],[40.399994,31.889992],[41.889981,31.190009],[44.709499,29.178891],[46.568713,29.099025],[47.459822,29.002519],[47.708851,28.526063],[48.416094,28.552004],[48.807595,27.689628],[49.299554,27.461218],[49.470914,27.109999],[50.152422,26.689663],[50.212935,26.277027],[50.113303,25.943972],[50.239859,25.60805],[50.527387,25.327808],[50.660557,24.999896],[50.810108,24.754743],[51.112415,24.556331],[51.389608,24.627386],[51.579519,24.245497],[51.617708,24.014219],[52.000733,23.001154],[55.006803,22.496948],[55.208341,22.70833],[55.666659,22.000001],[54.999982,19.999994],[52.00001,19.000003],[49.116672,18.616668],[48.183344,18.166669],[47.466695,17.116682],[47.000005,16.949999],[46.749994,17.283338],[46.366659,17.233315],[45.399999,17.333335],[45.216651,17.433329],[44.062613,17.410359],[43.791519,17.319977],[43.380794,17.579987],[43.115798,17.08844],[43.218375,16.66689],[42.779332,16.347891],[42.649573,16.774635],[42.347989,17.075806],[42.270888,17.474722],[41.754382,17.833046],[41.221391,18.6716],[40.939341,19.486485],[40.247652,20.174635],[39.801685,20.338862],[39.139399,21.291905],[39.023696,21.986875],[39.066329,22.579656],[38.492772,23.688451],[38.02386,24.078686],[37.483635,24.285495],[37.154818,24.858483],[37.209491,25.084542],[36.931627,25.602959],[36.639604,25.826228],[36.249137,26.570136],[35.640182,27.37652],[35.130187,28.063352],[34.632336,28.058546],[34.787779,28.607427],[34.83222,28.957483],[34.956037,29.356555]]]},"properties":{}},{"type":"Feature","geometry":{"type":"MultiPolygon","coordinates":[[[[-48.660616,-78.047019],[-48.151396,-78.04707],[-46.662857,-77.831476],[-45.154758,-78.04707],[-43.920828,-78.478103],[-43.48995,-79.08556],[-43.372438,-79.516645],[-43.333267,-80.026123],[-44.880537,-80.339644],[-46.506174,-80.594357],[-48.386421,-80.829485],[-50.482107,-81.025442],[-52.851988,-80.966685],[-54.164259,-80.633528],[-53.987991,-80.222028],[-51.853134,-79.94773],[-50.991326,-79.614623],[-50.364595,-79.183487],[-49.914131,-78.811209],[-49.306959,-78.458569],[-48.660616,-78.047018],[-48.660616,-78.047019]]],[[[-66.290031,-80.255773],[-64.037688,-80.294944],[-61.883246,-80.39287],[-61.138976,-79.981371],[-60.610119,-79.628679],[-59.572095,-80.040179],[-59.865849,-80.549657],[-60.159656,-81.000327],[-62.255393,-80.863178],[-64.488125,-80.921934],[-65.741666,-80.588827],[-65.741666,-80.549657],[-66.290031,-80.255773]]],[[[-73.915819,-71.269345],[-73.915819,-71.269344],[-73.230331,-71.15178],[-72.074717,-71.190951],[-71.780962,-70.681473],[-71.72218,-70.309196],[-71.741791,-69.505782],[-71.173815,-69.035475],[-70.253252,-68.87874],[-69.724447,-69.251017],[-69.489422,-69.623346],[-69.058518,-70.074016],[-68.725541,-70.505153],[-68.451346,-70.955823],[-68.333834,-71.406493],[-68.510128,-71.798407],[-68.784297,-72.170736],[-69.959471,-72.307885],[-71.075889,-72.503842],[-72.388134,-72.484257],[-71.8985,-72.092343],[-73.073622,-72.229492],[-74.19004,-72.366693],[-74.953895,-72.072757],[-75.012625,-71.661258],[-73.915819,-71.269345]]],[[[-102.330725,-71.894164],[-102.330725,-71.894164],[-101.703967,-71.717792],[-100.430919,-71.854993],[-98.98155,-71.933334],[-97.884743,-72.070535],[-96.787937,-71.952971],[-96.20035,-72.521205],[-96.983765,-72.442864],[-98.198083,-72.482035],[-99.432013,-72.442864],[-100.783455,-72.50162],[-101.801868,-72.305663],[-102.330725,-71.894164]]],[[[-122.621735,-73.657778],[-122.621735,-73.657777],[-122.406245,-73.324619],[-121.211511,-73.50099],[-119.918851,-73.657725],[-118.724143,-73.481353],[-119.292119,-73.834097],[-120.232217,-74.08881],[-121.62283,-74.010468],[-122.621735,-73.657778]]],[[[-127.28313,-73.461769],[-127.28313,-73.461768],[-126.558472,-73.246226],[-125.559566,-73.481353],[-124.031882,-73.873268],[-124.619469,-73.834097],[-125.912181,-73.736118],[-127.28313,-73.461769]]],[[[-163.712896,-78.595667],[-163.712896,-78.595667],[-163.105801,-78.223338],[-161.245113,-78.380176],[-160.246208,-78.693645],[-159.482405,-79.046338],[-159.208184,-79.497059],[-161.127601,-79.634209],[-162.439847,-79.281465],[-163.027408,-78.928774],[-163.066604,-78.869966],[-163.712896,-78.595667]]],[[[180,-84.71338],[180,-90],[-180,-90],[-180,-84.71338],[-179.942499,-84.721443],[-179.058677,-84.139412],[-177.256772,-84.452933],[-177.140807,-84.417941],[-176.084673,-84.099259],[-175.947235,-84.110449],[-175.829882,-84.117914],[-174.382503,-84.534323],[-173.116559,-84.117914],[-172.889106,-84.061019],[-169.951223,-83.884647],[-168.999989,-84.117914],[-168.530199,-84.23739],[-167.022099,-84.570497],[-164.182144,-84.82521],[-161.929775,-85.138731],[-158.07138,-85.37391],[-155.192253,-85.09956],[-150.942099,-85.295517],[-148.533073,-85.609038],[-145.888918,-85.315102],[-143.107718,-85.040752],[-142.892279,-84.570497],[-146.829068,-84.531274],[-150.060732,-84.296146],[-150.902928,-83.904232],[-153.586201,-83.68869],[-153.409907,-83.23802],[-153.037759,-82.82652],[-152.665637,-82.454192],[-152.861517,-82.042692],[-154.526299,-81.768394],[-155.29018,-81.41565],[-156.83745,-81.102129],[-154.408787,-81.160937],[-152.097662,-81.004151],[-150.648293,-81.337309],[-148.865998,-81.043373],[-147.22075,-80.671045],[-146.417749,-80.337938],[-146.770286,-79.926439],[-148.062947,-79.652089],[-149.531901,-79.358205],[-151.588416,-79.299397],[-153.390322,-79.162248],[-155.329376,-79.064269],[-155.975668,-78.69194],[-157.268302,-78.378419],[-158.051768,-78.025676],[-158.365134,-76.889207],[-157.875474,-76.987238],[-156.974573,-77.300759],[-155.329376,-77.202728],[-153.742832,-77.065579],[-152.920247,-77.496664],[-151.33378,-77.398737],[-150.00195,-77.183143],[-148.748486,-76.908845],[-147.612483,-76.575738],[-146.104409,-76.47776],[-146.143528,-76.105431],[-146.496091,-75.733154],[-146.20231,-75.380411],[-144.909624,-75.204039],[-144.322037,-75.537197],[-142.794353,-75.34124],[-141.638764,-75.086475],[-140.209007,-75.06689],[-138.85759,-74.968911],[-137.5062,-74.733783],[-136.428901,-74.518241],[-135.214583,-74.302699],[-134.431194,-74.361455],[-133.745654,-74.439848],[-132.257168,-74.302699],[-130.925311,-74.479019],[-129.554284,-74.459433],[-128.242038,-74.322284],[-126.890622,-74.420263],[-125.402082,-74.518241],[-124.011496,-74.479019],[-122.562152,-74.498604],[-121.073613,-74.518241],[-119.70256,-74.479019],[-118.684145,-74.185083],[-117.469801,-74.028348],[-116.216312,-74.243891],[-115.021552,-74.067519],[-113.944331,-73.714828],[-113.297988,-74.028348],[-112.945452,-74.38104],[-112.299083,-74.714198],[-111.261059,-74.420263],[-110.066325,-74.79254],[-108.714909,-74.910103],[-107.559346,-75.184454],[-106.149148,-75.125698],[-104.876074,-74.949326],[-103.367949,-74.988497],[-102.016507,-75.125698],[-100.645531,-75.302018],[-100.1167,-74.870933],[-100.763043,-74.537826],[-101.252703,-74.185083],[-102.545337,-74.106742],[-103.113313,-73.734413],[-103.328752,-73.362084],[-103.681289,-72.61753],[-102.917485,-72.754679],[-101.60524,-72.813436],[-100.312528,-72.754679],[-99.13738,-72.911414],[-98.118889,-73.20535],[-97.688037,-73.558041],[-96.336595,-73.616849],[-95.043961,-73.4797],[-93.672907,-73.283743],[-92.439003,-73.166179],[-91.420564,-73.401307],[-90.088733,-73.322914],[-89.226951,-72.558722],[-88.423951,-73.009393],[-87.268337,-73.185764],[-86.014822,-73.087786],[-85.192236,-73.4797],[-83.879991,-73.518871],[-82.665646,-73.636434],[-81.470913,-73.851977],[-80.687447,-73.4797],[-80.295791,-73.126956],[-79.296886,-73.518871],[-77.925858,-73.420892],[-76.907367,-73.636434],[-76.221879,-73.969541],[-74.890049,-73.871614],[-73.852024,-73.65602],[-72.833533,-73.401307],[-71.619215,-73.264157],[-70.209042,-73.146542],[-68.935916,-73.009393],[-67.956622,-72.79385],[-67.369061,-72.480329],[-67.134036,-72.049244],[-67.251548,-71.637745],[-67.56494,-71.245831],[-67.917477,-70.853917],[-68.230843,-70.462055],[-68.485452,-70.109311],[-68.544209,-69.717397],[-68.446282,-69.325535],[-67.976233,-68.953206],[-67.5845,-68.541707],[-67.427843,-68.149844],[-67.62367,-67.718759],[-67.741183,-67.326845],[-67.251548,-66.876175],[-66.703184,-66.58224],[-66.056815,-66.209963],[-65.371327,-65.89639],[-64.568276,-65.602506],[-64.176542,-65.171423],[-63.628152,-64.897073],[-63.001394,-64.642308],[-62.041686,-64.583552],[-61.414928,-64.270031],[-60.709855,-64.074074],[-59.887269,-63.95651],[-59.162585,-63.701745],[-58.594557,-63.388224],[-57.811143,-63.27066],[-57.223582,-63.525425],[-57.59573,-63.858532],[-58.614143,-64.152467],[-59.045073,-64.36801],[-59.789342,-64.211223],[-60.611928,-64.309202],[-61.297416,-64.54433],[-62.0221,-64.799094],[-62.51176,-65.09303],[-62.648858,-65.484942],[-62.590128,-65.857219],[-62.120079,-66.190326],[-62.805567,-66.425505],[-63.74569,-66.503847],[-64.294106,-66.837004],[-64.881693,-67.150474],[-65.508425,-67.58161],[-65.665082,-67.953887],[-65.312545,-68.365335],[-64.783715,-68.678908],[-63.961103,-68.913984],[-63.1973,-69.227556],[-62.785955,-69.619419],[-62.570516,-69.991747],[-62.276736,-70.383661],[-61.806661,-70.716768],[-61.512906,-71.089045],[-61.375809,-72.010074],[-61.081977,-72.382351],[-61.003661,-72.774265],[-60.690269,-73.166179],[-60.827367,-73.695242],[-61.375809,-74.106742],[-61.96337,-74.439848],[-63.295201,-74.576997],[-63.74569,-74.92974],[-64.352836,-75.262847],[-65.860987,-75.635124],[-67.192818,-75.79191],[-68.446282,-76.007452],[-69.797724,-76.222995],[-70.600724,-76.634494],[-72.206776,-76.673665],[-73.969536,-76.634494],[-75.555977,-76.712887],[-77.24037,-76.712887],[-76.926979,-77.104802],[-75.399294,-77.28107],[-74.282876,-77.55542],[-73.656119,-77.908112],[-74.772536,-78.221633],[-76.4961,-78.123654],[-77.925858,-78.378419],[-77.984666,-78.789918],[-78.023785,-79.181833],[-76.848637,-79.514939],[-76.633224,-79.887216],[-75.360097,-80.259545],[-73.244852,-80.416331],[-71.442946,-80.69063],[-70.013163,-81.004151],[-68.191646,-81.317672],[-65.704279,-81.474458],[-63.25603,-81.748757],[-61.552026,-82.042692],[-59.691416,-82.37585],[-58.712121,-82.846106],[-58.222487,-83.218434],[-57.008117,-82.865691],[-55.362894,-82.571755],[-53.619771,-82.258235],[-51.543644,-82.003521],[-49.76135,-81.729171],[-47.273931,-81.709586],[-44.825708,-81.846735],[-42.808363,-82.081915],[-42.16202,-81.65083],[-40.771433,-81.356894],[-38.244818,-81.337309],[-36.26667,-81.121715],[-34.386397,-80.906172],[-32.310296,-80.769023],[-30.097098,-80.592651],[-28.549802,-80.337938],[-29.254901,-79.985195],[-29.685805,-79.632503],[-29.685805,-79.260226],[-31.624808,-79.299397],[-33.681324,-79.456132],[-35.639912,-79.456132],[-35.914107,-79.083855],[-35.77701,-78.339248],[-35.326546,-78.123654],[-33.896763,-77.888526],[-32.212369,-77.65345],[-30.998051,-77.359515],[-29.783732,-77.065579],[-28.882779,-76.673665],[-27.511752,-76.497345],[-26.160336,-76.360144],[-25.474822,-76.281803],[-23.927552,-76.24258],[-22.458598,-76.105431],[-21.224694,-75.909474],[-20.010375,-75.674346],[-18.913543,-75.439218],[-17.522982,-75.125698],[-16.641589,-74.79254],[-15.701491,-74.498604],[-15.40771,-74.106742],[-16.46532,-73.871614],[-16.112784,-73.460114],[-15.446855,-73.146542],[-14.408805,-72.950585],[-13.311973,-72.715457],[-12.293508,-72.401936],[-11.510067,-72.010074],[-11.020433,-71.539767],[-10.295774,-71.265416],[-9.101015,-71.324224],[-8.611381,-71.65733],[-7.416622,-71.696501],[-7.377451,-71.324224],[-6.868232,-70.93231],[-5.790985,-71.030289],[-5.536375,-71.402617],[-4.341667,-71.461373],[-3.048981,-71.285053],[-1.795492,-71.167438],[-0.659489,-71.226246],[-0.228637,-71.637745],[0.868195,-71.304639],[1.886686,-71.128267],[3.022638,-70.991118],[4.139055,-70.853917],[5.157546,-70.618789],[6.273912,-70.462055],[7.13572,-70.246512],[7.742866,-69.893769],[8.48711,-70.148534],[9.525135,-70.011333],[10.249845,-70.48164],[10.817821,-70.834332],[11.953824,-70.638375],[12.404287,-70.246512],[13.422778,-69.972162],[14.734998,-70.030918],[15.126757,-70.403247],[15.949342,-70.030918],[17.026589,-69.913354],[18.201711,-69.874183],[19.259373,-69.893769],[20.375739,-70.011333],[21.452985,-70.07014],[21.923034,-70.403247],[22.569403,-70.697182],[23.666184,-70.520811],[24.841357,-70.48164],[25.977309,-70.48164],[27.093726,-70.462055],[28.09258,-70.324854],[29.150242,-70.20729],[30.031583,-69.93294],[30.971733,-69.75662],[31.990172,-69.658641],[32.754053,-69.384291],[33.302443,-68.835642],[33.870419,-68.502588],[34.908495,-68.659271],[35.300202,-69.012014],[36.16201,-69.247142],[37.200035,-69.168748],[37.905108,-69.52144],[38.649404,-69.776205],[39.667894,-69.541077],[40.020431,-69.109941],[40.921358,-68.933621],[41.959434,-68.600514],[42.938702,-68.463313],[44.113876,-68.267408],[44.897291,-68.051866],[45.719928,-67.816738],[46.503343,-67.601196],[47.44344,-67.718759],[48.344419,-67.366068],[48.990736,-67.091718],[49.930885,-67.111303],[50.753471,-66.876175],[50.949325,-66.523484],[51.791547,-66.249133],[52.614133,-66.053176],[53.613038,-65.89639],[54.53355,-65.818049],[55.414943,-65.876805],[56.355041,-65.974783],[57.158093,-66.249133],[57.255968,-66.680218],[58.137361,-67.013324],[58.744508,-67.287675],[59.939318,-67.405239],[60.605221,-67.679589],[61.427806,-67.953887],[62.387489,-68.012695],[63.19049,-67.816738],[64.052349,-67.405239],[64.992447,-67.620729],[65.971715,-67.738345],[66.911864,-67.855909],[67.891133,-67.934302],[68.890038,-67.934302],[69.712624,-68.972791],[69.673453,-69.227556],[69.555941,-69.678226],[68.596258,-69.93294],[67.81274,-70.305268],[67.949889,-70.697182],[69.066307,-70.677545],[68.929157,-71.069459],[68.419989,-71.441788],[67.949889,-71.853287],[68.71377,-72.166808],[69.869307,-72.264787],[71.024895,-72.088415],[71.573285,-71.696501],[71.906288,-71.324224],[72.454627,-71.010703],[73.08141,-70.716768],[73.33602,-70.364024],[73.864877,-69.874183],[74.491557,-69.776205],[75.62756,-69.737034],[76.626465,-69.619419],[77.644904,-69.462684],[78.134539,-69.07077],[78.428371,-68.698441],[79.113859,-68.326216],[80.093127,-68.071503],[80.93535,-67.875546],[81.483792,-67.542388],[82.051767,-67.366068],[82.776426,-67.209282],[83.775331,-67.30726],[84.676206,-67.209282],[85.655527,-67.091718],[86.752359,-67.150474],[87.477017,-66.876175],[87.986289,-66.209911],[88.358411,-66.484261],[88.828408,-66.954568],[89.67063,-67.150474],[90.630365,-67.228867],[91.5901,-67.111303],[92.608539,-67.189696],[93.548637,-67.209282],[94.17542,-67.111303],[95.017591,-67.170111],[95.781472,-67.385653],[96.682399,-67.248504],[97.759646,-67.248504],[98.68021,-67.111303],[99.718182,-67.248504],[100.384188,-66.915346],[100.893356,-66.58224],[101.578896,-66.30789],[102.832411,-65.563284],[103.478676,-65.700485],[104.242557,-65.974783],[104.90846,-66.327527],[106.181561,-66.934931],[107.160881,-66.954568],[108.081393,-66.954568],[109.15864,-66.837004],[110.235835,-66.699804],[111.058472,-66.425505],[111.74396,-66.13157],[112.860378,-66.092347],[113.604673,-65.876805],[114.388088,-66.072762],[114.897308,-66.386283],[115.602381,-66.699804],[116.699161,-66.660633],[117.384701,-66.915346],[118.57946,-67.170111],[119.832924,-67.268089],[120.871,-67.189696],[121.654415,-66.876175],[122.320369,-66.562654],[123.221296,-66.484261],[124.122274,-66.621462],[125.160247,-66.719389],[126.100396,-66.562654],[127.001427,-66.562654],[127.882768,-66.660633],[128.80328,-66.758611],[129.704259,-66.58224],[130.781454,-66.425505],[131.799945,-66.386283],[132.935896,-66.386283],[133.85646,-66.288304],[134.757387,-66.209963],[135.031582,-65.72007],[135.070753,-65.308571],[135.697485,-65.582869],[135.873805,-66.033591],[136.206705,-66.44509],[136.618049,-66.778197],[137.460271,-66.954568],[138.596223,-66.895761],[139.908442,-66.876175],[140.809421,-66.817367],[142.121692,-66.817367],[143.061842,-66.797782],[144.374061,-66.837004],[145.490427,-66.915346],[146.195552,-67.228867],[145.999699,-67.601196],[146.646067,-67.895131],[147.723263,-68.130259],[148.839629,-68.385024],[150.132314,-68.561292],[151.483705,-68.71813],[152.502247,-68.874813],[153.638199,-68.894502],[154.284567,-68.561292],[155.165857,-68.835642],[155.92979,-69.149215],[156.811132,-69.384291],[158.025528,-69.482269],[159.181013,-69.599833],[159.670699,-69.991747],[160.80665,-70.226875],[161.570479,-70.579618],[162.686897,-70.736353],[163.842434,-70.716768],[164.919681,-70.775524],[166.11444,-70.755938],[167.309095,-70.834332],[168.425616,-70.971481],[169.463589,-71.20666],[170.501665,-71.402617],[171.20679,-71.696501],[171.089227,-72.088415],[170.560422,-72.441159],[170.109958,-72.891829],[169.75737,-73.24452],[169.287321,-73.65602],[167.975101,-73.812806],[167.387489,-74.165498],[166.094803,-74.38104],[165.644391,-74.772954],[164.958851,-75.145283],[164.234193,-75.458804],[163.822797,-75.870303],[163.568239,-76.24258],[163.47026,-76.693302],[163.489897,-77.065579],[164.057873,-77.457442],[164.273363,-77.82977],[164.743464,-78.182514],[166.604126,-78.319611],[166.995781,-78.750748],[165.193876,-78.907483],[163.666217,-79.123025],[161.766385,-79.162248],[160.924162,-79.730482],[160.747894,-80.200737],[160.316964,-80.573066],[159.788211,-80.945395],[161.120016,-81.278501],[161.629287,-81.690001],[162.490992,-82.062278],[163.705336,-82.395435],[165.095949,-82.708956],[166.604126,-83.022477],[168.895665,-83.335998],[169.404782,-83.825891],[172.283934,-84.041433],[172.477049,-84.117914],[173.224083,-84.41371],[175.985672,-84.158997],[178.277212,-84.472518],[180,-84.71338]]]]},"properties":{}},{"type":"Feature","geometry":{"type":"Polygon","coordinates":[[[32.73178,35.140026],[32.802474,35.145504],[32.946961,35.386703],[33.667227,35.373216],[34.576474,35.671596],[33.900804,35.245756],[33.973617,35.058506],[33.86644,35.093595],[33.675392,35.017863],[33.525685,35.038688],[33.475817,35.000345],[33.455922,35.101424],[33.383833,35.162712],[33.190977,35.173125],[32.919572,35.087833],[32.73178,35.140026]]]},"properties":{}},{"type":"Feature","geometry":{"type":"Polygon","coordinates":[[[32.73178,35.140026],[32.919572,35.087833],[33.190977,35.173125],[33.383833,35.162712],[33.455922,35.101424],[33.475817,35.000345],[33.525685,35.038688],[33.675392,35.017863],[33.86644,35.093595],[33.973617,35.058506],[34.004881,34.978098],[32.979827,34.571869],[32.490296,34.701655],[32.256667,35.103232],[32.73178,35.140026]]]},"properties":{}},{"type":"Feature","geometry":{"type":"Polygon","coordinates":[[[-2.169914,35.168396],[-1.792986,34.527919],[-1.733455,33.919713],[-1.388049,32.864015],[-1.124551,32.651522],[-1.307899,32.262889],[-2.616605,32.094346],[-3.06898,31.724498],[-3.647498,31.637294],[-3.690441,30.896952],[-4.859646,30.501188],[-5.242129,30.000443],[-6.060632,29.7317],[-7.059228,29.579228],[-8.674116,28.841289],[-8.66559,27.656426],[-8.817828,27.656426],[-8.794884,27.120696],[-9.413037,27.088476],[-9.735343,26.860945],[-10.189424,26.860945],[-10.551263,26.990808],[-11.392555,26.883424],[-11.71822,26.104092],[-12.030759,26.030866],[-12.500963,24.770116],[-13.89111,23.691009],[-14.221168,22.310163],[-14.630833,21.86094],[-14.750955,21.5006],[-17.002962,21.420734],[-17.020428,21.42231],[-16.973248,21.885745],[-16.589137,22.158234],[-16.261922,22.67934],[-16.326414,23.017768],[-15.982611,23.723358],[-15.426004,24.359134],[-15.089332,24.520261],[-14.824645,25.103533],[-14.800926,25.636265],[-14.43994,26.254418],[-13.773805,26.618892],[-13.139942,27.640148],[-13.121613,27.654148],[-12.618837,28.038186],[-11.688919,28.148644],[-10.900957,28.832142],[-10.399592,29.098586],[-9.564811,29.933574],[-9.814718,31.177736],[-9.434793,32.038096],[-9.300693,32.564679],[-8.657476,33.240245],[-7.654178,33.697065],[-6.912544,34.110476],[-6.244342,35.145865],[-5.929994,35.759988],[-5.193863,35.755182],[-4.591006,35.330712],[-3.640057,35.399855],[-2.604306,35.179093],[-2.169914,35.168396]]]},"properties":{}},{"type":"Feature","geometry":{"type":"Polygon","coordinates":[[[36.86623,22],[32.9,22],[29.02,22],[25,22],[25,25.6825],[25,29.238655],[24.70007,30.04419],[24.95762,30.6616],[24.80287,31.08929],[25.16482,31.56915],[26.49533,31.58568],[27.45762,31.32126],[28.45048,31.02577],[28.91353,30.87005],[29.68342,31.18686],[30.09503,31.4734],[30.97693,31.55586],[31.68796,31.4296],[31.96041,30.9336],[32.19247,31.26034],[32.99392,31.02407],[33.7734,30.96746],[34.265435,31.219357],[34.26544,31.21936],[34.823243,29.761081],[34.9226,29.50133],[34.64174,29.09942],[34.42655,28.34399],[34.15451,27.8233],[33.92136,27.6487],[33.58811,27.97136],[33.13676,28.41765],[32.42323,29.85108],[32.32046,29.76043],[32.73482,28.70523],[33.34876,27.69989],[34.10455,26.14227],[34.47387,25.59856],[34.79507,25.03375],[35.69241,23.92671],[35.49372,23.75237],[35.52598,23.10244],[36.69069,22.20485],[36.86623,22]]]},"properties":{}},{"type":"Feature","geometry":{"type":"Polygon","coordinates":[[[25,22],[25,20.00304],[23.85,20],[23.83766,19.58047],[19.84926,21.49509],[15.86085,23.40972],[14.8513,22.86295],[14.143871,22.491289],[13.581425,23.040506],[11.999506,23.471668],[11.560669,24.097909],[10.771364,24.562532],[10.303847,24.379313],[9.948261,24.936954],[9.910693,25.365455],[9.319411,26.094325],[9.716286,26.512206],[9.629056,27.140953],[9.756128,27.688259],[9.683885,28.144174],[9.859998,28.95999],[9.805634,29.424638],[9.48214,30.307556],[9.970017,30.539325],[10.056575,30.961831],[9.950225,31.37607],[10.636901,31.761421],[10.94479,32.081815],[11.432253,32.368903],[11.488787,33.136996],[12.66331,32.79278],[13.08326,32.87882],[13.91868,32.71196],[15.24563,32.26508],[15.71394,31.37626],[16.61162,31.18218],[18.02109,30.76357],[19.08641,30.26639],[19.57404,30.52582],[20.05335,30.98576],[19.82033,31.75179],[20.13397,32.2382],[20.85452,32.7068],[21.54298,32.8432],[22.89576,32.63858],[23.2368,32.19149],[23.60913,32.18726],[23.9275,32.01667],[24.92114,31.89936],[25.16482,31.56915],[24.80287,31.08929],[24.95762,30.6616],[24.70007,30.04419],[25,29.238655],[25,25.6825],[25,22]]]},"properties":{}},{"type":"Feature","geometry":{"type":"Polygon","coordinates":[[[47.78942,8.003],[44.9636,5.00162],[43.66087,4.95755],[42.76967,4.25259],[42.12861,4.23413],[41.855083,3.918912],[41.1718,3.91909],[40.76848,4.25702],[39.85494,3.83879],[39.559384,3.42206],[38.89251,3.50074],[38.67114,3.61607],[38.43697,3.58851],[38.120915,3.598605],[36.855093,4.447864],[36.159079,4.447864],[35.817448,4.776966],[35.817448,5.338232],[35.298007,5.506],[34.70702,6.59422],[34.25032,6.82607],[34.0751,7.22595],[33.56829,7.71334],[32.95418,7.78497],[33.2948,8.35458],[33.8255,8.37916],[33.97498,8.68456],[33.96162,9.58358],[34.25745,10.63009],[34.73115,10.91017],[34.83163,11.31896],[35.26049,12.08286],[35.86363,12.57828],[36.27022,13.56333],[36.42951,14.42211],[37.59377,14.2131],[37.90607,14.95943],[38.51295,14.50547],[39.0994,14.74064],[39.34061,14.53155],[40.02625,14.51959],[40.8966,14.11864],[41.1552,13.77333],[41.59856,13.45209],[42.00975,12.86582],[42.35156,12.54223],[42,12.1],[41.66176,11.6312],[41.73959,11.35511],[41.75557,11.05091],[42.31414,11.0342],[42.55493,11.10511],[42.776852,10.926879],[42.55876,10.57258],[42.92812,10.02194],[43.29699,9.54048],[43.67875,9.18358],[46.94834,7.99688],[47.78942,8.003]]]},"properties":{}},{"type":"Feature","geometry":{"type":"Polygon","coordinates":[[[42.35156,12.54223],[42.779642,12.455416],[43.081226,12.699639],[43.317852,12.390148],[43.286381,11.974928],[42.715874,11.735641],[43.145305,11.46204],[42.776852,10.926879],[42.55493,11.10511],[42.31414,11.0342],[41.75557,11.05091],[41.73959,11.35511],[41.66176,11.6312],[42,12.1],[42.35156,12.54223]]]},"properties":{}},{"type":"Feature","geometry":{"type":"Polygon","coordinates":[[[48.948205,11.410617],[48.948205,11.410617],[48.942005,11.394266],[48.938491,10.982327],[48.938233,9.9735],[48.93813,9.451749],[48.486736,8.837626],[47.78942,8.003],[46.94834,7.99688],[43.67875,9.18358],[43.29699,9.54048],[42.92812,10.02194],[42.55876,10.57258],[42.776852,10.926879],[43.145305,11.46204],[43.47066,11.27771],[43.666668,10.864169],[44.117804,10.445538],[44.614259,10.442205],[45.556941,10.698029],[46.645401,10.816549],[47.525658,11.127228],[48.021596,11.193064],[48.378784,11.375482],[48.948206,11.410622],[48.948205,11.410617]]]},"properties":{}},{"type":"Feature","geometry":{"type":"Polygon","coordinates":[[[33.903711,-0.95],[31.86617,-1.02736],[30.76986,-1.01455],[30.419105,-1.134659],[29.821519,-1.443322],[29.579466,-1.341313],[29.587838,-0.587406],[29.819503,-0.20531],[29.875779,0.59738],[30.086154,1.062313],[30.468508,1.583805],[30.85267,1.849396],[31.174149,2.204465],[30.773347,2.339883],[30.83386,3.509166],[30.833852,3.509172],[31.24556,3.7819],[31.88145,3.55827],[32.68642,3.79232],[33.39,3.79],[34.005,4.249885],[34.47913,3.5556],[34.59607,3.05374],[35.03599,1.90584],[34.6721,1.17694],[34.18,0.515],[33.893569,0.109814],[33.903711,-0.95]]]},"properties":{}},{"type":"Feature","geometry":{"type":"Polygon","coordinates":[[[30.419105,-1.134659],[30.816135,-1.698914],[30.758309,-2.28725],[30.46967,-2.41383],[30.469674,-2.413855],[29.938359,-2.348487],[29.632176,-2.917858],[29.024926,-2.839258],[29.117479,-2.292211],[29.254835,-2.21511],[29.291887,-1.620056],[29.579466,-1.341313],[29.821519,-1.443322],[30.419105,-1.134659]]]},"properties":{}},{"type":"Feature","geometry":{"type":"Polygon","coordinates":[[[18.56,42.65],[17.674922,43.028563],[17.297373,43.446341],[16.916156,43.667722],[16.456443,44.04124],[16.23966,44.351143],[15.750026,44.818712],[15.959367,45.233777],[16.318157,45.004127],[16.534939,45.211608],[17.002146,45.233777],[17.861783,45.06774],[18.553214,45.08159],[19.005485,44.860234],[19.00548,44.86023],[19.36803,44.863],[19.11761,44.42307],[19.59976,44.03847],[19.454,43.5681],[19.21852,43.52384],[19.03165,43.43253],[18.70648,43.20011],[18.56,42.65]]]},"properties":{}},{"type":"Feature","geometry":{"type":"Polygon","coordinates":[[[22.380526,42.32026],[22.881374,41.999297],[22.952377,41.337994],[22.76177,41.3048],[22.597308,41.130487],[22.055378,41.149866],[21.674161,40.931275],[21.02004,40.842727],[20.605182,41.086226],[20.463175,41.515089],[20.590247,41.855404],[20.590247,41.855409],[20.71731,41.84711],[20.76216,42.05186],[21.3527,42.2068],[21.576636,42.245224],[21.91708,42.30364],[22.380526,42.32026]]]},"properties":{}},{"type":"Feature","geometry":{"type":"Polygon","coordinates":[[[18.829825,45.908872],[18.829838,45.908878],[19.596045,46.17173],[20.220192,46.127469],[20.762175,45.734573],[20.874313,45.416375],[21.483526,45.18117],[21.562023,44.768947],[22.145088,44.478422],[22.459022,44.702517],[22.705726,44.578003],[22.474008,44.409228],[22.65715,44.234923],[22.410446,44.008063],[22.500157,43.642814],[22.986019,43.211161],[22.604801,42.898519],[22.436595,42.580321],[22.545012,42.461362],[22.380526,42.32026],[21.91708,42.30364],[21.576636,42.245224],[21.54332,42.32025],[21.66292,42.43922],[21.77505,42.6827],[21.63302,42.67717],[21.43866,42.86255],[21.27421,42.90959],[21.143395,43.068685],[20.95651,43.13094],[20.81448,43.27205],[20.63508,43.21671],[20.49679,42.88469],[20.25758,42.81275],[20.3398,42.89852],[19.95857,43.10604],[19.63,43.21378],[19.48389,43.35229],[19.21852,43.52384],[19.454,43.5681],[19.59976,44.03847],[19.11761,44.42307],[19.36803,44.863],[19.00548,44.86023],[19.005485,44.860234],[19.390476,45.236516],[19.072769,45.521511],[18.829825,45.908872]]]},"properties":{}},{"type":"Feature","geometry":{"type":"Polygon","coordinates":[[[20.0707,42.58863],[19.801613,42.500093],[19.738051,42.688247],[19.304486,42.195745],[19.371768,41.877551],[19.16246,41.95502],[18.88214,42.28151],[18.450017,42.479992],[18.56,42.65],[18.70648,43.20011],[19.03165,43.43253],[19.21852,43.52384],[19.48389,43.35229],[19.63,43.21378],[19.95857,43.10604],[20.3398,42.89852],[20.25758,42.81275],[20.0707,42.58863]]]},"properties":{}},{"type":"Feature","geometry":{"type":"Polygon","coordinates":[[[20.590247,41.855409],[20.52295,42.21787],[20.283755,42.32026],[20.0707,42.58863],[20.25758,42.81275],[20.49679,42.88469],[20.63508,43.21671],[20.81448,43.27205],[20.95651,43.13094],[21.143395,43.068685],[21.27421,42.90959],[21.43866,42.86255],[21.63302,42.67717],[21.77505,42.6827],[21.66292,42.43922],[21.54332,42.32025],[21.576636,42.245224],[21.3527,42.2068],[20.76216,42.05186],[20.71731,41.84711],[20.590247,41.855409]]]},"properties":{}},{"type":"Feature","geometry":{"type":"Polygon","coordinates":[[[-61.68,10.76],[-61.105,10.89],[-60.895,10.855],[-60.935,10.11],[-61.77,10],[-61.95,10.09],[-61.66,10.365],[-61.68,10.76]]]},"properties":{}},{"type":"Feature","geometry":{"type":"Polygon","coordinates":[[[30.833852,3.509172],[29.9535,4.173699],[29.715995,4.600805],[29.159078,4.389267],[28.696678,4.455077],[28.428994,4.287155],[27.979977,4.408413],[27.374226,5.233944],[27.213409,5.550953],[26.465909,5.946717],[26.213418,6.546603],[25.796648,6.979316],[25.124131,7.500085],[25.114932,7.825104],[24.567369,8.229188],[23.88698,8.61973],[24.194068,8.728696],[24.537415,8.917538],[24.794926,9.810241],[25.069604,10.27376],[25.790633,10.411099],[25.962307,10.136421],[26.477328,9.55273],[26.752006,9.466893],[27.112521,9.638567],[27.833551,9.604232],[27.97089,9.398224],[28.966597,9.398224],[29.000932,9.604232],[29.515953,9.793074],[29.618957,10.084919],[29.996639,10.290927],[30.837841,9.707237],[31.352862,9.810241],[31.850716,10.531271],[32.400072,11.080626],[32.314235,11.681484],[32.073892,11.97333],[32.67475,12.024832],[32.743419,12.248008],[33.206938,12.179338],[33.086766,11.441141],[33.206938,10.720112],[33.721959,10.325262],[33.842131,9.981915],[33.824963,9.484061],[33.963393,9.464285],[33.97498,8.68456],[33.8255,8.37916],[33.2948,8.35458],[32.95418,7.78497],[33.56829,7.71334],[34.0751,7.22595],[34.25032,6.82607],[34.70702,6.59422],[35.298007,5.506],[34.620196,4.847123],[34.005,4.249885],[33.39,3.79],[32.68642,3.79232],[31.88145,3.55827],[31.24556,3.7819],[30.833852,3.509172]]]},"properties":{}},{"type":"Feature","properties":{},"geometry":{"type":"MultiPolygon","coordinates":[[[[-7.2471,55.069322],[-7.256744,55.050686],[-7.240956,55.050279],[-7.195424,55.058051],[-7.17748,55.056952],[-7.133901,55.04385],[-7.099477,55.040961],[-7.065053,55.04385],[-7.0537,55.048733],[-7.03189,55.064927],[-7.017201,55.071112],[-7.017812,55.08397],[-7.009918,55.10224],[-6.997955,55.118638],[-6.98648,55.125718],[-6.974924,55.135443],[-6.968658,55.18065],[-6.962554,55.194648],[-6.946685,55.19538],[-6.903554,55.178656],[-6.883778,55.17414],[-6.754506,55.177802],[-6.640452,55.208319],[-6.571278,55.211249],[-6.554514,55.218573],[-6.539174,55.230658],[-6.519846,55.240668],[-6.498118,55.247138],[-6.475942,55.248684],[-6.440012,55.236029],[-6.415924,55.231879],[-6.378163,55.246243],[-6.352895,55.242621],[-6.255849,55.210883],[-6.239817,55.208319],[-6.217641,55.210395],[-6.179555,55.219713],[-6.160024,55.22191],[-6.120839,55.217841],[-6.100982,55.212388],[-6.092397,55.204901],[-6.084218,55.202216],[-6.047231,55.178534],[-6.037099,55.167914],[-6.040639,55.112047],[-6.047434,55.095649],[-6.062082,55.074123],[-6.054351,55.065131],[-6.03539,55.063625],[-6.016672,55.064276],[-6.003529,55.063178],[-5.988678,55.059475],[-5.975738,55.053046],[-5.968251,55.04385],[-5.970204,55.025824],[-5.988271,54.988674],[-5.986236,54.981757],[-5.957143,54.978949],[-5.930328,54.970893],[-5.906606,54.957953],[-5.886342,54.940823],[-5.881988,54.934027],[-5.875234,54.917914],[-5.869252,54.910386],[-5.862782,54.905951],[-5.847035,54.898139],[-5.839182,54.893012],[-5.829986,54.885159],[-5.820953,54.875067],[-5.813954,54.862779],[-5.811187,54.848334],[-5.800526,54.820746],[-5.775258,54.81151],[-5.745595,54.804592],[-5.721832,54.783759],[-5.715647,54.783759],[-5.733754,54.805243],[-5.797597,54.84455],[-5.781728,54.861721],[-5.751617,54.856879],[-5.720611,54.84101],[-5.701975,54.824693],[-5.689849,54.793118],[-5.692616,54.765204],[-5.706899,54.742987],[-5.729319,54.728502],[-5.758901,54.719916],[-5.81843,54.709621],[-5.845367,54.701239],[-5.87149,54.687323],[-5.890736,54.672309],[-5.914337,54.646837],[-5.927235,54.632961],[-5.915151,54.628241],[-5.910959,54.619452],[-5.909983,54.610541],[-5.907379,54.605618],[-5.894887,54.604804],[-5.887278,54.609809],[-5.881988,54.616156],[-5.871002,54.622301],[-5.848785,54.643215],[-5.839019,54.649726],[-5.803822,54.659613],[-5.769521,54.674628],[-5.747955,54.680406],[-5.732411,54.676988],[-5.716624,54.669867],[-5.694692,54.668687],[-5.574696,54.68008],[-5.569,54.676947],[-5.556711,54.662787],[-5.547109,54.659613],[-5.53661,54.657457],[-5.533274,54.651679],[-5.532786,54.643215],[-5.5301,54.632961],[-5.514394,54.597886],[-5.502553,54.583482],[-5.485707,54.577704],[-5.478912,54.569485],[-5.47289,54.530097],[-5.468617,54.516262],[-5.437082,54.48786],[-5.430776,54.485175],[-5.437571,54.475653],[-5.436513,54.470201],[-5.433461,54.466254],[-5.433827,54.461005],[-5.438832,54.454901],[-5.458119,54.437405],[-5.464263,54.425238],[-5.457387,54.408677],[-5.461171,54.392076],[-5.470855,54.384345],[-5.483998,54.37759],[-5.489125,54.369574],[-5.474843,54.358588],[-5.489573,54.353705],[-5.502024,54.339667],[-5.515777,54.33808],[-5.527659,54.345282],[-5.536977,54.35928],[-5.547109,54.379096],[-5.55899,54.382636],[-5.569488,54.391506],[-5.57665,54.402777],[-5.57844,54.413804],[-5.571685,54.425605],[-5.548695,54.442816],[-5.543691,54.457831],[-5.547353,54.489081],[-5.558013,54.511908],[-5.575307,54.528998],[-5.644887,54.567776],[-5.671864,54.576809],[-5.701975,54.577704],[-5.701975,54.570787],[-5.694651,54.561103],[-5.697418,54.551215],[-5.706044,54.54267],[-5.715647,54.536689],[-5.701527,54.536322],[-5.690419,54.53205],[-5.681508,54.526842],[-5.674062,54.523668],[-5.636952,54.52204],[-5.6256,54.516262],[-5.641916,54.512641],[-5.66393,54.510199],[-5.670318,54.505683],[-5.639963,54.495754],[-5.644765,54.48371],[-5.644602,54.472113],[-5.638499,54.463568],[-5.6256,54.461005],[-5.626698,54.456692],[-5.628,54.453803],[-5.633127,54.447333],[-5.6256,54.441107],[-5.653554,54.388983],[-5.661448,54.379584],[-5.697906,54.362291],[-5.708852,54.351752],[-5.668324,54.360663],[-5.622141,54.376654],[-5.579701,54.383694],[-5.550526,54.365424],[-5.540679,54.327338],[-5.553049,54.298529],[-5.579498,54.275702],[-5.61262,54.255561],[-5.617177,54.254788],[-5.628529,54.256537],[-5.633127,54.255561],[-5.639963,54.235053],[-5.64684,54.232164],[-5.655751,54.229682],[-5.663401,54.230862],[-5.666656,54.238837],[-5.678822,54.246161],[-5.736887,54.249091],[-5.779449,54.246527],[-5.822662,54.237209],[-5.842275,54.235053],[-5.86205,54.230536],[-5.868031,54.218492],[-5.866038,54.184149],[-5.865834,54.180487],[-5.86852,54.161322],[-5.874623,54.14053],[-5.883209,54.120754],[-5.893788,54.104682],[-5.911977,54.091295],[-5.953847,54.078681],[-5.984731,54.059312],[-6.027252,54.040229],[-6.040517,54.036444],[-6.079579,54.034573],[-6.095448,54.036363],[-6.112904,54.043891],[-6.112904,54.050116],[-6.093007,54.055894],[-6.08495,54.056952],[-6.161529,54.073717],[-6.174306,54.074286],[-6.185862,54.092678],[-6.212554,54.098456],[-6.242502,54.099758],[-6.263661,54.104682],[-6.269887,54.097927],[-6.28465,54.105226],[-6.299585,54.104037],[-6.313796,54.099696],[-6.327128,54.097888],[-6.338962,54.102952],[-6.346662,54.109877],[-6.354827,54.110652],[-6.368108,54.097319],[-6.369348,54.091118],[-6.367643,54.083418],[-6.366919,54.075098],[-6.371157,54.066778],[-6.377513,54.063264],[-6.401026,54.060887],[-6.426761,54.05541],[-6.433892,54.055306],[-6.4403,54.057993],[-6.446243,54.062438],[-6.450222,54.066675],[-6.450894,54.068432],[-6.47854,54.067709],[-6.564013,54.04895],[-6.571868,54.049519],[-6.587164,54.053343],[-6.595071,54.052412],[-6.60029,54.04895],[-6.605217,54.044475],[-6.610987,54.039235],[-6.616465,54.037271],[-6.630624,54.041819],[-6.657289,54.061146],[-6.672534,54.068432],[-6.657082,54.091945],[-6.655791,54.103314],[-6.666436,54.114786],[-6.643957,54.131839],[-6.634552,54.150133],[-6.640339,54.168013],[-6.648448,54.173665],[-6.663025,54.183826],[-6.683954,54.194368],[-6.694651,54.197985],[-6.706537,54.198915],[-6.717234,54.195143],[-6.724779,54.188631],[-6.73284,54.183567],[-6.744777,54.184187],[-6.766481,54.192352],[-6.787824,54.202998],[-6.807358,54.21633],[-6.823946,54.23235],[-6.829733,54.242375],[-6.833196,54.25209],[-6.837743,54.260513],[-6.846683,54.266456],[-6.882185,54.277257],[-6.864667,54.282734],[-6.856657,54.292811],[-6.858414,54.307332],[-6.870015,54.326001],[-6.879705,54.341594],[-6.885957,54.345624],[-6.897895,54.346193],[-6.905956,54.349035],[-6.915051,54.365933],[-6.922028,54.372703],[-6.984091,54.403089],[-7.017836,54.413166],[-7.049255,54.411512],[-7.078504,54.394717],[-7.127028,54.349759],[-7.159894,54.335186],[-7.168059,54.335031],[-7.185629,54.336943],[-7.18947,54.335692],[-7.19245,54.334721],[-7.193949,54.329967],[-7.191468,54.323869],[-7.187644,54.318804],[-7.185009,54.317254],[-7.184647,54.316634],[-7.192399,54.307384],[-7.193691,54.307539],[-7.199168,54.303457],[-7.206661,54.304903],[-7.211467,54.30418],[-7.209038,54.293431],[-7.1755,54.283664],[-7.181495,54.269763],[-7.14589,54.25209],[-7.159739,54.24067],[-7.153331,54.224237],[-7.174725,54.216072],[-7.229502,54.207545],[-7.240871,54.202326],[-7.249088,54.197416],[-7.255496,54.190854],[-7.261128,54.18088],[-7.256322,54.176901],[-7.247021,54.17225],[-7.24578,54.166979],[-7.265366,54.16114],[-7.26087,54.151166],[-7.263505,54.140986],[-7.27074,54.132253],[-7.280042,54.126155],[-7.293788,54.122021],[-7.297353,54.125896],[-7.29632,54.134991],[-7.296423,54.146515],[-7.295028,54.155404],[-7.292134,54.162638],[-7.295545,54.165119],[-7.325982,54.154577],[-7.333165,54.149409],[-7.333165,54.142743],[-7.310324,54.114683],[-7.316489,54.11428],[-7.326964,54.113597],[-7.375488,54.123312],[-7.390216,54.121194],[-7.39466,54.121917],[-7.396624,54.126258],[-7.403962,54.135043],[-7.41223,54.136438],[-7.422255,54.135456],[-7.425769,54.136955],[-7.414659,54.145688],[-7.439619,54.146929],[-7.480753,54.127653],[-7.502302,54.125121],[-7.609014,54.139901],[-7.620796,54.144965],[-7.624052,54.153336],[-7.625706,54.162173],[-7.632682,54.168529],[-7.70477,54.200362],[-7.722599,54.202326],[-7.782078,54.2],[-7.836959,54.204341],[-7.856441,54.211421],[-7.86967,54.226872],[-7.873649,54.271055],[-7.880264,54.287023],[-7.894966,54.293586],[-7.93411,54.297049],[-7.942075,54.298873],[-7.950802,54.300873],[-7.96801,54.31219],[-7.981033,54.326556],[-8.002194,54.357923],[-8.03134,54.358027],[-8.05648,54.365882],[-8.079941,54.380196],[-8.122419,54.415233],[-8.146346,54.430736],[-8.156035,54.439055],[-8.158128,54.447117],[-8.161177,54.454817],[-8.173837,54.461741],[-8.168467,54.463477],[-8.15017,54.46939],[-8.097046,54.478588],[-8.072448,54.487063],[-8.060976,54.493316],[-8.05586,54.497553],[-8.043561,54.512229],[-8.023278,54.529696],[-8.002194,54.543442],[-7.926411,54.533055],[-7.887137,54.532125],[-7.848844,54.54091],[-7.749264,54.596152],[-7.707871,54.604162],[-7.707951,54.604763],[-7.710558,54.624264],[-7.721204,54.625866],[-7.736758,54.619251],[-7.753553,54.614497],[-7.769159,54.618011],[-7.801199,54.634806],[-7.814996,54.639457],[-7.822541,54.638113],[-7.838044,54.63124],[-7.846416,54.631447],[-7.85427,54.636408],[-7.864347,54.649069],[-7.872771,54.652221],[-7.890082,54.655063],[-7.906619,54.661316],[-7.914835,54.671651],[-7.907135,54.686689],[-7.913233,54.688653],[-7.929666,54.696714],[-7.880109,54.711029],[-7.845899,54.731027],[-7.832153,54.730614],[-7.803576,54.716145],[-7.770503,54.706016],[-7.736603,54.707463],[-7.70229,54.718883],[-7.667512,54.738779],[-7.649683,54.744877],[-7.61537,54.739347],[-7.585398,54.744722],[-7.566639,54.738675],[-7.556149,54.738365],[-7.543075,54.741673],[-7.543023,54.743791],[-7.548398,54.747202],[-7.551705,54.754695],[-7.549741,54.779603],[-7.543385,54.793091],[-7.470831,54.845284],[-7.45507,54.863009],[-7.444735,54.884455],[-7.444735,54.894893],[-7.448972,54.920318],[-7.445251,54.932152],[-7.436983,54.938301],[-7.417139,54.943056],[-7.415755,54.944372],[-7.408665,54.951117],[-7.407424,54.959437],[-7.413109,54.984965],[-7.409078,54.992045],[-7.403755,54.99313],[-7.40112,54.994836],[-7.405254,55.003569],[-7.376987,55.02889],[-7.366962,55.035557],[-7.355024,55.040931],[-7.291152,55.046615],[-7.282987,55.051835],[-7.275288,55.058863],[-7.266503,55.065167],[-7.2471,55.069322]]],[[[-6.236399,55.311347],[-6.184804,55.30683],[-6.174306,55.3039],[-6.171864,55.293199],[-6.17809,55.280585],[-6.187571,55.269355],[-6.194814,55.262926],[-6.193267,55.270982],[-6.19286,55.275784],[-6.191762,55.279364],[-6.187978,55.284003],[-6.21109,55.295315],[-6.235829,55.296698],[-6.26061,55.295071],[-6.283559,55.297065],[-6.272532,55.303046],[-6.261464,55.307522],[-6.249623,55.310289],[-6.236399,55.311347]]]]}},{"type":"Feature","properties":{},"geometry":{"type":"MultiPolygon","coordinates":[[[[-3.084543,53.258577],[-3.066681,53.253236],[-3.028984,53.249051],[-3.019759,53.246699],[-2.955551,53.215513],[-2.922427,53.193473],[-2.917983,53.189261],[-2.913564,53.183422],[-2.911445,53.174714],[-2.912557,53.170141],[-2.915295,53.167143],[-2.952399,53.152881],[-2.95581,53.150555],[-2.957231,53.147145],[-2.956797,53.144604],[-2.956662,53.143812],[-2.951469,53.138411],[-2.902635,53.106708],[-2.897364,53.102238],[-2.870957,53.066271],[-2.864058,53.053171],[-2.857495,53.035549],[-2.857004,53.03188],[-2.85734,53.027901],[-2.855118,53.022863],[-2.850545,53.017178],[-2.825766,52.99997],[-2.81835,52.98948],[-2.813441,52.986844],[-2.806181,52.984958],[-2.768638,52.981548],[-2.727731,52.96654],[-2.727297,52.966381],[-2.725023,52.958345],[-2.718822,52.948914],[-2.717116,52.945555],[-2.716238,52.941783],[-2.716755,52.925608],[-2.717685,52.921603],[-2.721509,52.918166],[-2.727813,52.916151],[-2.741197,52.914342],[-2.751171,52.9115],[-2.771532,52.902198],[-2.77949,52.900571],[-2.788998,52.902095],[-2.795044,52.90393],[-2.847961,52.937287],[-2.853154,52.939095],[-2.865066,52.941137],[-2.877985,52.941421],[-2.917156,52.934109],[-2.925941,52.93354],[-2.932969,52.934264],[-2.937542,52.935866],[-2.941599,52.938165],[-2.958368,52.95049],[-2.962967,52.951963],[-2.974775,52.953539],[-2.99281,52.95297],[-3.00392,52.949844],[-3.054718,52.926409],[-3.058594,52.925272],[-3.063607,52.924678],[-3.067586,52.923515],[-3.08035,52.917624],[-3.086189,52.913567],[-3.09146,52.908115],[-3.099703,52.89747],[-3.106343,52.893103],[-3.112906,52.890416],[-3.123474,52.887884],[-3.126859,52.884603],[-3.128357,52.880003],[-3.126264,52.871761],[-3.124223,52.866929],[-3.121691,52.862588],[-3.120864,52.859074],[-3.121898,52.854914],[-3.127065,52.849747],[-3.140682,52.841866],[-3.144299,52.839179],[-3.150268,52.833314],[-3.152232,52.829826],[-3.152619,52.823883],[-3.152335,52.818973],[-3.14043,52.796341],[-3.14032,52.796133],[-3.130114,52.789415],[-3.113061,52.784583],[-3.08221,52.783033],[-3.077559,52.781792],[-3.074717,52.77988],[-3.067715,52.771638],[-3.062961,52.768434],[-3.057509,52.766212],[-3.029552,52.763886],[-3.005781,52.759055],[-2.999941,52.756988],[-2.998546,52.756109],[-2.988211,52.744973],[-2.983353,52.741536],[-2.978599,52.739004],[-2.961494,52.733733],[-2.959944,52.731098],[-2.961107,52.728049],[-2.967411,52.719858],[-2.97369,52.716396],[-2.979839,52.7142],[-2.99927,52.713244],[-3.005522,52.712262],[-3.00976,52.710789],[-3.013274,52.70836],[-3.016245,52.704898],[-3.021129,52.69557],[-3.027898,52.686914],[-3.029087,52.683039],[-3.030275,52.67645],[-3.029216,52.663944],[-3.032446,52.654617],[-3.035753,52.649397],[-3.040223,52.64671],[-3.059266,52.639837],[-3.062935,52.637512],[-3.065725,52.63361],[-3.067586,52.62821],[-3.070454,52.614567],[-3.072056,52.609994],[-3.074175,52.606687],[-3.080608,52.601054],[-3.088928,52.59661],[-3.116317,52.586326],[-3.120037,52.584052],[-3.122983,52.580978],[-3.124662,52.576689],[-3.124972,52.571056],[-3.124042,52.566534],[-3.120037,52.559661],[-3.112183,52.551109],[-3.109883,52.54806],[-3.108359,52.544804],[-3.108359,52.540928],[-3.109883,52.537595],[-3.115387,52.531782],[-3.115128,52.528991],[-3.110684,52.52695],[-3.099909,52.526666],[-3.092546,52.527493],[-3.086551,52.529069],[-3.08283,52.531446],[-3.079678,52.53434],[-3.074614,52.540825],[-3.071126,52.543331],[-3.067198,52.54545],[-3.039164,52.554984],[-3.020043,52.566663],[-3.015238,52.568188],[-3.010147,52.568317],[-3.005316,52.567335],[-2.980459,52.549817],[-2.976997,52.545631],[-2.975498,52.541833],[-2.976377,52.53806],[-2.981338,52.533254],[-2.988857,52.527751],[-3.014876,52.513256],[-3.024178,52.499665],[-3.030844,52.4969],[-3.107738,52.493903],[-3.117996,52.491345],[-3.144196,52.480054],[-3.190317,52.46884],[-3.194632,52.466928],[-3.201454,52.462122],[-3.213107,52.450081],[-3.214657,52.446154],[-3.215122,52.442226],[-3.21507,52.438402],[-3.21321,52.430522],[-3.211505,52.426155],[-3.208766,52.421298],[-3.205975,52.417939],[-3.202668,52.414993],[-3.199309,52.412513],[-3.165099,52.398637],[-3.139519,52.383703],[-3.103656,52.368071],[-3.077559,52.35032],[-3.070557,52.346573],[-2.957414,52.341183],[-2.956662,52.341147],[-2.954983,52.331587],[-2.957334,52.327944],[-2.96369,52.322596],[-2.984025,52.314276],[-2.991079,52.309651],[-2.996169,52.302984],[-2.999476,52.296215],[-2.99927,52.294458],[-2.996531,52.283942],[-2.993275,52.279627],[-2.988676,52.276293],[-2.963613,52.27172],[-2.958962,52.270015],[-2.95643,52.267328],[-2.956378,52.264098],[-2.962166,52.259757],[-2.968367,52.257845],[-3.002525,52.257018],[-3.011904,52.254848],[-3.016064,52.253039],[-3.019036,52.251256],[-3.025883,52.244435],[-3.029087,52.242032],[-3.033169,52.239862],[-3.046812,52.235056],[-3.050998,52.232834],[-3.05415,52.230172],[-3.056682,52.226658],[-3.061669,52.215109],[-3.06694,52.209166],[-3.107661,52.172708],[-3.108927,52.168471],[-3.107428,52.163923],[-3.099418,52.157541],[-3.093166,52.156068],[-3.087404,52.156172],[-3.082469,52.156921],[-3.077663,52.15581],[-3.075699,52.152787],[-3.078231,52.147283],[-3.082133,52.143588],[-3.087016,52.140772],[-3.113371,52.135217],[-3.122208,52.132013],[-3.124662,52.128964],[-3.123913,52.125088],[-3.116575,52.11943],[-3.101434,52.113151],[-3.100814,52.111962],[-3.101744,52.110386],[-3.106808,52.107932],[-3.10996,52.105115],[-3.113216,52.101575],[-3.117479,52.092997],[-3.123758,52.075686],[-3.123086,52.073257],[-3.121717,52.070802],[-3.114301,52.068735],[-3.105051,52.063748],[-3.087559,52.051734],[-3.084691,52.047935],[-3.082624,52.043259],[-3.082133,52.035042],[-3.083425,52.029849],[-3.0819,52.022304],[-3.079885,52.0168],[-3.05125,51.983503],[-3.050843,51.98303],[-3.02826,51.963289],[-2.998779,51.946701],[-2.997099,51.945254],[-2.9948,51.942645],[-2.993404,51.939337],[-2.991932,51.931922],[-2.988211,51.927581],[-2.982268,51.922827],[-2.960848,51.911122],[-2.952502,51.908693],[-2.94178,51.908538],[-2.934726,51.909262],[-2.924339,51.912052],[-2.894573,51.925824],[-2.884625,51.92833],[-2.873592,51.929209],[-2.775666,51.875026],[-2.765124,51.866499],[-2.762643,51.863373],[-2.749311,51.853658],[-2.746572,51.85079],[-2.742334,51.844873],[-2.739647,51.84216],[-2.734996,51.839886],[-2.728743,51.838387],[-2.710553,51.839137],[-2.702595,51.838542],[-2.695826,51.836269],[-2.677532,51.825184],[-2.658877,51.817665],[-2.648511,51.8214],[-2.647043,51.821928],[-2.654174,51.807769],[-2.675775,51.786659],[-2.679341,51.778365],[-2.680994,51.772267],[-2.680581,51.764929],[-2.676705,51.758186],[-2.670194,51.749504],[-2.670556,51.743949],[-2.673915,51.73643],[-2.677222,51.732244],[-2.683733,51.726094],[-2.684353,51.721935],[-2.68301,51.716741],[-2.674225,51.703228],[-2.666783,51.685735],[-2.663579,51.680206],[-2.661719,51.675529],[-2.661616,51.672248],[-2.665802,51.668553],[-2.681615,51.664444],[-2.684043,51.662119],[-2.683475,51.659018],[-2.678101,51.653928],[-2.673036,51.647314],[-2.672519,51.637986],[-2.665354,51.617255],[-2.693756,51.596177],[-2.713124,51.586615],[-2.760487,51.579779],[-2.798085,51.563503],[-2.816396,51.555569],[-2.858713,51.546129],[-2.943349,51.542548],[-2.956288,51.545722],[-2.964101,51.552802],[-2.969472,51.559882],[-2.97468,51.562974],[-2.984039,51.558539],[-3.010243,51.538031],[-3.015696,51.531643],[-3.07372,51.508368],[-3.076487,51.507758],[-3.088938,51.505072],[-3.105621,51.497219],[-3.131703,51.480414],[-3.135081,51.476304],[-3.14094,51.464789],[-3.145375,51.459947],[-3.152415,51.45718],[-3.166656,51.456],[-3.172393,51.453274],[-3.172719,51.453111],[-3.160064,51.43183],[-3.167144,51.410468],[-3.184804,51.39761],[-3.20401,51.401597],[-3.218861,51.402777],[-3.289418,51.384223],[-3.539174,51.398505],[-3.557444,51.405097],[-3.575307,51.420437],[-3.604726,51.445705],[-3.663197,51.476223],[-3.676991,51.477037],[-3.695424,51.471503],[-3.717926,51.478583],[-3.73762,51.490871],[-3.748036,51.500922],[-3.74942,51.505357],[-3.74767,51.507025],[-3.744537,51.507636],[-3.741851,51.508368],[-3.749338,51.528062],[-3.751902,51.533067],[-3.758941,51.54678],[-3.770131,51.5633],[-3.782216,51.576646],[-3.790273,51.581977],[-3.807729,51.589179],[-3.816965,51.596503],[-3.832672,51.615546],[-3.841624,51.621527],[-3.854888,51.623847],[-3.88679,51.621405],[-3.962392,51.615627],[-3.976633,51.611884],[-3.98998,51.606513],[-3.998769,51.600287],[-3.999908,51.590888],[-3.992258,51.581122],[-3.981801,51.571601],[-3.974599,51.562974],[-4.016184,51.562974],[-4.016103,51.56037],[-4.020823,51.555854],[-4.026519,51.554023],[-4.029205,51.559272],[-4.031972,51.563137],[-4.038564,51.56623],[-4.046457,51.568427],[-4.053131,51.569241],[-4.056304,51.567043],[-4.065582,51.557563],[-4.070221,51.555569],[-4.076812,51.556952],[-4.08727,51.561916],[-4.112131,51.565619],[-4.121653,51.565985],[-4.132192,51.562974],[-4.14273,51.556952],[-4.156809,51.546291],[-4.166412,51.542548],[-4.176503,51.544257],[-4.187734,51.548774],[-4.196767,51.549384],[-4.200551,51.538764],[-4.213368,51.53913],[-4.27245,51.554755],[-4.289906,51.555569],[-4.293324,51.559149],[-4.295155,51.561957],[-4.297353,51.569241],[-4.27831,51.578192],[-4.280832,51.588813],[-4.289703,51.601549],[-4.289906,51.617011],[-4.255767,51.623847],[-4.252024,51.627102],[-4.241282,51.63935],[-4.234731,51.644965],[-4.228505,51.637437],[-4.234731,51.637437],[-4.234731,51.631293],[-4.227854,51.628119],[-4.221018,51.623847],[-4.190094,51.630276],[-4.139027,51.63231],[-4.091298,51.639879],[-4.070221,51.662299],[-4.069814,51.668931],[-4.070383,51.674302],[-4.070546,51.675971],[-4.075429,51.677802],[-4.08727,51.66885],[-4.095448,51.665107],[-4.106842,51.664252],[-4.146352,51.66706],[-4.200551,51.685858],[-4.214955,51.679674],[-4.293691,51.672268],[-4.315297,51.677476],[-4.342356,51.690863],[-4.366444,51.708482],[-4.379262,51.726874],[-4.338043,51.723334],[-4.319976,51.72484],[-4.310455,51.73371],[-4.328725,51.732978],[-4.347157,51.735785],[-4.362538,51.742865],[-4.371816,51.754788],[-4.368764,51.756985],[-4.362904,51.763861],[-4.358022,51.773139],[-4.358225,51.782131],[-4.365102,51.789049],[-4.37149,51.785956],[-4.379262,51.775295],[-4.384918,51.771877],[-4.392974,51.763739],[-4.399159,51.761623],[-4.409332,51.76317],[-4.417877,51.76789],[-4.426503,51.775295],[-4.44579,51.773261],[-4.44933,51.766303],[-4.441396,51.756781],[-4.426503,51.747301],[-4.460764,51.735785],[-4.498891,51.734849],[-4.574208,51.741156],[-4.603424,51.739244],[-4.639231,51.733181],[-4.645375,51.732123],[-4.678212,51.717434],[-4.680287,51.692694],[-4.689443,51.691596],[-4.69164,51.689887],[-4.69164,51.685981],[-4.693959,51.678412],[-4.71231,51.650092],[-4.721425,51.652045],[-4.734934,51.659247],[-4.741851,51.656073],[-4.759185,51.644965],[-4.848297,51.646308],[-4.863515,51.64411],[-4.878977,51.637437],[-4.887807,51.62995],[-4.895741,51.62108],[-4.904775,51.613837],[-4.923695,51.608629],[-4.931996,51.599026],[-4.941029,51.596503],[-4.946034,51.597602],[-4.956451,51.602769],[-5.021596,51.616034],[-5.045766,51.626899],[-5.03661,51.637437],[-5.051178,51.656928],[-5.100494,51.6647],[-5.11974,51.678412],[-5.113433,51.685289],[-5.03661,51.678412],[-5.038726,51.68183],[-5.041331,51.689399],[-5.043446,51.692694],[-5.028676,51.692939],[-5.002553,51.687405],[-4.988189,51.685858],[-4.974599,51.687934],[-4.941029,51.700141],[-4.892649,51.706366],[-4.868276,51.716783],[-4.858062,51.718329],[-4.844838,51.713813],[-4.844838,51.720038],[-4.873402,51.737738],[-4.879018,51.76203],[-4.862538,51.782375],[-4.82433,51.788275],[-4.82433,51.795722],[-4.836008,51.790717],[-4.86498,51.783271],[-4.921295,51.780015],[-4.933583,51.775295],[-4.917226,51.775336],[-4.905181,51.771186],[-4.900543,51.762112],[-4.906239,51.747301],[-4.892079,51.739407],[-4.89566,51.728176],[-4.910553,51.718207],[-4.988189,51.706855],[-5.009918,51.706366],[-5.149241,51.718085],[-5.1669,51.713813],[-5.156972,51.697577],[-5.168609,51.68891],[-5.182851,51.689276],[-5.180653,51.700141],[-5.180653,51.706366],[-5.230133,51.730048],[-5.249501,51.73371],[-5.228139,51.733954],[-5.213938,51.735745],[-5.20287,51.74079],[-5.191151,51.751044],[-5.176829,51.75967],[-5.143219,51.763861],[-5.125966,51.7685],[-5.11026,51.77851],[-5.107086,51.788072],[-5.112294,51.813178],[-5.113393,51.828803],[-5.117502,51.843695],[-5.125885,51.856024],[-5.139638,51.864],[-5.146474,51.857164],[-5.164377,51.866767],[-5.203765,51.870185],[-5.221588,51.877672],[-5.235829,51.871039],[-5.291412,51.864],[-5.310943,51.864],[-5.30427,51.867621],[-5.297353,51.870185],[-5.297353,51.877672],[-5.300689,51.882025],[-5.302561,51.88524],[-5.30016,51.888332],[-5.290517,51.891995],[-5.290517,51.898139],[-5.298329,51.910956],[-5.28893,51.916938],[-5.252838,51.918647],[-5.234202,51.923041],[-5.204172,51.942288],[-5.191151,51.946601],[-5.16039,51.949449],[-5.119537,51.95893],[-5.088043,51.97602],[-5.085032,52.001858],[-5.07079,52.001858],[-5.07079,52.008043],[-5.082753,52.014472],[-5.081207,52.021186],[-5.070221,52.026353],[-5.0537,52.02851],[-5.026601,52.027411],[-5.015045,52.025336],[-4.961741,52.007514],[-4.942535,52.007473],[-4.913686,52.014838],[-4.920522,52.02851],[-4.901601,52.026435],[-4.863189,52.016995],[-4.84142,52.014838],[-4.832265,52.018988],[-4.833852,52.028754],[-4.838287,52.040107],[-4.838002,52.049018],[-4.830393,52.052924],[-4.796986,52.056464],[-4.777577,52.064887],[-4.763173,52.075873],[-4.738678,52.100816],[-4.720286,52.113349],[-4.706532,52.113471],[-4.673451,52.097398],[-4.675689,52.126939],[-4.637522,52.138495],[-4.513824,52.135688],[-4.502268,52.138373],[-4.495758,52.1435],[-4.490956,52.150377],[-4.484283,52.156317],[-4.454701,52.162055],[-4.434804,52.170356],[-4.415395,52.181545],[-4.385569,52.203437],[-4.371246,52.209296],[-4.354726,52.212104],[-4.33434,52.212836],[-4.315826,52.216295],[-4.197133,52.279283],[-4.139068,52.330227],[-4.109609,52.365302],[-4.096262,52.387885],[-4.087392,52.430121],[-4.078969,52.45303],[-4.067942,52.473619],[-4.056549,52.48786],[-4.061838,52.497056],[-4.064036,52.509182],[-4.062571,52.520982],[-4.056549,52.529446],[-4.048492,52.530463],[-4.026601,52.523383],[-4.016184,52.521959],[-3.998769,52.525946],[-3.947336,52.549262],[-3.947336,52.556708],[-3.974477,52.556545],[-4.025868,52.545356],[-4.053131,52.542426],[-4.068471,52.550116],[-4.114125,52.588609],[-4.125478,52.603909],[-4.122222,52.62873],[-4.105946,52.65351],[-4.084828,52.672675],[-4.067128,52.680243],[-4.063547,52.683092],[-4.058827,52.696601],[-4.056549,52.70067],[-4.052724,52.702216],[-4.041982,52.704657],[-4.001088,52.724107],[-3.988271,52.73428],[-4.014719,52.732327],[-4.031972,52.723944],[-4.048818,52.721584],[-4.125152,52.778306],[-4.144358,52.802802],[-4.149037,52.812079],[-4.14623,52.820217],[-4.128896,52.823635],[-4.11734,52.830756],[-4.119781,52.846259],[-4.127756,52.861721],[-4.132192,52.868313],[-4.131988,52.882473],[-4.129872,52.889228],[-4.123606,52.893256],[-4.064036,52.919176],[-4.071401,52.921088],[-4.074574,52.922797],[-4.077626,52.926663],[-4.089101,52.91885],[-4.100494,52.91413],[-4.110585,52.915676],[-4.11856,52.926663],[-4.144399,52.914781],[-4.17162,52.913479],[-4.228505,52.919176],[-4.300689,52.905585],[-4.317291,52.899359],[-4.33731,52.892035],[-4.406606,52.892524],[-4.427235,52.885972],[-4.446197,52.875922],[-4.481679,52.850898],[-4.477935,52.848334],[-4.475494,52.844143],[-4.491363,52.838202],[-4.500966,52.826809],[-4.501332,52.81391],[-4.489125,52.803168],[-4.501943,52.794989],[-4.509185,52.791449],[-4.516469,52.789496],[-4.528554,52.790473],[-4.54247,52.800686],[-4.563954,52.805243],[-4.583079,52.814643],[-4.594635,52.816799],[-4.606516,52.81509],[-4.613515,52.811103],[-4.619211,52.806545],[-4.626332,52.803168],[-4.64859,52.799628],[-4.704498,52.803168],[-4.719309,52.797512],[-4.733225,52.787502],[-4.747426,52.783433],[-4.762847,52.789496],[-4.752512,52.798774],[-4.751454,52.803209],[-4.755442,52.809312],[-4.749257,52.814276],[-4.734934,52.830471],[-4.596059,52.928412],[-4.580963,52.933498],[-4.562082,52.934516],[-4.543528,52.937934],[-4.523997,52.944241],[-4.44343,52.982164],[-4.423695,53.002631],[-4.358225,53.028469],[-4.349965,53.04149],[-4.345693,53.059475],[-4.343861,53.10106],[-4.340891,53.112738],[-4.33434,53.116767],[-4.327626,53.114691],[-4.324696,53.107896],[-4.320668,53.101508],[-4.312245,53.109442],[-4.304758,53.120998],[-4.303619,53.125312],[-4.263539,53.154527],[-4.252349,53.15941],[-4.234527,53.164008],[-4.221303,53.175035],[-4.200551,53.200995],[-4.177968,53.217597],[-4.151519,53.228095],[-4.122222,53.233466],[-4.090688,53.235175],[-4.082346,53.233547],[-4.07433,53.230658],[-4.066884,53.229071],[-4.054107,53.234361],[-4.032297,53.240709],[-4.008901,53.244452],[-3.974599,53.261786],[-3.865305,53.28913],[-3.831288,53.28913],[-3.84142,53.30744],[-3.870758,53.325629],[-3.878407,53.337592],[-3.859975,53.33633],[-3.840566,53.332831],[-3.822987,53.326565],[-3.810129,53.317084],[-3.790517,53.323432],[-3.76887,53.319159],[-3.748199,53.307807],[-3.731923,53.292873],[-3.716298,53.286933],[-3.602203,53.288886],[-3.562327,53.29442],[-3.37206,53.350898],[-3.330312,53.351793],[-3.292388,53.340522],[-3.271311,53.330552],[-3.262074,53.320502],[-3.250803,53.312567],[-3.122222,53.262274],[-3.107533,53.251899],[-3.095123,53.239325],[-3.087758,53.234687],[-3.084543,53.238593],[-3.084543,53.258577]]],[[[-4.57726,53.27204],[-4.572743,53.266506],[-4.563954,53.260443],[-4.558461,53.252753],[-4.563629,53.241929],[-4.571889,53.239488],[-4.581899,53.242011],[-4.602406,53.253079],[-4.622792,53.275946],[-4.632558,53.282945],[-4.641347,53.284369],[-4.6704,53.282945],[-4.676666,53.285102],[-4.693959,53.302802],[-4.693959,53.309638],[-4.667307,53.32392],[-4.65567,53.31977],[-4.644195,53.319525],[-4.626291,53.320868],[-4.618886,53.317084],[-4.603831,53.308173],[-4.590443,53.297553],[-4.580922,53.285468],[-4.57726,53.27204]]],[[[-4.098134,53.309638],[-4.068918,53.31037],[-4.055043,53.308539],[-4.042877,53.302802],[-4.063385,53.289293],[-4.098053,53.250149],[-4.121978,53.241929],[-4.146718,53.239081],[-4.171986,53.231391],[-4.195546,53.220282],[-4.214833,53.207221],[-4.218495,53.204047],[-4.220367,53.201483],[-4.221018,53.197455],[-4.221018,53.190131],[-4.222035,53.182115],[-4.225006,53.18122],[-4.22936,53.182196],[-4.264556,53.166938],[-4.280141,53.154975],[-4.343861,53.132066],[-4.35436,53.12995],[-4.366689,53.131415],[-4.392405,53.138332],[-4.39269,53.136054],[-4.398671,53.132758],[-4.406606,53.130601],[-4.412831,53.132066],[-4.414296,53.137844],[-4.413686,53.147121],[-4.411977,53.155585],[-4.409739,53.15941],[-4.401926,53.163723],[-4.39037,53.173082],[-4.385121,53.18244],[-4.395741,53.186713],[-4.410878,53.182196],[-4.432851,53.162909],[-4.447581,53.15941],[-4.448557,53.162543],[-4.481679,53.179877],[-4.484486,53.180609],[-4.492502,53.179348],[-4.495351,53.179877],[-4.496002,53.182563],[-4.4947,53.190863],[-4.495351,53.193549],[-4.495107,53.196479],[-4.496327,53.203803],[-4.499623,53.211249],[-4.519887,53.222846],[-4.55309,53.261949],[-4.571034,53.275458],[-4.571034,53.282945],[-4.565256,53.293036],[-4.563222,53.308254],[-4.563629,53.330064],[-4.558665,53.363349],[-4.560862,53.377834],[-4.571034,53.392768],[-4.553456,53.40058],[-4.425364,53.426703],[-4.412831,53.426947],[-4.343495,53.420071],[-4.324696,53.419501],[-4.286529,53.40644],[-4.276723,53.401028],[-4.271881,53.389065],[-4.269358,53.377102],[-4.266021,53.371649],[-4.266916,53.368964],[-4.254506,53.363227],[-4.240061,53.358344],[-4.234731,53.358059],[-4.233713,53.352973],[-4.234853,53.346137],[-4.235178,53.340074],[-4.231557,53.337592],[-4.230621,53.335273],[-4.214833,53.32392],[-4.20934,53.312405],[-4.207428,53.3039],[-4.203236,53.298489],[-4.190582,53.296576],[-4.177805,53.297553],[-4.154897,53.301825],[-4.142486,53.302802],[-4.136627,53.30508],[-4.127797,53.314846],[-4.121978,53.317084],[-4.115142,53.315904],[-4.102528,53.310777],[-4.098134,53.309638]]]]}},{"type":"Feature","properties":{},"geometry":{"type":"MultiPolygon","coordinates":[[[[-2.665354,51.617255],[-2.672519,51.637986],[-2.673036,51.647314],[-2.678101,51.653928],[-2.683475,51.659018],[-2.684043,51.662119],[-2.681615,51.664444],[-2.665802,51.668553],[-2.661616,51.672248],[-2.661719,51.675529],[-2.663579,51.680206],[-2.666783,51.685735],[-2.674225,51.703228],[-2.68301,51.716741],[-2.684353,51.721935],[-2.683733,51.726094],[-2.677222,51.732244],[-2.673915,51.73643],[-2.670556,51.743949],[-2.670194,51.749504],[-2.676705,51.758186],[-2.680581,51.764929],[-2.680994,51.772267],[-2.679341,51.778365],[-2.675775,51.786659],[-2.654174,51.807769],[-2.647043,51.821928],[-2.648511,51.8214],[-2.658877,51.817665],[-2.677532,51.825184],[-2.695826,51.836269],[-2.702595,51.838542],[-2.710553,51.839137],[-2.728743,51.838387],[-2.734996,51.839886],[-2.739647,51.84216],[-2.742334,51.844873],[-2.746572,51.85079],[-2.749311,51.853658],[-2.762643,51.863373],[-2.765124,51.866499],[-2.775666,51.875026],[-2.873592,51.929209],[-2.884625,51.92833],[-2.894573,51.925824],[-2.924339,51.912052],[-2.934726,51.909262],[-2.94178,51.908538],[-2.952502,51.908693],[-2.960848,51.911122],[-2.982268,51.922827],[-2.988211,51.927581],[-2.991932,51.931922],[-2.993404,51.939337],[-2.9948,51.942645],[-2.997099,51.945254],[-2.998779,51.946701],[-3.02826,51.963289],[-3.050843,51.98303],[-3.05125,51.983503],[-3.079885,52.0168],[-3.0819,52.022304],[-3.083425,52.029849],[-3.082133,52.035042],[-3.082624,52.043259],[-3.084691,52.047935],[-3.087559,52.051734],[-3.105051,52.063748],[-3.114301,52.068735],[-3.121717,52.070802],[-3.123086,52.073257],[-3.123758,52.075686],[-3.117479,52.092997],[-3.113216,52.101575],[-3.10996,52.105115],[-3.106808,52.107932],[-3.101744,52.110386],[-3.100814,52.111962],[-3.101434,52.113151],[-3.116575,52.11943],[-3.123913,52.125088],[-3.124662,52.128964],[-3.122208,52.132013],[-3.113371,52.135217],[-3.087016,52.140772],[-3.082133,52.143588],[-3.078231,52.147283],[-3.075699,52.152787],[-3.077663,52.15581],[-3.082469,52.156921],[-3.087404,52.156172],[-3.093166,52.156068],[-3.099418,52.157541],[-3.107428,52.163923],[-3.108927,52.168471],[-3.107661,52.172708],[-3.06694,52.209166],[-3.061669,52.215109],[-3.056682,52.226658],[-3.05415,52.230172],[-3.050998,52.232834],[-3.046812,52.235056],[-3.033169,52.239862],[-3.029087,52.242032],[-3.025883,52.244435],[-3.019036,52.251256],[-3.016064,52.253039],[-3.011904,52.254848],[-3.002525,52.257018],[-2.968367,52.257845],[-2.962166,52.259757],[-2.956378,52.264098],[-2.95643,52.267328],[-2.958962,52.270015],[-2.963613,52.27172],[-2.988676,52.276293],[-2.993275,52.279627],[-2.996531,52.283942],[-2.99927,52.294458],[-2.999476,52.296215],[-2.996169,52.302984],[-2.991079,52.309651],[-2.984025,52.314276],[-2.96369,52.322596],[-2.957334,52.327944],[-2.954983,52.331587],[-2.956662,52.341147],[-2.957414,52.341183],[-3.070557,52.346573],[-3.077559,52.35032],[-3.103656,52.368071],[-3.139519,52.383703],[-3.165099,52.398637],[-3.199309,52.412513],[-3.202668,52.414993],[-3.205975,52.417939],[-3.208766,52.421298],[-3.211505,52.426155],[-3.21321,52.430522],[-3.21507,52.438402],[-3.215122,52.442226],[-3.214657,52.446154],[-3.213107,52.450081],[-3.201454,52.462122],[-3.194632,52.466928],[-3.190317,52.46884],[-3.144196,52.480054],[-3.117996,52.491345],[-3.107738,52.493903],[-3.030844,52.4969],[-3.024178,52.499665],[-3.014876,52.513256],[-2.988857,52.527751],[-2.981338,52.533254],[-2.976377,52.53806],[-2.975498,52.541833],[-2.976997,52.545631],[-2.980459,52.549817],[-3.005316,52.567335],[-3.010147,52.568317],[-3.015238,52.568188],[-3.020043,52.566663],[-3.039164,52.554984],[-3.067198,52.54545],[-3.071126,52.543331],[-3.074614,52.540825],[-3.079678,52.53434],[-3.08283,52.531446],[-3.086551,52.529069],[-3.092546,52.527493],[-3.099909,52.526666],[-3.110684,52.52695],[-3.115128,52.528991],[-3.115387,52.531782],[-3.109883,52.537595],[-3.108359,52.540928],[-3.108359,52.544804],[-3.109883,52.54806],[-3.112183,52.551109],[-3.120037,52.559661],[-3.124042,52.566534],[-3.124972,52.571056],[-3.124662,52.576689],[-3.122983,52.580978],[-3.120037,52.584052],[-3.116317,52.586326],[-3.088928,52.59661],[-3.080608,52.601054],[-3.074175,52.606687],[-3.072056,52.609994],[-3.070454,52.614567],[-3.067586,52.62821],[-3.065725,52.63361],[-3.062935,52.637512],[-3.059266,52.639837],[-3.040223,52.64671],[-3.035753,52.649397],[-3.032446,52.654617],[-3.029216,52.663944],[-3.030275,52.67645],[-3.029087,52.683039],[-3.027898,52.686914],[-3.021129,52.69557],[-3.016245,52.704898],[-3.013274,52.70836],[-3.00976,52.710789],[-3.005522,52.712262],[-2.99927,52.713244],[-2.979839,52.7142],[-2.97369,52.716396],[-2.967411,52.719858],[-2.961107,52.728049],[-2.959944,52.731098],[-2.961494,52.733733],[-2.978599,52.739004],[-2.983353,52.741536],[-2.988211,52.744973],[-2.998546,52.756109],[-2.999941,52.756988],[-3.005781,52.759055],[-3.029552,52.763886],[-3.057509,52.766212],[-3.062961,52.768434],[-3.067715,52.771638],[-3.074717,52.77988],[-3.077559,52.781792],[-3.08221,52.783033],[-3.113061,52.784583],[-3.130114,52.789415],[-3.14032,52.796133],[-3.14043,52.796341],[-3.152335,52.818973],[-3.152619,52.823883],[-3.152232,52.829826],[-3.150268,52.833314],[-3.144299,52.839179],[-3.140682,52.841866],[-3.127065,52.849747],[-3.121898,52.854914],[-3.120864,52.859074],[-3.121691,52.862588],[-3.124223,52.866929],[-3.126264,52.871761],[-3.128357,52.880003],[-3.126859,52.884603],[-3.123474,52.887884],[-3.112906,52.890416],[-3.106343,52.893103],[-3.099703,52.89747],[-3.09146,52.908115],[-3.086189,52.913567],[-3.08035,52.917624],[-3.067586,52.923515],[-3.063607,52.924678],[-3.058594,52.925272],[-3.054718,52.926409],[-3.00392,52.949844],[-2.99281,52.95297],[-2.974775,52.953539],[-2.962967,52.951963],[-2.958368,52.95049],[-2.941599,52.938165],[-2.937542,52.935866],[-2.932969,52.934264],[-2.925941,52.93354],[-2.917156,52.934109],[-2.877985,52.941421],[-2.865066,52.941137],[-2.853154,52.939095],[-2.847961,52.937287],[-2.795044,52.90393],[-2.788998,52.902095],[-2.77949,52.900571],[-2.771532,52.902198],[-2.751171,52.9115],[-2.741197,52.914342],[-2.727813,52.916151],[-2.721509,52.918166],[-2.717685,52.921603],[-2.716755,52.925608],[-2.716238,52.941783],[-2.717116,52.945555],[-2.718822,52.948914],[-2.725023,52.958345],[-2.727297,52.966381],[-2.727731,52.96654],[-2.768638,52.981548],[-2.806181,52.984958],[-2.813441,52.986844],[-2.81835,52.98948],[-2.825766,52.99997],[-2.850545,53.017178],[-2.855118,53.022863],[-2.85734,53.027901],[-2.857004,53.03188],[-2.857495,53.035549],[-2.864058,53.053171],[-2.870957,53.066271],[-2.897364,53.102238],[-2.902635,53.106708],[-2.951469,53.138411],[-2.956662,53.143812],[-2.956797,53.144604],[-2.957231,53.147145],[-2.95581,53.150555],[-2.952399,53.152881],[-2.915295,53.167143],[-2.912557,53.170141],[-2.911445,53.174714],[-2.913564,53.183422],[-2.917983,53.189261],[-2.922427,53.193473],[-2.955551,53.215513],[-3.019759,53.246699],[-3.028984,53.249051],[-3.066681,53.253236],[-3.084543,53.258577],[-3.084543,53.275458],[-3.095937,53.287136],[-3.111195,53.302802],[-3.135406,53.333808],[-3.171539,53.36225],[-3.185211,53.377265],[-3.18635,53.392768],[-3.175526,53.402737],[-3.157297,53.408759],[-3.114654,53.412665],[-3.094228,53.417385],[-3.058258,53.43476],[-3.035553,53.433743],[-3.012196,53.416693],[-2.952952,53.32392],[-2.935129,53.309475],[-2.910553,53.296332],[-2.8815,53.288398],[-2.850575,53.28913],[-2.849599,53.291205],[-2.848378,53.295559],[-2.84496,53.300116],[-2.837554,53.302802],[-2.828603,53.302436],[-2.813385,53.297756],[-2.806142,53.296576],[-2.789784,53.297431],[-2.775502,53.299872],[-2.748118,53.309638],[-2.753651,53.322455],[-2.750885,53.33161],[-2.743153,53.338528],[-2.734486,53.344428],[-2.726145,53.341986],[-2.717437,53.342719],[-2.708608,53.346137],[-2.699778,53.351793],[-2.714101,53.352362],[-2.764394,53.34516],[-2.77538,53.34101],[-2.782379,53.326361],[-2.799794,53.321031],[-2.810333,53.321723],[-2.843658,53.32392],[-2.886464,53.333564],[-2.924957,53.350002],[-2.956939,53.370551],[-2.980824,53.392768],[-3.096588,53.544338],[-3.101918,53.558051],[-3.099477,53.572008],[-3.087636,53.587714],[-3.02184,53.652818],[-2.968658,53.694037],[-2.960357,53.697577],[-2.951731,53.708075],[-2.911448,53.725043],[-2.899037,53.735419],[-2.984853,53.73607],[-3.021474,53.745795],[-3.049184,53.769517],[-3.056386,53.803046],[-3.044911,53.878485],[-3.05663,53.906155],[-3.040679,53.923529],[-3.017568,53.931952],[-2.925689,53.952704],[-2.90925,53.953843],[-2.896108,53.94774],[-2.888539,53.946031],[-2.885365,53.950507],[-2.881988,53.956529],[-2.874176,53.961656],[-2.865142,53.965481],[-2.857981,53.967597],[-2.869252,53.978827],[-2.834462,53.999823],[-2.830068,54.016018],[-2.847524,54.008368],[-2.864858,54.004299],[-2.895497,54.002346],[-2.900299,54.00495],[-2.916086,54.026557],[-2.918202,54.034329],[-2.911285,54.039984],[-2.900787,54.044908],[-2.892079,54.050116],[-2.87267,54.071601],[-2.858876,54.081],[-2.826772,54.088813],[-2.815175,54.098782],[-2.795969,54.12519],[-2.812815,54.139879],[-2.836415,54.167589],[-2.850942,54.184638],[-2.854237,54.194078],[-2.832875,54.199042],[-2.810292,54.2119],[-2.795237,54.229478],[-2.795969,54.248725],[-2.802805,54.248725],[-2.80663,54.23371],[-2.820872,54.221747],[-2.850575,54.20775],[-2.886383,54.196275],[-2.904652,54.187649],[-2.912668,54.176988],[-2.9204,54.162055],[-2.939198,54.155097],[-2.984202,54.153144],[-2.997711,54.159573],[-3.011342,54.17414],[-3.017323,54.19009],[-3.008168,54.200344],[-3.01537,54.2119],[-3.024485,54.221584],[-3.035756,54.225979],[-3.049184,54.222073],[-3.044667,54.208319],[-3.047841,54.194322],[-3.053538,54.181301],[-3.05663,54.170233],[-3.061025,54.161933],[-3.090728,54.139472],[-3.107655,54.118557],[-3.117909,54.108832],[-3.145253,54.100043],[-3.14745,54.08869],[-3.144399,54.075141],[-3.145375,54.063788],[-3.180531,54.092841],[-3.189768,54.097886],[-3.205719,54.098538],[-3.219553,54.100775],[-3.231109,54.105129],[-3.240956,54.112128],[-3.238108,54.12759],[-3.232533,54.14468],[-3.233144,54.159166],[-3.248402,54.166815],[-3.248402,54.173651],[-3.215199,54.179836],[-3.206776,54.20893],[-3.209055,54.242743],[-3.207387,54.263007],[-3.223134,54.257636],[-3.231353,54.247219],[-3.240956,54.222073],[-3.232167,54.202541],[-3.247141,54.197943],[-3.270131,54.199123],[-3.286,54.197211],[-3.306793,54.191881],[-3.328521,54.204739],[-3.364491,54.242499],[-3.394195,54.26439],[-3.407379,54.277737],[-3.412913,54.293769],[-3.41039,54.301459],[-3.405995,54.309638],[-3.404124,54.318549],[-3.411448,54.33275],[-3.413442,54.342963],[-3.416331,54.344916],[-3.440175,54.351752],[-3.474273,54.3935],[-3.497711,54.405829],[-3.591868,54.4831],[-3.608144,54.488267],[-3.613189,54.491645],[-3.623687,54.50609],[-3.634185,54.512885],[-3.62682,54.520413],[-3.6162,54.527574],[-3.611562,54.529934],[-3.590321,54.564643],[-3.563832,54.642768],[-3.530141,54.688056],[-3.516021,54.712877],[-3.509185,54.721666],[-3.500722,54.725979],[-3.478871,54.730902],[-3.468129,54.735297],[-3.455434,54.745022],[-3.439565,54.761461],[-3.430979,54.780463],[-3.440175,54.797431],[-3.407541,54.856024],[-3.387929,54.883368],[-3.364491,54.899807],[-3.34496,54.902533],[-3.333363,54.897284],[-3.322743,54.889879],[-3.306467,54.886176],[-3.295725,54.886908],[-3.254628,54.899807],[-3.267323,54.905504],[-3.317291,54.920315],[-3.291493,54.936672],[-3.276519,54.943427],[-3.213612,54.954413],[-3.201039,54.952216],[-3.193674,54.948635],[-3.187978,54.944485],[-3.180165,54.940823],[-3.142812,54.933539],[-3.122792,54.932685],[-3.03954,54.94717],[-3.02184,54.954413],[-3.090728,54.954413],[-3.090728,54.961249],[-3.071523,54.963121],[-3.056223,54.968817],[-3.040924,54.97248],[-3.02184,54.968085],[-3.02184,54.975531],[-3.046295,54.982123],[-3.050291,54.98151],[-3.045933,54.999693],[-3.032963,55.015248],[-3.031877,55.019589],[-3.030275,55.045892],[-3.026064,55.050749],[-3.020793,55.052558],[-3.015031,55.051525],[-2.976997,55.040104],[-2.969969,55.039381],[-2.953794,55.041034],[-2.948523,55.043618],[-2.944338,55.046719],[-2.927698,55.068423],[-2.922323,55.071678],[-2.890258,55.080257],[-2.883101,55.083616],[-2.875505,55.088783],[-2.872094,55.092556],[-2.850288,55.111295],[-2.822484,55.135189],[-2.808196,55.141493],[-2.790703,55.144284],[-2.746572,55.156221],[-2.718925,55.167228],[-2.697479,55.179372],[-2.685007,55.190827],[-2.661357,55.212548],[-2.643891,55.220145],[-2.631282,55.2234],[-2.625494,55.227018],[-2.621928,55.231204],[-2.619138,55.239472],[-2.618518,55.242986],[-2.618983,55.245466],[-2.620533,55.247998],[-2.62322,55.251099],[-2.625701,55.255336],[-2.625752,55.262519],[-2.623065,55.266395],[-2.618983,55.269651],[-2.605443,55.275955],[-2.551545,55.314351],[-2.462765,55.360395],[-2.451913,55.36334],[-2.426746,55.365976],[-2.412742,55.364529],[-2.407213,55.362978],[-2.397859,55.358793],[-2.394242,55.356209],[-2.387937,55.35502],[-2.379307,55.355485],[-2.359464,55.362513],[-2.35135,55.367578],[-2.346234,55.3729],[-2.342204,55.381892],[-2.338483,55.387111],[-2.331455,55.394708],[-2.325151,55.398118],[-2.295643,55.405715],[-2.285256,55.412639],[-2.272234,55.418944],[-2.243915,55.422251],[-2.232133,55.425352],[-2.211359,55.433258],[-2.198595,55.441217],[-2.188673,55.44902],[-2.184487,55.454084],[-2.182782,55.458528],[-2.182885,55.462404],[-2.184487,55.465815],[-2.186864,55.468812],[-2.190533,55.471241],[-2.212651,55.490257],[-2.214718,55.49341],[-2.215803,55.496407],[-2.215803,55.499508],[-2.215545,55.500799],[-2.215338,55.502556],[-2.215648,55.505605],[-2.216992,55.508861],[-2.227224,55.520798],[-2.240246,55.532012],[-2.256731,55.549479],[-2.273422,55.57511],[-2.276471,55.581931],[-2.27735,55.585652],[-2.278745,55.589063],[-2.281381,55.59206],[-2.293318,55.599088],[-2.296573,55.601724],[-2.299002,55.604979],[-2.299622,55.608803],[-2.301224,55.612369],[-2.305255,55.614436],[-2.321275,55.619707],[-2.324789,55.622187],[-2.327321,55.625133],[-2.328716,55.629009],[-2.328975,55.633143],[-2.328044,55.638207],[-2.323962,55.640688],[-2.318898,55.64291],[-2.30665,55.64508],[-2.267325,55.645235],[-2.252855,55.647147],[-2.24283,55.649938],[-2.235647,55.654795],[-2.18118,55.701562],[-2.175857,55.70797],[-2.171465,55.715877],[-2.167537,55.719908],[-2.162887,55.722801],[-2.153481,55.726936],[-2.143094,55.733395],[-2.137823,55.735798],[-2.121494,55.740113],[-2.116636,55.741973],[-2.092038,55.757166],[-2.087232,55.762437],[-2.084648,55.767346],[-2.081755,55.782539],[-2.078499,55.790368],[-2.073641,55.793779],[-2.067957,55.795872],[-2.022857,55.805487],[-2.009674,55.790839],[-1.877838,55.694892],[-1.863189,55.671617],[-1.853098,55.659329],[-1.831532,55.650702],[-1.82608,55.643622],[-1.821685,55.63642],[-1.816477,55.63288],[-1.807118,55.634508],[-1.800771,55.639228],[-1.796295,55.644232],[-1.792592,55.646552],[-1.781402,55.645657],[-1.768625,55.641913],[-1.7565,55.633612],[-1.74767,55.619208],[-1.767974,55.619208],[-1.767974,55.612982],[-1.755971,55.608873],[-1.720855,55.614569],[-1.699127,55.612982],[-1.630849,55.58511],[-1.630849,55.578274],[-1.636342,55.571682],[-1.634674,55.564399],[-1.627675,55.557115],[-1.617177,55.550279],[-1.630849,55.544135],[-1.630849,55.537299],[-1.622222,55.534084],[-1.602935,55.523627],[-1.602935,55.516791],[-1.611318,55.508043],[-1.606353,55.503241],[-1.596344,55.499905],[-1.589345,55.495673],[-1.58495,55.48371],[-1.58137,55.416653],[-1.583119,55.406928],[-1.588287,55.39057],[-1.589101,55.385199],[-1.589345,55.376532],[-1.583323,55.354722],[-1.558583,55.328925],[-1.555816,55.311347],[-1.557037,55.306627],[-1.55899,55.302069],[-1.56192,55.297797],[-1.565745,55.293647],[-1.570058,55.2862],[-1.568227,55.279608],[-1.56428,55.273261],[-1.562082,55.266669],[-1.556467,55.255032],[-1.543935,55.243883],[-1.520985,55.229397],[-1.529164,55.216254],[-1.524078,55.21011],[-1.514272,55.204779],[-1.507965,55.194648],[-1.510813,55.18476],[-1.517568,55.176215],[-1.522125,55.167467],[-1.517934,55.157131],[-1.500722,55.141791],[-1.495961,55.134589],[-1.492543,55.112982],[-1.483754,55.091702],[-1.480092,55.085395],[-1.476226,55.083645],[-1.463287,55.080308],[-1.459584,55.078599],[-1.458079,55.075751],[-1.454701,55.067572],[-1.438303,55.042304],[-1.429189,55.033271],[-1.424062,55.024359],[-1.419504,55.011705],[-1.412913,55.000312],[-1.401519,54.995429],[-1.398183,54.992621],[-1.370229,54.975531],[-1.36266,54.964789],[-1.361724,54.958686],[-1.363515,54.95425],[-1.364003,54.948188],[-1.362864,54.92593],[-1.360341,54.91706],[-1.353139,54.91352],[-1.355824,54.904283],[-1.296783,54.779934],[-1.275461,54.74844],[-1.240468,54.721666],[-1.225087,54.715033],[-1.172231,54.701239],[-1.172231,54.693793],[-1.192616,54.693793],[-1.192454,54.689276],[-1.190785,54.686184],[-1.18517,54.68008],[-1.182729,54.672065],[-1.178822,54.66474],[-1.172922,54.658352],[-1.164703,54.652777],[-1.172922,54.644192],[-1.182485,54.639228],[-1.206288,54.632961],[-1.203725,54.625718],[-1.198842,54.621568],[-1.191803,54.619778],[-1.182118,54.619289],[-1.179351,54.620917],[-1.178456,54.624213],[-1.176991,54.626776],[-1.172231,54.626125],[-1.169586,54.623603],[-1.165435,54.61872],[-1.162953,54.613959],[-1.164703,54.611802],[-1.152659,54.613186],[-1.146718,54.618476],[-1.138051,54.646552],[-1.120595,54.633002],[-1.103627,54.624661],[-1.084218,54.620429],[-1.042063,54.617092],[-0.993479,54.598131],[-0.787913,54.560777],[-0.562978,54.477362],[-0.534657,54.461005],[-0.522857,54.447089],[-0.521799,54.438056],[-0.52359,54.430243],[-0.520416,54.420071],[-0.509999,54.411566],[-0.476796,54.397203],[-0.462758,54.388983],[-0.447743,54.373196],[-0.430572,54.349311],[-0.418446,54.324042],[-0.41804,54.303941],[-0.41454,54.297309],[-0.409006,54.290758],[-0.401194,54.285631],[-0.390736,54.283515],[-0.394887,54.273139],[-0.397572,54.269192],[-0.389272,54.264065],[-0.370473,54.247707],[-0.362782,54.242499],[-0.322011,54.23607],[-0.31192,54.231635],[-0.30012,54.224677],[-0.277089,54.21776],[-0.269602,54.207668],[-0.262563,54.181098],[-0.260365,54.176988],[-0.233876,54.160468],[-0.11144,54.131578],[-0.07551,54.112128],[-0.16393,54.083401],[-0.194692,54.062323],[-0.219472,54.022773],[-0.197418,53.994818],[-0.168691,53.929348],[-0.151112,53.899319],[-0.045155,53.801215],[0.133474,53.642646],[0.149262,53.609605],[0.136892,53.577135],[0.131196,53.573432],[0.10963,53.562893],[0.131358,53.593695],[0.135997,53.610663],[0.120209,53.618109],[0.099457,53.622301],[0.056163,53.641262],[0.034516,53.646064],[0.014822,53.643256],[-0.023915,53.628852],[-0.045033,53.625556],[-0.069407,53.626939],[-0.092275,53.631049],[-0.11262,53.637519],[-0.130035,53.646064],[-0.225331,53.719916],[-0.260365,53.735419],[-0.295644,53.738796],[-0.305165,53.739691],[-0.431142,53.714301],[-0.449696,53.714301],[-0.510487,53.714301],[-0.544423,53.709459],[-0.551503,53.711168],[-0.576243,53.725653],[-0.579172,53.727973],[-0.637034,53.732001],[-0.658355,53.727973],[-0.726471,53.700629],[-0.717356,53.698676],[-0.708567,53.695746],[-0.700185,53.69184],[-0.692454,53.686998],[-0.67748,53.702826],[-0.64981,53.710598],[-0.619537,53.711859],[-0.596181,53.708075],[-0.555491,53.690497],[-0.544749,53.68358],[-0.529937,53.67768],[-0.514027,53.681301],[-0.486318,53.694485],[-0.30724,53.71426],[-0.279368,53.707099],[-0.260365,53.686998],[-0.188629,53.620429],[-0.144032,53.606635],[-0.113189,53.584621],[-0.095937,53.577135],[-0.060943,53.573961],[-0.04662,53.57038],[9.2e-05,53.535346],[0.095958,53.488349],[0.115082,53.483222],[0.134044,53.480618],[0.151866,53.475816],[0.167817,53.464504],[0.170909,53.457017],[0.173106,53.446763],[0.175792,53.43769],[0.181488,53.433743],[0.190603,53.431871],[0.219493,53.419501],[0.211925,53.412665],[0.22934,53.404771],[0.244884,53.390937],[0.256114,53.375067],[0.260427,53.361477],[0.342133,53.226304],[0.356212,53.188544],[0.356619,53.145738],[0.335785,53.093451],[0.329845,53.086493],[0.318696,53.083686],[0.298839,53.081204],[0.282481,53.074856],[0.193044,53.020087],[0.17449,53.015448],[0.160818,53.008979],[0.082123,52.938666],[0.061168,52.924994],[0.037608,52.919176],[0.022146,52.912584],[0.008556,52.898627],[0.010265,52.886461],[0.04066,52.885077],[0.09254,52.892524],[0.105642,52.88935],[0.133474,52.87519],[0.147146,52.872016],[0.170909,52.862128],[0.222423,52.813666],[0.246755,52.795722],[0.264496,52.803697],[0.285655,52.805569],[0.325531,52.803168],[0.341807,52.797431],[0.369884,52.773017],[0.384532,52.768378],[0.384532,52.775214],[0.379242,52.790839],[0.399425,52.809516],[0.425548,52.827379],[0.43865,52.840725],[0.444021,52.865058],[0.456716,52.891995],[0.472341,52.916449],[0.485688,52.933498],[0.520274,52.955268],[0.569591,52.969306],[0.623383,52.975653],[0.671886,52.974433],[0.664399,52.981879],[0.684744,52.986396],[0.706798,52.983222],[0.729177,52.977484],[0.750499,52.974433],[0.835704,52.974433],[0.875499,52.968166],[0.921072,52.954657],[0.968435,52.947496],[1.013927,52.96015],[1.003429,52.964748],[0.991547,52.967475],[0.979015,52.968411],[0.966075,52.967597],[0.966075,52.974433],[1.274669,52.929185],[1.396007,52.891425],[1.644216,52.775824],[1.67335,52.755683],[1.697032,52.731024],[1.715831,52.683743],[1.734141,52.654608],[1.747244,52.62519],[1.740733,52.603909],[1.746837,52.588528],[1.748709,52.568793],[1.747569,52.532782],[1.771169,52.485907],[1.7671,52.476955],[1.754405,52.467353],[1.729259,52.415595],[1.730154,52.405911],[1.727875,52.396308],[1.683604,52.32453],[1.651866,52.28913],[1.641124,52.281806],[1.630544,52.270453],[1.628266,52.244818],[1.63087,52.199774],[1.625499,52.180365],[1.607432,52.145941],[1.603526,52.127834],[1.589203,52.100816],[1.587576,52.086982],[1.582286,52.081488],[1.503673,52.060981],[1.486827,52.049018],[1.472016,52.05622],[1.466807,52.048],[1.463878,52.035142],[1.455821,52.02851],[1.448985,52.02497],[1.424815,52.001858],[1.354828,51.954047],[1.343516,51.942857],[1.332286,51.94009],[1.264415,51.994371],[1.234874,52.000312],[1.185232,52.025092],[1.157888,52.02851],[1.157888,52.021674],[1.193533,52.0008],[1.214366,51.991441],[1.260265,51.984809],[1.270763,51.981513],[1.275157,51.976996],[1.274425,51.960883],[1.271007,51.956448],[1.250743,51.959621],[1.238943,51.958645],[1.217621,51.954332],[1.20574,51.953437],[1.193207,51.955512],[1.165294,51.967027],[1.143077,51.966051],[1.094493,51.955959],[1.069102,51.953437],[1.09547,51.945746],[1.262055,51.939154],[1.281993,51.946601],[1.278494,51.927924],[1.199555,51.877672],[1.21225,51.871649],[1.227875,51.867377],[1.264415,51.864],[1.27475,51.870307],[1.282237,51.880561],[1.286632,51.881659],[1.288259,51.860582],[1.276378,51.844794],[1.219249,51.811835],[1.167817,51.790229],[1.135427,51.781724],[1.06544,51.775295],[1.046641,51.777045],[1.037283,51.782172],[1.021332,51.802558],[0.98878,51.830268],[0.979828,51.843573],[0.977061,51.824612],[0.962087,51.813788],[0.925141,51.802558],[0.894298,51.784613],[0.886974,51.782131],[0.886404,51.776679],[0.883474,51.764716],[0.878917,51.752753],[0.873709,51.747301],[0.86199,51.745551],[0.845958,51.736762],[0.835704,51.73371],[0.823497,51.733832],[0.801443,51.739691],[0.791759,51.741156],[0.7671,51.739447],[0.720876,51.728176],[0.698578,51.720038],[0.714203,51.715277],[0.732432,51.713772],[0.749278,51.708482],[0.760753,51.692694],[0.789073,51.71015],[0.853038,51.718899],[0.883556,51.726874],[0.912364,51.741523],[0.930024,51.743598],[0.945567,51.73371],[0.947439,51.725246],[0.944591,51.715481],[0.94044,51.707994],[0.938162,51.706366],[0.940196,51.698432],[0.944021,51.690579],[0.951834,51.678412],[0.941742,51.673041],[0.937999,51.664496],[0.938162,51.641262],[0.934744,51.635891],[0.926768,51.630927],[0.911469,51.623847],[0.938487,51.624986],[0.94809,51.621527],[0.951834,51.617011],[0.92449,51.588324],[0.873302,51.559475],[0.828298,51.541856],[0.816254,51.537177],[0.771251,51.528266],[0.692068,51.536322],[0.664399,51.535061],[0.663748,51.535549],[0.650564,51.535793],[0.646658,51.535346],[0.644054,51.535061],[0.642751,51.533515],[0.623383,51.52204],[0.608653,51.518988],[0.595225,51.518622],[0.582286,51.516547],[0.568858,51.508368],[0.552745,51.517971],[0.547211,51.517727],[0.525401,51.516913],[0.456065,51.505561],[0.450857,51.498277],[0.448009,51.488227],[0.441661,51.477037],[0.428477,51.467108],[0.414073,51.4619],[0.399181,51.458401],[0.384532,51.453111],[0.448416,51.459947],[0.456798,51.463121],[0.461436,51.47016],[0.464854,51.47724],[0.469574,51.480414],[0.534841,51.491685],[0.694835,51.477037],[0.709483,51.470526],[0.721934,51.456285],[0.723155,51.446723],[0.713145,51.44123],[0.692393,51.439521],[0.656505,51.444525],[0.640961,51.444159],[0.609386,51.425116],[0.572765,51.419582],[0.554535,51.412177],[0.562266,51.406562],[0.569102,51.399604],[0.576508,51.393622],[0.585948,51.391059],[0.671886,51.391059],[0.712901,51.384223],[0.704926,51.395982],[0.700369,51.409817],[0.705333,51.419501],[0.72641,51.419013],[0.728363,51.406236],[0.739268,51.387926],[0.753429,51.371527],[0.764415,51.364407],[0.977224,51.349189],[1.100922,51.373236],[1.423839,51.392076],[1.448253,51.38288],[1.439138,51.350084],[1.435557,51.343736],[1.430837,51.337795],[1.425141,51.332953],[1.41863,51.329657],[1.382986,51.329779],[1.377615,51.326239],[1.380626,51.304755],[1.387869,51.287909],[1.404307,51.261379],[1.413097,51.221747],[1.404796,51.183539],[1.384451,51.151679],[1.357188,51.131008],[1.290375,51.116523],[1.26295,51.103258],[1.251638,51.102525],[1.229991,51.103705],[1.21811,51.100979],[1.208263,51.094672],[1.199718,51.087592],[1.192068,51.082587],[1.172211,51.077379],[1.1067,51.076361],[1.087169,51.072984],[1.066905,51.064399],[1.027599,51.041653],[0.97641,50.994452],[0.966482,50.982733],[0.969086,50.956855],[0.979828,50.918158],[0.94516,50.909369],[0.869802,50.925116],[0.802257,50.939195],[0.762462,50.930894],[0.664399,50.870307],[0.624197,50.85871],[0.407481,50.829332],[0.370291,50.818793],[0.365245,50.818996],[0.354259,50.809638],[0.344412,50.799058],[0.342296,50.795152],[0.308116,50.780951],[0.271007,50.747382],[0.233897,50.747016],[0.214122,50.748928],[0.168305,50.759833],[0.1574,50.761054],[0.122081,50.76081],[0.113048,50.764146],[0.095551,50.775051],[0.077037,50.778998],[0.034516,50.780951],[0.017548,50.784857],[-0.173166,50.829006],[-0.206125,50.831041],[-0.208892,50.830105],[-0.233144,50.821926],[-0.269683,50.831285],[-0.397572,50.802069],[-0.568959,50.802069],[-0.732737,50.767279],[-0.741567,50.769232],[-0.749867,50.773871],[-0.758209,50.777086],[-0.767568,50.774726],[-0.773101,50.766018],[-0.766265,50.747138],[-0.770985,50.736884],[-0.789947,50.730048],[-0.812815,50.734768],[-0.904124,50.771877],[-0.911488,50.777818],[-0.905873,50.788031],[-0.892486,50.794623],[-0.863637,50.802069],[-0.863637,50.808254],[-0.873606,50.812934],[-0.893137,50.825344],[-0.904693,50.829332],[-0.909535,50.825995],[-0.921702,50.821601],[-0.928944,50.822821],[-0.919016,50.836168],[-0.929799,50.839993],[-0.939198,50.843248],[-0.970774,50.846991],[-0.994862,50.847073],[-1.001861,50.847113],[-1.020741,50.843655],[-1.033559,50.825914],[-1.042633,50.801907],[-1.056223,50.783026],[-1.082753,50.780951],[-1.103017,50.795478],[-1.093617,50.812934],[-1.075307,50.830024],[-1.069163,50.843655],[-1.08731,50.849799],[-1.088124,50.849758],[-1.14981,50.846666],[-1.164703,50.843655],[-1.129709,50.8251],[-1.123769,50.818793],[-1.121205,50.799384],[-1.124908,50.788723],[-1.138051,50.780951],[-1.151112,50.781399],[-1.169342,50.785875],[-1.185618,50.792426],[-1.192616,50.798651],[-1.19929,50.807929],[-1.231516,50.818915],[-1.255198,50.831936],[-1.288157,50.839179],[-1.301422,50.843655],[-1.318593,50.85692],[-1.338938,50.872707],[-1.44929,50.912055],[-1.46642,50.918158],[-1.46642,50.911933],[-1.456451,50.908759],[-1.437978,50.901313],[-1.425608,50.900092],[-1.401112,50.881171],[-1.323069,50.825751],[-1.31428,50.812161],[-1.317291,50.800238],[-1.339833,50.795152],[-1.403961,50.791571],[-1.418691,50.788398],[-1.411366,50.784898],[-1.404937,50.780951],[-1.404937,50.774726],[-1.45051,50.769355],[-1.476226,50.763414],[-1.487538,50.757717],[-1.491933,50.75727],[-1.524729,50.761054],[-1.5572,50.723293],[-1.559397,50.719224],[-1.561187,50.71898],[-1.580719,50.722642],[-1.602122,50.731757],[-1.670644,50.740058],[-1.672922,50.740058],[-1.693023,50.739936],[-1.715077,50.735785],[-1.753529,50.722846],[-1.771718,50.72012],[-1.797434,50.723171],[-1.835072,50.727688],[-1.857411,50.726955],[-1.877349,50.722846],[-1.896352,50.716295],[-1.896881,50.716051],[-1.913889,50.707424],[-1.929107,50.695868],[-1.940012,50.690823],[-1.944325,50.697659],[-1.946116,50.707913],[-1.94929,50.713324],[-1.987701,50.72012],[-2.013905,50.71894],[-2.021962,50.72012],[-2.025461,50.723863],[-2.026194,50.725084],[-2.033844,50.737128],[-2.038971,50.739936],[-2.048085,50.734809],[-2.082672,50.698961],[-2.069569,50.7001],[-2.057729,50.702826],[-2.04662,50.707261],[-2.035634,50.713324],[-2.01415,50.688788],[-2.002512,50.681301],[-1.98412,50.678534],[-1.967437,50.678656],[-1.952789,50.676581],[-1.945872,50.66885],[-1.952952,50.651842],[-1.938222,50.645819],[-1.932485,50.644436],[-1.967275,50.617092],[-1.965199,50.6022],[-1.983713,50.596625],[-2.065175,50.595526],[-2.082183,50.597846],[-2.157338,50.62051],[-2.342641,50.633775],[-2.377065,50.647528],[-2.398346,50.645575],[-2.435902,50.637519],[-2.447621,50.627875],[-2.460072,50.606513],[-2.465647,50.58515],[-2.456451,50.575507],[-2.431223,50.570258],[-2.4287,50.557563],[-2.43928,50.541815],[-2.453359,50.527655],[-2.459543,50.527655],[-2.460357,50.565497],[-2.48351,50.590399],[-2.692942,50.692816],[-2.864817,50.733791],[-2.887318,50.734361],[-2.945546,50.725816],[-2.962758,50.723293],[-2.998199,50.708238],[-3.02184,50.706488],[-3.059722,50.713324],[-3.07136,50.711005],[-3.094146,50.698961],[-3.099233,50.697089],[-3.115834,50.687974],[-3.125478,50.685289],[-3.135894,50.68594],[-3.155141,50.691352],[-3.166493,50.692816],[-3.185618,50.690741],[-3.219146,50.680813],[-3.259836,50.674547],[-3.271392,50.664496],[-3.280426,50.65119],[-3.295562,50.637519],[-3.368153,50.617092],[-3.390736,50.617825],[-3.407541,50.621283],[-3.420969,50.629462],[-3.433339,50.644436],[-3.44636,50.66828],[-3.450429,50.672309],[-3.453277,50.673285],[-3.455434,50.675442],[-3.458608,50.677558],[-3.464426,50.678534],[-3.467763,50.676418],[-3.468902,50.671698],[-3.467844,50.666978],[-3.455312,50.657904],[-3.442047,50.623521],[-3.433339,50.610256],[-3.451161,50.599433],[-3.467275,50.585598],[-3.48176,50.568549],[-3.494862,50.548163],[-3.505971,50.520819],[-3.505035,50.501207],[-3.487457,50.459418],[-3.509755,50.458482],[-3.532135,50.454779],[-3.549428,50.446519],[-3.556264,50.432115],[-3.549306,50.415595],[-3.531972,50.410224],[-3.487457,50.411566],[-3.487457,50.404771],[-3.497467,50.387356],[-3.49828,50.383694],[-3.507314,50.382799],[-3.514963,50.37995],[-3.520131,50.374823],[-3.526926,50.349799],[-3.538889,50.344428],[-3.554514,50.347642],[-3.570546,50.356391],[-3.577789,50.334052],[-3.59911,50.325832],[-3.621571,50.321926],[-3.631988,50.312323],[-3.637359,50.295396],[-3.647572,50.274563],[-3.65331,50.251044],[-3.645619,50.22602],[-3.660634,50.221015],[-3.700917,50.213528],[-3.718007,50.212388],[-3.740387,50.215888],[-3.758616,50.221747],[-3.774241,50.222968],[-3.788971,50.212388],[-3.826324,50.234198],[-3.884185,50.280463],[-3.949941,50.318996],[-3.961008,50.322252],[-3.970204,50.320746],[-3.995758,50.311428],[-4.005605,50.309231],[-4.011342,50.306952],[-4.02477,50.297187],[-4.032948,50.294908],[-4.044057,50.296454],[-4.054351,50.30036],[-4.070221,50.309231],[-4.067942,50.312812],[-4.064036,50.322252],[-4.086008,50.326239],[-4.108266,50.336615],[-4.118723,50.351874],[-4.10497,50.370673],[-4.141754,50.369045],[-4.15274,50.370673],[-4.165517,50.37637],[-4.171457,50.382799],[-4.175771,50.390855],[-4.183827,50.401068],[-4.191477,50.417629],[-4.183909,50.431708],[-4.170318,50.445136],[-4.159535,50.459418],[-4.179433,50.45307],[-4.189565,50.453681],[-4.200551,50.459418],[-4.203684,50.451402],[-4.204742,50.448676],[-4.212392,50.441474],[-4.222524,50.437974],[-4.234731,50.4383],[-4.234731,50.432115],[-4.220204,50.425849],[-4.216135,50.415717],[-4.219716,50.405097],[-4.228505,50.397366],[-4.241444,50.39468],[-4.289906,50.397366],[-4.27302,50.381903],[-4.216176,50.387763],[-4.193756,50.376899],[-4.228505,50.370673],[-4.228505,50.363837],[-4.220123,50.365302],[-4.200551,50.363837],[-4.207997,50.356391],[-4.180043,50.356391],[-4.180043,50.350165],[-4.191314,50.347561],[-4.197987,50.342231],[-4.199127,50.335395],[-4.193756,50.328437],[-4.193756,50.322252],[-4.214996,50.323147],[-4.225697,50.335395],[-4.235097,50.349555],[-4.252349,50.356391],[-4.337717,50.370673],[-4.383697,50.367499],[-4.456207,50.338202],[-4.495351,50.328437],[-4.65982,50.322252],[-4.659576,50.320624],[-4.662709,50.317776],[-4.667795,50.315334],[-4.673451,50.315416],[-4.687164,50.342719],[-4.694325,50.343451],[-4.700185,50.340888],[-4.705556,50.337551],[-4.711334,50.335883],[-4.731557,50.334662],[-4.752105,50.330308],[-4.763295,50.322089],[-4.755442,50.309231],[-4.755442,50.301744],[-4.762359,50.298041],[-4.771637,50.291571],[-4.779856,50.284329],[-4.783355,50.277899],[-4.78189,50.271796],[-4.776519,50.265082],[-4.776519,50.26081],[-4.788442,50.242092],[-4.790151,50.236558],[-4.80016,50.22956],[-4.849721,50.234565],[-4.868723,50.229438],[-4.887318,50.214993],[-4.904775,50.208441],[-4.947255,50.199368],[-4.960683,50.190497],[-5.002431,50.14411],[-5.014556,50.156562],[-5.020375,50.191962],[-5.033193,50.199368],[-5.052968,50.195787],[-5.053619,50.186916],[-5.051869,50.175523],[-5.064565,50.164618],[-5.064565,50.158393],[-5.058502,50.155463],[-5.043446,50.14411],[-5.051869,50.144599],[-5.058461,50.142727],[-5.07079,50.137274],[-5.080312,50.132717],[-5.081614,50.125393],[-5.080963,50.117174],[-5.085032,50.109931],[-5.093902,50.105536],[-5.125966,50.09634],[-5.114654,50.096625],[-5.106068,50.09512],[-5.091868,50.089504],[-5.086903,50.089057],[-5.075347,50.090481],[-5.07079,50.089504],[-5.068471,50.08515],[-5.064931,50.071845],[-5.060862,50.069037],[-5.056508,50.060614],[-5.069488,50.042182],[-5.098053,50.01439],[-5.107289,50.013007],[-5.127431,50.015448],[-5.139638,50.01439],[-5.146474,50.010565],[-5.176137,49.987942],[-5.187734,49.964504],[-5.191151,49.959133],[-5.200103,49.961371],[-5.210357,49.966742],[-5.240387,49.988349],[-5.245229,49.993109],[-5.249501,50.000067],[-5.253041,50.012641],[-5.252268,50.020697],[-5.252675,50.027777],[-5.259755,50.037665],[-5.288401,50.067694],[-5.304351,50.080268],[-5.323964,50.089504],[-5.384185,50.107978],[-5.424713,50.112738],[-5.458119,50.125881],[-5.474843,50.130439],[-5.495676,50.129625],[-5.52184,50.123725],[-5.540924,50.113471],[-5.540639,50.099758],[-5.534657,50.082343],[-5.545562,50.068915],[-5.563466,50.059638],[-5.57844,50.054755],[-5.619456,50.04621],[-5.667388,50.042873],[-5.705149,50.052314],[-5.715647,50.082709],[-5.705963,50.083482],[-5.698801,50.085395],[-5.694488,50.089504],[-5.694407,50.095771],[-5.697092,50.100531],[-5.700307,50.103217],[-5.701975,50.103176],[-5.707387,50.122016],[-5.709218,50.132636],[-5.705393,50.137274],[-5.703521,50.140611],[-5.684641,50.161526],[-5.676747,50.165025],[-5.647369,50.172065],[-5.583608,50.195868],[-5.549428,50.203518],[-5.510976,50.219468],[-5.489125,50.219794],[-5.458119,50.200751],[-5.437978,50.194322],[-5.417388,50.20246],[-5.402943,50.217353],[-5.395863,50.22724],[-5.392893,50.236558],[-5.387563,50.240302],[-5.351918,50.240302],[-5.314849,50.253607],[-5.200307,50.330756],[-5.163564,50.347235],[-5.149892,50.350165],[-5.146474,50.355292],[-5.14566,50.366889],[-5.147043,50.379381],[-5.153676,50.399482],[-5.142405,50.404486],[-5.127268,50.405219],[-5.11974,50.404771],[-5.050282,50.428697],[-5.048166,50.434394],[-5.038726,50.447903],[-5.029775,50.486762],[-5.028635,50.507025],[-5.025258,50.524237],[-5.015614,50.538031],[-4.995595,50.548163],[-4.975168,50.548163],[-4.967844,50.551581],[-4.954823,50.561225],[-4.947255,50.562445],[-4.941477,50.556952],[-4.937123,50.545315],[-4.934438,50.531643],[-4.933583,50.52025],[-4.926869,50.522895],[-4.924306,50.524482],[-4.920522,50.527655],[-4.902415,50.520575],[-4.860951,50.519192],[-4.844838,50.514065],[-4.855824,50.527411],[-4.87328,50.534084],[-4.906239,50.541978],[-4.921864,50.554877],[-4.920237,50.564154],[-4.915191,50.572496],[-4.920522,50.582953],[-4.920522,50.589179],[-4.89566,50.585924],[-4.821197,50.589179],[-4.79247,50.595201],[-4.776601,50.609849],[-4.765045,50.627997],[-4.749257,50.644436],[-4.755442,50.659369],[-4.751943,50.670071],[-4.741933,50.674872],[-4.728139,50.672309],[-4.657297,50.711127],[-4.645579,50.723538],[-4.637807,50.741156],[-4.619008,50.754788],[-4.57726,50.774726],[-4.55012,50.809556],[-4.554921,50.897773],[-4.543772,50.939195],[-4.536855,50.947577],[-4.522694,50.972724],[-4.526682,50.980373],[-4.530426,50.994696],[-4.531321,51.008694],[-4.526438,51.01496],[-4.437327,51.01496],[-4.426422,51.012681],[-4.405751,51.002875],[-4.395741,51.000678],[-4.337717,50.996649],[-4.317291,51.000678],[-4.302317,51.007514],[-4.234731,51.055325],[-4.229156,51.061103],[-4.22468,51.067084],[-4.218495,51.072455],[-4.207997,51.076361],[-4.214263,51.086005],[-4.226308,51.113227],[-4.228505,51.120429],[-4.231923,51.126695],[-4.249013,51.14289],[-4.255767,51.151516],[-4.22232,51.149726],[-4.214833,51.151516],[-4.208363,51.162299],[-4.209828,51.172838],[-4.217275,51.181383],[-4.228505,51.186225],[-4.228505,51.19245],[-4.152333,51.211615],[-3.969472,51.222398],[-3.931996,51.23135],[-3.913197,51.233385],[-3.840891,51.233385],[-3.818959,51.23607],[-3.787099,51.246772],[-3.769154,51.247707],[-3.63976,51.226386],[-3.559316,51.228095],[-3.434193,51.209784],[-3.404368,51.192043],[-3.384999,51.186225],[-3.270741,51.189399],[-3.198883,51.203559],[-3.16275,51.206732],[-3.09675,51.204535],[-3.057525,51.208157],[-3.029286,51.220404],[-3.02184,51.213568],[-3.035553,51.199286],[-3.02184,51.19245],[-3.004791,51.213121],[-3.001332,51.220404],[-2.999582,51.233222],[-3.001536,51.239691],[-3.004994,51.245063],[-3.008168,51.254543],[-3.007639,51.291978],[-3.01061,51.310981],[-3.02184,51.322821],[-3.002431,51.319078],[-2.992177,51.321926],[-2.992096,51.322048],[-2.988393,51.331122],[-2.987782,51.346666],[-2.979888,51.355862],[-2.965972,51.364936],[-2.959584,51.374254],[-2.97468,51.384223],[-2.952952,51.398505],[-2.92101,51.394436],[-2.884185,51.416978],[-2.816396,51.473619],[-2.798573,51.482611],[-2.780873,51.489081],[-2.76122,51.492865],[-2.73762,51.494086],[-2.71642,51.499579],[-2.696156,51.512641],[-2.607818,51.607367],[-2.599599,51.611396],[-2.589223,51.614244],[-2.580434,51.618638],[-2.576812,51.627509],[-2.574452,51.635728],[-2.568959,51.644965],[-2.562245,51.653388],[-2.556386,51.659247],[-2.499176,51.696763],[-2.464996,51.725898],[-2.447743,51.731879],[-2.404897,51.741156],[-2.388539,51.750434],[-2.380767,51.761908],[-2.383372,51.773261],[-2.398061,51.782131],[-2.402415,51.763577],[-2.4204,51.753119],[-2.44343,51.74844],[-2.463287,51.747301],[-2.482086,51.742865],[-2.495839,51.732001],[-2.507965,51.718573],[-2.522125,51.706366],[-2.581695,51.681708],[-2.591135,51.67536],[-2.600209,51.665595],[-2.665354,51.617255]]],[[[-1.082753,50.713324],[-1.062327,50.692816],[-1.062327,50.685289],[-1.066965,50.685248],[-1.069651,50.683498],[-1.071889,50.680976],[-1.075307,50.678534],[-1.112701,50.671454],[-1.128651,50.666449],[-1.156361,50.650784],[-1.162221,50.645982],[-1.164703,50.640937],[-1.164133,50.619371],[-1.165028,50.608222],[-1.168446,50.603461],[-1.279205,50.582506],[-1.315541,50.589179],[-1.445953,50.648139],[-1.452789,50.654283],[-1.485951,50.669338],[-1.497426,50.672309],[-1.535146,50.669379],[-1.551503,50.665107],[-1.569488,50.658026],[-1.545318,50.686103],[-1.50593,50.707709],[-1.418691,50.733791],[-1.420888,50.730455],[-1.423451,50.7237],[-1.425364,50.72012],[-1.400868,50.721991],[-1.377553,50.734198],[-1.343495,50.761054],[-1.318512,50.772162],[-1.295766,50.773179],[-1.144276,50.733791],[-1.119537,50.734198],[-1.10912,50.732856],[-1.097035,50.726955],[-1.096425,50.724433],[-1.097646,50.71601],[-1.097035,50.713324],[-1.094228,50.712633],[-1.085561,50.714016],[-1.082753,50.713324]]],[[[-0.959869,50.808254],[-0.959869,50.802069],[-0.954579,50.798814],[-0.945627,50.791815],[-0.938832,50.788398],[-0.938832,50.780951],[-1.020741,50.788398],[-1.020741,50.795152],[-0.998687,50.801011],[-0.972564,50.829779],[-0.959869,50.829332],[-0.950307,50.823798],[-0.947825,50.817816],[-0.951405,50.812445],[-0.959869,50.808254]]],[[[0.911469,51.412177],[0.932465,51.397691],[0.942149,51.383002],[0.936371,51.371039],[0.911469,51.364407],[0.79477,51.370551],[0.775076,51.375312],[0.757579,51.38642],[0.7435,51.400092],[0.733897,51.412177],[0.746837,51.439643],[0.753917,51.445705],[0.766938,51.447943],[0.890798,51.421047],[0.900564,51.417548],[0.911469,51.412177]]],[[[-6.298818,49.935492],[-6.292226,49.932074],[-6.284169,49.922756],[-6.287506,49.914008],[-6.297271,49.909613],[-6.309153,49.913642],[-6.307444,49.927436],[-6.298818,49.935492]]],[[[-6.333648,49.959703],[-6.328033,49.95661],[-6.326487,49.949205],[-6.332509,49.941718],[-6.341217,49.94477],[-6.348053,49.956204],[-6.348948,49.964342],[-6.341786,49.963609],[-6.336822,49.960924],[-6.333648,49.959703]]],[[[-4.665435,51.18358],[-4.663971,51.177069],[-4.663482,51.164862],[-4.670481,51.160102],[-4.678538,51.16706],[-4.679799,51.180569],[-4.676422,51.193101],[-4.671213,51.195054],[-4.666982,51.18769],[-4.665435,51.18358]]]]}},{"type":"Feature","properties":{},"geometry":{"type":"MultiPolygon","coordinates":[[[[-2.022857,55.805487],[-2.067957,55.795872],[-2.073641,55.793779],[-2.078499,55.790368],[-2.081755,55.782539],[-2.084648,55.767346],[-2.087232,55.762437],[-2.092038,55.757166],[-2.116636,55.741973],[-2.121494,55.740113],[-2.137823,55.735798],[-2.143094,55.733395],[-2.153481,55.726936],[-2.162887,55.722801],[-2.167537,55.719908],[-2.171465,55.715877],[-2.175857,55.70797],[-2.18118,55.701562],[-2.235647,55.654795],[-2.24283,55.649938],[-2.252855,55.647147],[-2.267325,55.645235],[-2.30665,55.64508],[-2.318898,55.64291],[-2.323962,55.640688],[-2.328044,55.638207],[-2.328975,55.633143],[-2.328716,55.629009],[-2.327321,55.625133],[-2.324789,55.622187],[-2.321275,55.619707],[-2.305255,55.614436],[-2.301224,55.612369],[-2.299622,55.608803],[-2.299002,55.604979],[-2.296573,55.601724],[-2.293318,55.599088],[-2.281381,55.59206],[-2.278745,55.589063],[-2.27735,55.585652],[-2.276471,55.581931],[-2.273422,55.57511],[-2.256731,55.549479],[-2.240246,55.532012],[-2.227224,55.520798],[-2.216992,55.508861],[-2.215648,55.505605],[-2.215338,55.502556],[-2.215545,55.500799],[-2.215803,55.499508],[-2.215803,55.496407],[-2.214718,55.49341],[-2.212651,55.490257],[-2.190533,55.471241],[-2.186864,55.468812],[-2.184487,55.465815],[-2.182885,55.462404],[-2.182782,55.458528],[-2.184487,55.454084],[-2.188673,55.44902],[-2.198595,55.441217],[-2.211359,55.433258],[-2.232133,55.425352],[-2.243915,55.422251],[-2.272234,55.418944],[-2.285256,55.412639],[-2.295643,55.405715],[-2.325151,55.398118],[-2.331455,55.394708],[-2.338483,55.387111],[-2.342204,55.381892],[-2.346234,55.3729],[-2.35135,55.367578],[-2.359464,55.362513],[-2.379307,55.355485],[-2.387937,55.35502],[-2.394242,55.356209],[-2.397859,55.358793],[-2.407213,55.362978],[-2.412742,55.364529],[-2.426746,55.365976],[-2.451913,55.36334],[-2.462765,55.360395],[-2.551545,55.314351],[-2.605443,55.275955],[-2.618983,55.269651],[-2.623065,55.266395],[-2.625752,55.262519],[-2.625701,55.255336],[-2.62322,55.251099],[-2.620533,55.247998],[-2.618983,55.245466],[-2.618518,55.242986],[-2.619138,55.239472],[-2.621928,55.231204],[-2.625494,55.227018],[-2.631282,55.2234],[-2.643891,55.220145],[-2.661357,55.212548],[-2.685007,55.190827],[-2.697479,55.179372],[-2.718925,55.167228],[-2.746572,55.156221],[-2.790703,55.144284],[-2.808196,55.141493],[-2.822484,55.135189],[-2.850288,55.111295],[-2.872094,55.092556],[-2.875505,55.088783],[-2.883101,55.083616],[-2.890258,55.080257],[-2.922323,55.071678],[-2.927698,55.068423],[-2.944338,55.046719],[-2.948523,55.043618],[-2.953794,55.041034],[-2.969969,55.039381],[-2.976997,55.040104],[-3.015031,55.051525],[-3.020793,55.052558],[-3.026064,55.050749],[-3.030275,55.045892],[-3.031877,55.019589],[-3.032963,55.015248],[-3.045933,54.999693],[-3.050291,54.98151],[-3.135406,54.968085],[-3.453847,54.981757],[-3.470693,54.984442],[-3.486236,54.989488],[-3.501047,54.992499],[-3.515289,54.989203],[-3.512359,54.987128],[-3.511464,54.986884],[-3.510894,54.985989],[-3.509185,54.981757],[-3.526031,54.977118],[-3.54186,54.980658],[-3.570546,54.995429],[-3.583608,54.968085],[-3.575673,54.957343],[-3.570627,54.937567],[-3.568756,54.916002],[-3.570546,54.899807],[-3.581695,54.883612],[-3.598378,54.877997],[-3.691762,54.883205],[-3.717641,54.880845],[-3.739247,54.859809],[-3.810129,54.866278],[-3.807851,54.86107],[-3.806793,54.860907],[-3.803334,54.858873],[-3.812367,54.85517],[-3.819814,54.855902],[-3.82608,54.859931],[-3.831288,54.866278],[-3.819976,54.878567],[-3.815053,54.877143],[-3.810129,54.872504],[-3.811635,54.880032],[-3.813222,54.883124],[-3.816965,54.886176],[-3.828847,54.874986],[-3.844309,54.866278],[-3.839752,54.855902],[-3.837473,54.851996],[-3.844106,54.850979],[-3.8579,54.84455],[-3.823842,54.824693],[-3.833608,54.820054],[-3.885732,54.806464],[-3.964182,54.771918],[-4.011708,54.768215],[-4.042877,54.769477],[-4.042877,54.776923],[-4.046783,54.778022],[-4.050201,54.778551],[-4.053334,54.779975],[-4.055776,54.782538],[-4.052968,54.785468],[-4.05016,54.789008],[-4.049713,54.789984],[-4.051747,54.800035],[-4.047719,54.813056],[-4.049957,54.823228],[-4.063588,54.82685],[-4.064036,54.831529],[-4.078603,54.824123],[-4.090077,54.80976],[-4.093495,54.79267],[-4.083852,54.776923],[-4.122955,54.773017],[-4.17394,54.792304],[-4.209137,54.826239],[-4.200551,54.866278],[-4.215403,54.861029],[-4.239735,54.843004],[-4.255767,54.838324],[-4.270741,54.839423],[-4.345286,54.860175],[-4.356923,54.865546],[-4.365631,54.872504],[-4.375152,54.886908],[-4.379872,54.897895],[-4.38679,54.904771],[-4.402903,54.907294],[-4.409006,54.903022],[-4.416819,54.892808],[-4.423573,54.880357],[-4.426503,54.869452],[-4.417226,54.845933],[-4.409413,54.831244],[-4.402903,54.824693],[-4.386708,54.824164],[-4.372426,54.821845],[-4.359609,54.816636],[-4.347646,54.807318],[-4.344472,54.794501],[-4.353179,54.783108],[-4.358144,54.770982],[-4.343861,54.756415],[-4.356516,54.741889],[-4.353261,54.720893],[-4.348134,54.701972],[-4.354726,54.693793],[-4.360341,54.691596],[-4.365305,54.686957],[-4.371897,54.682278],[-4.382395,54.68008],[-4.405263,54.682074],[-4.426503,54.687567],[-4.451812,54.698798],[-4.461171,54.701239],[-4.496734,54.700629],[-4.505605,54.704657],[-4.563629,54.756415],[-4.596669,54.775295],[-4.714467,54.817857],[-4.759592,54.825344],[-4.781077,54.833075],[-4.799631,54.861274],[-4.821034,54.866645],[-4.85912,54.866278],[-4.883046,54.860093],[-4.905873,54.849799],[-4.925771,54.837388],[-4.941029,54.824693],[-4.949615,54.815823],[-4.953684,54.810004],[-4.954823,54.804755],[-4.954701,54.797431],[-4.95287,54.788967],[-4.947906,54.77733],[-4.940256,54.767035],[-4.930165,54.762641],[-4.923248,54.751858],[-4.911936,54.728217],[-4.895985,54.704535],[-4.867258,54.690131],[-4.866933,54.681464],[-4.872141,54.663316],[-4.872426,54.654039],[-4.87206,54.649237],[-4.85912,54.632961],[-4.880605,54.636217],[-4.923492,54.649726],[-4.944081,54.652777],[-4.953684,54.659735],[-4.959869,54.675523],[-4.958974,54.691962],[-4.947255,54.701239],[-4.954823,54.707465],[-4.958892,54.714057],[-4.959055,54.720933],[-4.954701,54.728502],[-4.973378,54.729722],[-4.981557,54.731635],[-4.988189,54.735297],[-4.992665,54.74433],[-4.99706,54.758368],[-5.003285,54.771308],[-5.01301,54.776923],[-5.033193,54.782416],[-5.128245,54.848944],[-5.157135,54.879096],[-5.175526,54.914618],[-5.180653,54.954413],[-5.177602,54.990546],[-5.170806,55.008694],[-5.156728,55.016547],[-5.13561,55.015855],[-5.124582,55.016791],[-5.11974,55.019924],[-5.115142,55.031562],[-5.105214,55.02619],[-5.09553,55.015082],[-5.091868,55.009711],[-5.076894,54.995551],[-5.069488,54.986029],[-5.064565,54.975531],[-5.063791,54.964586],[-5.065256,54.940334],[-5.060862,54.931138],[-5.047515,54.920315],[-5.030995,54.911322],[-5.013092,54.909613],[-4.995595,54.920315],[-4.992299,54.924262],[-4.988189,54.92772],[-4.988189,54.934556],[-5.024078,54.976386],[-5.029775,54.9855],[-5.032501,54.99372],[-5.03303,54.995266],[-5.047027,55.015082],[-5.050282,55.026801],[-5.049672,55.048977],[-5.047597,55.055732],[-5.043446,55.064276],[-5.025787,55.08869],[-5.018951,55.10224],[-5.016184,55.122626],[-5.007802,55.141181],[-4.988271,55.152655],[-4.947255,55.167914],[-4.882395,55.218573],[-4.877553,55.220893],[-4.867258,55.22248],[-4.865305,55.225653],[-4.86559,55.236314],[-4.864817,55.24136],[-4.841949,55.275092],[-4.838002,55.284003],[-4.837229,55.29385],[-4.839752,55.315579],[-4.838002,55.325019],[-4.832509,55.331122],[-4.799224,55.354722],[-4.781077,55.363511],[-4.773101,55.369371],[-4.767161,55.379055],[-4.758778,55.402289],[-4.749257,55.413764],[-4.71703,55.430487],[-4.650502,55.448472],[-4.626332,55.468411],[-4.617787,55.495592],[-4.62678,55.519721],[-4.650787,55.537055],[-4.687164,55.544135],[-4.666249,55.562201],[-4.666493,55.5633],[-4.671132,55.584418],[-4.692738,55.605211],[-4.721995,55.619208],[-4.776519,55.63288],[-4.808746,55.633612],[-4.818105,55.637193],[-4.810618,55.646552],[-4.810618,55.653998],[-4.86856,55.675605],[-4.90099,55.692328],[-4.920522,55.708564],[-4.876332,55.735256],[-4.861073,55.756741],[-4.865305,55.790473],[-4.871734,55.802436],[-4.877797,55.811021],[-4.882721,55.821357],[-4.888661,55.864529],[-4.888824,55.865302],[-4.892649,55.89289],[-4.886464,55.919664],[-4.872141,55.937201],[-4.849355,55.948228],[-4.818105,55.955634],[-4.799387,55.957913],[-4.785797,55.956977],[-4.72232,55.94009],[-4.705434,55.938463],[-4.693959,55.941352],[-4.672515,55.933783],[-4.505971,55.919094],[-4.481679,55.92829],[-4.590606,55.941514],[-4.630035,55.946275],[-4.673451,55.961859],[-4.724517,55.998358],[-4.765045,56.007066],[-4.783437,56.017646],[-4.799224,56.030951],[-4.810618,56.043769],[-4.82372,56.073676],[-4.82433,56.078518],[-4.839182,56.080634],[-4.844309,56.072984],[-4.843739,56.062974],[-4.837554,56.050605],[-4.790151,56.010199],[-4.77892,55.992092],[-4.785308,55.984036],[-4.803619,55.982082],[-4.828033,55.982327],[-4.851552,55.988023],[-4.862294,56.002143],[-4.865387,56.020209],[-4.866851,56.058336],[-4.865387,56.066718],[-4.826324,56.124213],[-4.755442,56.188381],[-4.750885,56.202704],[-4.755523,56.206529],[-4.766265,56.202094],[-4.779937,56.191474],[-4.83727,56.124416],[-4.851674,56.112616],[-4.873118,56.112006],[-4.880605,56.119859],[-4.878977,56.150539],[-4.883168,56.164008],[-4.893544,56.174262],[-4.907094,56.177069],[-4.920522,56.167914],[-4.909088,56.14997],[-4.895253,56.114732],[-4.88622,56.08039],[-4.88915,56.064846],[-4.901926,56.061916],[-4.904368,56.054348],[-4.900054,56.034125],[-4.900054,56.014594],[-4.89802,56.001166],[-4.892649,55.989732],[-4.906402,55.985745],[-4.921457,55.988674],[-4.937489,55.993842],[-4.954701,55.996568],[-4.954701,55.989732],[-4.942006,55.986314],[-4.928863,55.981147],[-4.918446,55.973334],[-4.913686,55.961859],[-4.917388,55.947455],[-4.927235,55.93769],[-4.93871,55.929633],[-4.947255,55.920844],[-4.952138,55.909125],[-4.954986,55.899359],[-4.959218,55.890123],[-4.968984,55.879869],[-4.983144,55.871039],[-4.99474,55.869818],[-5.026357,55.873725],[-5.04247,55.884752],[-5.056752,55.910305],[-5.066803,55.938788],[-5.07079,55.958686],[-5.110829,55.988959],[-5.116038,56.001695],[-5.123606,56.009914],[-5.139638,56.002753],[-5.123769,55.986314],[-5.085683,55.931871],[-5.078236,55.910956],[-5.086537,55.901272],[-5.105621,55.904975],[-5.171539,55.935533],[-5.180653,55.948432],[-5.180653,55.969306],[-5.190826,55.961737],[-5.199615,55.948554],[-5.205719,55.934516],[-5.207916,55.924628],[-5.212636,55.917141],[-5.242055,55.89289],[-5.218129,55.864691],[-5.20816,55.84927],[-5.20108,55.831488],[-5.21939,55.831448],[-5.263173,55.845771],[-5.296702,55.852688],[-5.307118,55.860419],[-5.313385,55.885443],[-5.319325,55.889106],[-5.327219,55.891547],[-5.334828,55.896674],[-5.338287,55.903754],[-5.339101,55.913031],[-5.338287,55.931383],[-5.33609,55.939195],[-5.326161,55.950263],[-5.323964,55.958686],[-5.325754,55.967231],[-5.338287,55.996568],[-5.313629,56.012356],[-5.204498,56.119452],[-5.146474,56.133124],[-5.104604,56.151516],[-5.09496,56.157375],[-5.059438,56.203111],[-5.043446,56.216295],[-5.013295,56.227607],[-4.974965,56.237006],[-4.940094,56.25141],[-4.920522,56.277777],[-4.9381,56.270982],[-4.975087,56.247992],[-4.991933,56.242987],[-5.032704,56.241156],[-5.04955,56.237047],[-5.064565,56.229315],[-5.075429,56.216986],[-5.099436,56.181952],[-5.108876,56.174709],[-5.228139,56.129218],[-5.310943,56.058051],[-5.319936,56.054918],[-5.338043,56.054104],[-5.345693,56.051215],[-5.345286,56.046129],[-5.350209,56.031928],[-5.356353,56.019761],[-5.359364,56.020738],[-5.368642,56.009426],[-5.390289,56.005683],[-5.415028,56.006903],[-5.433827,56.010199],[-5.43456,56.01496],[-5.434722,56.023627],[-5.437123,56.030015],[-5.444407,56.027574],[-5.447906,56.022284],[-5.448232,56.016059],[-5.447621,56.009426],[-5.454986,55.955634],[-5.451405,55.953437],[-5.436431,55.948961],[-5.430776,55.948188],[-5.420806,55.92829],[-5.416737,55.916815],[-5.416005,55.907416],[-5.412506,55.899604],[-5.40038,55.89289],[-5.40038,55.886705],[-5.407216,55.886705],[-5.407216,55.879869],[-5.402943,55.87873],[-5.392893,55.873725],[-5.397694,55.871568],[-5.402496,55.868354],[-5.407216,55.866278],[-5.351796,55.832424],[-5.326772,55.80858],[-5.317779,55.783026],[-5.324574,55.769232],[-5.338531,55.762641],[-5.372426,55.756415],[-5.387563,55.750312],[-5.433461,55.721015],[-5.444569,55.711615],[-5.453969,55.700588],[-5.461171,55.688137],[-5.463612,55.679836],[-5.466176,55.662177],[-5.468617,55.653998],[-5.490102,55.644599],[-5.488271,55.640326],[-5.484283,55.635728],[-5.482289,55.63288],[-5.483876,55.610053],[-5.474762,55.603949],[-5.462636,55.602037],[-5.454986,55.591946],[-5.46109,55.578803],[-5.476918,55.574897],[-5.488759,55.569078],[-5.482289,55.550279],[-5.503529,55.526516],[-5.509633,55.516791],[-5.51061,55.511461],[-5.509633,55.49258],[-5.510976,55.484442],[-5.514272,55.483873],[-5.518788,55.485175],[-5.523264,55.482652],[-5.545522,55.449164],[-5.561513,55.435533],[-5.584625,55.427436],[-5.584625,55.42121],[-5.572133,55.422309],[-5.562082,55.419867],[-5.55309,55.414537],[-5.543691,55.406928],[-5.527455,55.384345],[-5.526682,55.380276],[-5.514963,55.373684],[-5.525054,55.358629],[-5.557973,55.331855],[-5.574371,55.322008],[-5.594106,55.313137],[-5.616282,55.306586],[-5.639963,55.3039],[-5.649526,55.305162],[-5.669097,55.310858],[-5.680898,55.311347],[-5.691396,55.30858],[-5.714019,55.29914],[-5.725575,55.297065],[-5.754547,55.297349],[-5.772288,55.301256],[-5.782867,55.313544],[-5.794667,55.356391],[-5.796702,55.379096],[-5.791412,55.398627],[-5.763417,55.412055],[-5.725413,55.437567],[-5.715647,55.447903],[-5.71524,55.468899],[-5.720123,55.491523],[-5.721913,55.513861],[-5.707753,55.543362],[-5.712066,55.550727],[-5.718861,55.557318],[-5.721832,55.564602],[-5.718129,55.575751],[-5.694488,55.605536],[-5.673329,55.640611],[-5.669423,55.660712],[-5.680898,55.674465],[-5.626536,55.700629],[-5.619456,55.711982],[-5.613189,55.725775],[-5.598297,55.742987],[-5.581207,55.757636],[-5.56786,55.763861],[-5.539174,55.770941],[-5.504628,55.789374],[-5.4735,55.81566],[-5.454986,55.845771],[-5.551747,55.783637],[-5.587473,55.767157],[-5.599436,55.764228],[-5.61262,55.763861],[-5.605784,55.776842],[-5.633209,55.782782],[-5.646718,55.787502],[-5.66039,55.797349],[-5.667958,55.811021],[-5.669016,55.837836],[-5.674062,55.845771],[-5.631988,55.881781],[-5.6256,55.889838],[-5.619374,55.903144],[-5.60436,55.913642],[-5.586293,55.923326],[-5.571034,55.934516],[-5.593495,55.927965],[-5.627594,55.905341],[-5.653798,55.89761],[-5.671702,55.886908],[-5.680898,55.886705],[-5.687978,55.893378],[-5.694163,55.904975],[-5.696401,55.915961],[-5.586822,56.01203],[-5.57844,56.024482],[-5.582672,56.028957],[-5.57665,56.032538],[-5.571034,56.037543],[-5.583892,56.040717],[-5.596425,56.036811],[-5.609853,56.030015],[-5.6256,56.024482],[-5.631703,56.005927],[-5.674875,55.977729],[-5.674062,55.955634],[-5.690785,55.937649],[-5.694488,55.934516],[-5.704498,55.936754],[-5.707509,55.942572],[-5.705881,55.949652],[-5.701975,55.955634],[-5.696441,55.982164],[-5.659901,56.023261],[-5.584625,56.084662],[-5.581532,56.088284],[-5.580068,56.092922],[-5.577463,56.096991],[-5.571034,56.099026],[-5.564605,56.09809],[-5.556549,56.095893],[-5.550689,56.093492],[-5.550526,56.09219],[-5.547841,56.090033],[-5.539459,56.086859],[-5.531606,56.08633],[-5.5301,56.09219],[-5.534739,56.098538],[-5.541412,56.102484],[-5.547515,56.104885],[-5.550526,56.106431],[-5.556956,56.122219],[-5.558705,56.130805],[-5.554677,56.137397],[-5.522532,56.165758],[-5.515736,56.174709],[-5.509633,56.188381],[-5.539906,56.183417],[-5.562489,56.167914],[-5.582672,56.15058],[-5.605784,56.13996],[-5.599355,56.16059],[-5.586415,56.181138],[-5.569407,56.200263],[-5.550526,56.216295],[-5.559438,56.22956],[-5.547231,56.24018],[-5.525624,56.24726],[-5.506174,56.249823],[-5.49474,56.253119],[-5.492828,56.260403],[-5.499257,56.267646],[-5.512685,56.270941],[-5.55427,56.263495],[-5.56314,56.260321],[-5.572621,56.253852],[-5.582346,56.248765],[-5.592152,56.249823],[-5.598053,56.258612],[-5.59557,56.269924],[-5.584625,56.290758],[-5.572581,56.32807],[-5.562734,56.341051],[-5.543691,56.352851],[-5.525217,56.346625],[-5.498199,56.348334],[-5.44811,56.359687],[-5.44811,56.365912],[-5.472157,56.364936],[-5.51537,56.356838],[-5.537506,56.359687],[-5.517323,56.392768],[-5.509633,56.400621],[-5.498931,56.404731],[-5.486073,56.408108],[-5.478017,56.412909],[-5.482289,56.421129],[-5.457021,56.440863],[-5.423573,56.450019],[-5.322865,56.454983],[-5.242055,56.442206],[-5.20873,56.446845],[-5.181874,56.459662],[-5.11852,56.507758],[-5.085683,56.548774],[-5.064565,56.565131],[-5.086537,56.558498],[-5.099599,56.543647],[-5.110585,56.525865],[-5.125966,56.510484],[-5.1669,56.490058],[-5.190175,56.468655],[-5.20108,56.462104],[-5.243764,56.459215],[-5.350168,56.472968],[-5.378082,56.45897],[-5.394276,56.465481],[-5.410553,56.503648],[-5.424143,56.500067],[-5.435943,56.491156],[-5.454986,56.46955],[-5.468617,56.475735],[-5.433339,56.523627],[-5.427642,56.537828],[-5.403798,56.524604],[-5.379262,56.519192],[-5.356679,56.51968],[-5.338287,56.524156],[-5.290517,56.544664],[-5.265045,56.551215],[-5.252553,56.556342],[-5.242055,56.565131],[-5.275624,56.553616],[-5.286773,56.552069],[-5.306793,56.552802],[-5.310943,56.552069],[-5.327707,56.544664],[-5.338694,56.542304],[-5.360341,56.532213],[-5.372426,56.530341],[-5.384348,56.533433],[-5.400502,56.543647],[-5.41393,56.544664],[-5.410878,56.552069],[-5.407297,56.555325],[-5.402699,56.55744],[-5.396637,56.561713],[-5.39269,56.566474],[-5.389312,56.574897],[-5.386627,56.578803],[-5.360707,56.606269],[-5.351918,56.612942],[-5.310862,56.633612],[-5.304514,56.640163],[-5.298451,56.64643],[-5.317779,56.653876],[-5.317779,56.661322],[-5.309071,56.664252],[-5.286773,56.674994],[-5.261464,56.673326],[-5.248199,56.674058],[-5.218902,56.688666],[-5.196441,56.688666],[-5.15331,56.68122],[-5.132639,56.684516],[-5.093373,56.699042],[-5.012807,56.709296],[-4.995595,56.715969],[-5.160553,56.695868],[-5.238271,56.71662],[-5.238515,56.722561],[-5.228424,56.736477],[-5.222076,56.741523],[-5.154652,56.782294],[-5.136383,56.798774],[-5.11974,56.818427],[-5.179067,56.789252],[-5.187489,56.781155],[-5.191762,56.774644],[-5.20226,56.76911],[-5.21467,56.765204],[-5.224965,56.763739],[-5.233469,56.760688],[-5.23705,56.753363],[-5.238922,56.744452],[-5.242055,56.736477],[-5.255238,56.721584],[-5.268463,56.71308],[-5.283355,56.709377],[-5.301015,56.708564],[-5.309804,56.706488],[-5.319163,56.697496],[-5.340159,56.693061],[-5.348378,56.687201],[-5.359364,56.674994],[-5.388051,56.655219],[-5.403879,56.649237],[-5.424224,56.64704],[-5.434397,56.64289],[-5.44872,56.624579],[-5.458119,56.620347],[-5.470774,56.618394],[-5.482574,56.613267],[-5.493316,56.606391],[-5.533437,56.572903],[-5.599599,56.529039],[-5.667388,56.498481],[-5.674062,56.496894],[-5.683013,56.500637],[-5.694692,56.513861],[-5.705393,56.516669],[-5.721791,56.5185],[-5.740834,56.523261],[-5.758209,56.529975],[-5.770253,56.537828],[-5.755198,56.554023],[-5.751047,56.561998],[-5.749135,56.571967],[-5.756663,56.571967],[-5.793853,56.54328],[-5.85436,56.550482],[-6.003407,56.61872],[-6.009836,56.626532],[-6.008168,56.642279],[-5.998036,56.649888],[-5.98351,56.652818],[-5.933583,56.654731],[-5.899037,56.650824],[-5.866851,56.641547],[-5.839182,56.626532],[-5.831695,56.633979],[-5.855621,56.644721],[-5.86559,56.651435],[-5.865834,56.661322],[-5.759999,56.700751],[-5.735504,56.702338],[-5.672597,56.684149],[-5.647369,56.68122],[-5.594146,56.683336],[-5.564809,56.687649],[-5.543691,56.695461],[-5.636545,56.688666],[-5.658559,56.690741],[-5.708852,56.708564],[-5.749989,56.714545],[-5.859039,56.68122],[-5.896799,56.675116],[-5.907379,56.674994],[-5.920318,56.677965],[-5.942738,56.686754],[-5.955556,56.688666],[-6.024892,56.685696],[-6.098622,56.696967],[-6.12385,56.695624],[-6.143544,56.684882],[-6.161733,56.678209],[-6.186594,56.681098],[-6.209625,56.688463],[-6.222768,56.695461],[-6.228179,56.701077],[-6.232533,56.706529],[-6.235341,56.712388],[-6.236399,56.719062],[-6.234486,56.728583],[-6.229563,56.729071],[-6.222768,56.7272],[-6.215321,56.729641],[-6.193471,56.748521],[-6.180531,56.754625],[-6.026967,56.763739],[-6.014882,56.767035],[-5.979888,56.781562],[-5.965199,56.784857],[-5.948232,56.782538],[-5.937978,56.776923],[-5.928538,56.769965],[-5.913645,56.763739],[-5.860911,56.7508],[-5.852203,56.746975],[-5.853342,56.75788],[-5.858144,56.768459],[-5.868398,56.775865],[-5.886342,56.777411],[-5.886342,56.784857],[-5.874013,56.785712],[-5.861806,56.785102],[-5.850087,56.782457],[-5.839182,56.777411],[-5.824615,56.787584],[-5.802073,56.791815],[-5.776601,56.787991],[-5.756663,56.784857],[-5.831695,56.805365],[-5.850819,56.81802],[-5.851186,56.828925],[-5.837473,56.836615],[-5.733876,56.844794],[-5.692738,56.854926],[-5.66039,56.872992],[-5.673573,56.876532],[-5.692006,56.875312],[-5.708485,56.870551],[-5.724355,56.853827],[-5.744496,56.854153],[-5.783925,56.859931],[-5.77538,56.86994],[-5.735504,56.89411],[-5.780588,56.898749],[-5.874867,56.887152],[-5.921132,56.89411],[-5.887563,56.899115],[-5.852203,56.900336],[-5.852203,56.907701],[-5.859853,56.910549],[-5.880116,56.922024],[-5.862538,56.933743],[-5.85143,56.95425],[-5.842519,56.977444],[-5.831695,56.997138],[-5.814117,57.009508],[-5.786041,57.020575],[-5.755238,57.026557],[-5.729319,57.02383],[-5.719879,57.017564],[-5.699941,56.998114],[-5.688303,56.989691],[-5.674062,56.983588],[-5.658559,56.979478],[-5.6256,56.97663],[-5.571278,56.983832],[-5.523264,56.997138],[-5.523264,57.003974],[-5.540435,57.001166],[-5.556508,56.99608],[-5.571278,56.993313],[-5.584625,56.997138],[-5.607086,56.988511],[-5.628814,56.991889],[-5.649892,56.999661],[-5.670318,57.003974],[-5.685536,57.009589],[-5.681711,57.022406],[-5.680043,57.0362],[-5.701975,57.044908],[-5.710927,57.044176],[-5.731353,57.039008],[-5.74234,57.038072],[-5.752553,57.040595],[-5.769602,57.04975],[-5.780181,57.051744],[-5.791127,57.059272],[-5.776194,57.075832],[-5.734486,57.105414],[-5.722646,57.116441],[-5.715647,57.120063],[-5.703277,57.120754],[-5.673695,57.119045],[-5.663482,57.123725],[-5.645863,57.129462],[-5.620839,57.124091],[-5.57844,57.106391],[-5.558258,57.100409],[-5.459828,57.099799],[-5.454986,57.102973],[-5.447418,57.110175],[-5.430776,57.110745],[-5.414296,57.108222],[-5.407216,57.106391],[-5.40038,57.106391],[-5.40038,57.113837],[-5.420033,57.120673],[-5.503896,57.112698],[-5.527415,57.107489],[-5.540639,57.106391],[-5.547719,57.110093],[-5.573313,57.127875],[-5.584625,57.133694],[-5.668446,57.14765],[-5.680898,57.157904],[-5.673818,57.174994],[-5.638824,57.202379],[-5.6256,57.216254],[-5.644154,57.233222],[-5.620107,57.252143],[-5.578236,57.26675],[-5.543691,57.270901],[-5.511586,57.257636],[-5.480092,57.237006],[-5.446278,57.223049],[-5.407216,57.229926],[-5.407216,57.236721],[-5.448842,57.242092],[-5.458119,57.246649],[-5.47289,57.261217],[-5.4829,57.268012],[-5.492502,57.270901],[-5.501943,57.277655],[-5.488922,57.292426],[-5.464833,57.306627],[-5.440663,57.311835],[-5.440663,57.319281],[-5.464996,57.324937],[-5.48176,57.316718],[-5.494293,57.304429],[-5.506174,57.298163],[-5.523427,57.295152],[-5.558461,57.28144],[-5.57844,57.277655],[-5.599436,57.279242],[-5.637441,57.289008],[-5.656972,57.291327],[-5.700063,57.283596],[-5.72057,57.284491],[-5.729319,57.298163],[-5.72525,57.301581],[-5.701975,57.332343],[-5.693756,57.337104],[-5.671986,57.344428],[-5.663482,57.349677],[-5.654368,57.353949],[-5.647206,57.349921],[-5.641469,57.343207],[-5.636545,57.339789],[-5.613189,57.341986],[-5.501291,57.370998],[-5.456654,57.393541],[-5.44811,57.421698],[-5.465077,57.423896],[-5.492055,57.408759],[-5.537506,57.373928],[-5.563466,57.363105],[-5.586659,57.365058],[-5.610911,57.371405],[-5.639963,57.373928],[-5.61559,57.382473],[-5.607086,57.389106],[-5.609202,57.397773],[-5.617747,57.410102],[-5.619618,57.416693],[-5.624013,57.416409],[-5.639963,57.408026],[-5.707183,57.359768],[-5.732411,57.352769],[-5.784576,57.348578],[-5.807769,57.354926],[-5.824859,57.394355],[-5.822255,57.3935],[-5.817372,57.395209],[-5.812856,57.398098],[-5.811187,57.40119],[-5.813873,57.404527],[-5.82311,57.41234],[-5.824859,57.415473],[-5.825266,57.4289],[-5.821889,57.435533],[-5.811187,57.442206],[-5.821523,57.445461],[-5.852528,57.450385],[-5.859039,57.452704],[-5.861195,57.463446],[-5.870513,57.48078],[-5.87267,57.49372],[-5.8697,57.500881],[-5.856068,57.517808],[-5.852203,57.524115],[-5.851064,57.538398],[-5.851471,57.551093],[-5.847076,57.558905],[-5.831695,57.558824],[-5.833852,57.563381],[-5.837026,57.574774],[-5.839182,57.579291],[-5.821401,57.583197],[-5.803619,57.581366],[-5.786366,57.575181],[-5.732574,57.545233],[-5.715647,57.538398],[-5.707021,57.542304],[-5.689768,57.527899],[-5.680898,57.524115],[-5.650868,57.512641],[-5.639963,57.511054],[-5.645334,57.516669],[-5.648305,57.521877],[-5.650543,57.526801],[-5.653554,57.531562],[-5.581532,57.538398],[-5.540273,57.534491],[-5.516835,57.534857],[-5.512685,57.54149],[-5.543121,57.555365],[-5.588368,57.561021],[-5.632721,57.557685],[-5.66039,57.544582],[-5.694488,57.566311],[-5.689198,57.569403],[-5.680898,57.579291],[-5.714223,57.582709],[-5.731679,57.598293],[-5.744252,57.617987],[-5.762807,57.633979],[-5.778147,57.637437],[-5.793609,57.638577],[-5.805898,57.642646],[-5.811187,57.655097],[-5.805409,57.667182],[-5.785024,57.679511],[-5.790761,57.688544],[-5.790761,57.69599],[-5.75357,57.707465],[-5.734486,57.707953],[-5.704986,57.690131],[-5.692494,57.691067],[-5.681956,57.698717],[-5.674062,57.709662],[-5.68517,57.711412],[-5.692291,57.716498],[-5.698842,57.72309],[-5.708852,57.72956],[-5.72053,57.733385],[-5.803822,57.743842],[-5.806956,57.754625],[-5.802073,57.780585],[-5.803822,57.792222],[-5.801259,57.800442],[-5.809926,57.820624],[-5.811187,57.833197],[-5.807362,57.84394],[-5.799957,57.853705],[-5.78954,57.862006],[-5.776519,57.867906],[-5.751129,57.873358],[-5.724762,57.873521],[-5.698638,57.869086],[-5.674062,57.8605],[-5.677887,57.84691],[-5.674794,57.827094],[-5.667958,57.806952],[-5.66039,57.792222],[-5.650543,57.781806],[-5.637359,57.774237],[-5.622141,57.770209],[-5.605784,57.770494],[-5.613271,57.775214],[-5.617909,57.780219],[-5.6256,57.792222],[-5.613026,57.792629],[-5.603261,57.791083],[-5.584625,57.784817],[-5.591176,57.804429],[-5.587026,57.81859],[-5.585276,57.831448],[-5.598988,57.846869],[-5.637563,57.86636],[-5.65038,57.877753],[-5.639963,57.887844],[-5.647694,57.888983],[-5.650787,57.890815],[-5.653554,57.89468],[-5.643951,57.904202],[-5.620758,57.920885],[-5.61262,57.928778],[-5.598215,57.919013],[-5.58731,57.915107],[-5.550526,57.915107],[-5.556264,57.887763],[-5.527903,57.86758],[-5.48705,57.855862],[-5.454986,57.853705],[-5.461171,57.8605],[-5.449045,57.869127],[-5.437123,57.89765],[-5.427642,57.908271],[-5.414906,57.908149],[-5.369496,57.897528],[-5.355621,57.891262],[-5.327504,57.873277],[-5.293853,57.862047],[-5.221588,57.846869],[-5.236318,57.860785],[-5.247548,57.867011],[-5.276763,57.874172],[-5.320668,57.898505],[-5.384918,57.91413],[-5.392893,57.918199],[-5.394399,57.923896],[-5.39684,57.926215],[-5.397328,57.9289],[-5.392893,57.935614],[-5.386545,57.936428],[-5.378977,57.93183],[-5.371734,57.931057],[-5.3662,57.943061],[-5.347157,57.936713],[-5.319163,57.91474],[-5.297353,57.908271],[-5.286,57.908759],[-5.266957,57.914008],[-5.256256,57.915107],[-5.243642,57.912909],[-5.221018,57.904039],[-5.211293,57.902086],[-5.198801,57.897773],[-5.162262,57.878485],[-5.119985,57.867987],[-5.091135,57.840318],[-5.07079,57.833197],[-5.076487,57.838528],[-5.083404,57.847561],[-5.089345,57.857245],[-5.091868,57.864203],[-5.097157,57.870917],[-5.197255,57.917873],[-5.221588,57.921332],[-5.221588,57.928778],[-5.201894,57.928656],[-5.193959,57.935981],[-5.195546,57.947659],[-5.204498,57.96015],[-5.216705,57.965888],[-5.248891,57.969387],[-5.263173,57.976549],[-5.292633,57.980618],[-5.333892,58.008531],[-5.359364,58.011379],[-5.357167,58.014065],[-5.356679,58.014879],[-5.351918,58.017524],[-5.366933,58.028876],[-5.386586,58.032538],[-5.427642,58.031195],[-5.424306,58.035549],[-5.422353,58.038967],[-5.419586,58.04206],[-5.41393,58.045478],[-5.41393,58.052314],[-5.447011,58.084377],[-5.42809,58.097968],[-5.390045,58.09219],[-5.3662,58.065985],[-5.344309,58.075507],[-5.322865,58.071723],[-5.300771,58.070136],[-5.276763,58.086412],[-5.28307,58.086412],[-5.278066,58.096259],[-5.278798,58.105373],[-5.283559,58.113471],[-5.290517,58.120551],[-5.276763,58.120551],[-5.276763,58.127387],[-5.297353,58.134833],[-5.284088,58.140082],[-5.255523,58.143785],[-5.242055,58.147895],[-5.242055,58.155341],[-5.275054,58.154527],[-5.290842,58.156317],[-5.304799,58.162095],[-5.297353,58.168402],[-5.304799,58.173326],[-5.313059,58.177314],[-5.321889,58.180243],[-5.331451,58.182034],[-5.329335,58.186713],[-5.326161,58.198432],[-5.323964,58.203111],[-5.336822,58.203192],[-5.346791,58.206855],[-5.392893,58.244696],[-5.392079,58.261379],[-5.375885,58.264228],[-5.352895,58.258938],[-5.31078,58.243394],[-5.293853,58.240912],[-5.276967,58.243394],[-5.237294,58.257636],[-5.216054,58.26142],[-5.194325,58.259996],[-5.173207,58.250922],[-5.165639,58.258246],[-5.152252,58.264838],[-5.138336,58.269599],[-5.129384,58.271389],[-5.111562,58.268256],[-5.081288,58.254096],[-5.067698,58.250922],[-5.01773,58.253241],[-5.002431,58.250922],[-4.933583,58.223049],[-4.94343,58.233588],[-4.954823,58.239814],[-4.982004,58.250922],[-4.968861,58.256781],[-4.940338,58.259467],[-4.926747,58.264594],[-4.990224,58.27143],[-5.009918,58.271389],[-5.018056,58.268622],[-5.029368,58.259711],[-5.040028,58.257758],[-5.05012,58.259914],[-5.070709,58.269232],[-5.081654,58.271389],[-5.096425,58.27676],[-5.125966,58.300198],[-5.13622,58.305569],[-5.137441,58.309272],[-5.156361,58.324612],[-5.160146,58.326606],[-5.167795,58.33926],[-5.17101,58.346666],[-5.173207,58.353949],[-5.15331,58.353949],[-5.163401,58.364569],[-5.162913,58.374498],[-5.155914,58.384467],[-5.146474,58.394965],[-5.145497,58.400051],[-5.146718,58.406643],[-5.14684,58.412421],[-5.143056,58.414781],[-5.135487,58.413764],[-5.122222,58.409573],[-5.116038,58.408596],[-5.057973,58.387274],[-5.016184,58.388129],[-5.043935,58.400092],[-5.053375,58.406643],[-5.050282,58.414781],[-5.057037,58.422187],[-5.066151,58.417141],[-5.076161,58.414496],[-5.086822,58.413886],[-5.098053,58.414781],[-5.098053,58.422187],[-5.088124,58.421942],[-5.085032,58.422187],[-5.085032,58.429023],[-5.091786,58.429755],[-5.096018,58.431464],[-5.10554,58.43651],[-5.05012,58.453803],[-5.025543,58.447699],[-4.995595,58.43651],[-5.10554,58.487372],[-5.105621,58.505561],[-5.103668,58.514228],[-5.095855,58.518866],[-5.042795,58.535468],[-5.027984,58.544094],[-5.016184,58.559394],[-5.022939,58.559394],[-5.015207,58.580064],[-5.011586,58.600572],[-5.004954,58.617743],[-4.988189,58.628323],[-4.859486,58.613227],[-4.835927,58.605048],[-4.818105,58.592922],[-4.817942,58.587592],[-4.812815,58.571967],[-4.806752,58.558417],[-4.803822,58.559394],[-4.804596,58.548326],[-4.80724,58.539618],[-4.811635,58.53205],[-4.818105,58.524644],[-4.799794,58.532457],[-4.791819,58.541653],[-4.789906,58.551744],[-4.790151,58.562486],[-4.785756,58.577053],[-4.777089,58.583319],[-4.771596,58.590399],[-4.776519,58.607164],[-4.75886,58.599107],[-4.728017,58.57746],[-4.711334,58.573065],[-4.683258,58.56151],[-4.6704,58.559394],[-4.660024,58.555854],[-4.659291,58.547553],[-4.663238,58.538398],[-4.667307,58.53205],[-4.679026,58.523912],[-4.714467,58.505601],[-4.732411,58.480455],[-4.751536,58.461615],[-4.760976,58.447984],[-4.742421,58.44953],[-4.682973,58.484565],[-4.673451,58.487372],[-4.66686,58.502916],[-4.650502,58.509955],[-4.630442,58.51496],[-4.612131,58.524644],[-4.601064,58.541938],[-4.595123,58.560004],[-4.58495,58.574164],[-4.560536,58.579901],[-4.517486,58.575507],[-4.475494,58.565619],[-4.426503,58.546373],[-4.426503,58.538886],[-4.427887,58.535305],[-4.4287,58.534735],[-4.426503,58.524644],[-4.449941,58.510199],[-4.464752,58.492011],[-4.477651,58.47134],[-4.495351,58.44953],[-4.478098,58.453559],[-4.461171,58.46247],[-4.433909,58.483629],[-4.432729,58.487616],[-4.43399,58.492377],[-4.434234,58.496283],[-4.430165,58.497992],[-4.425933,58.499091],[-4.385365,58.522406],[-4.382395,58.524644],[-4.343861,58.538886],[-4.317006,58.545722],[-4.306996,58.546373],[-4.28718,58.542914],[-4.257314,58.527981],[-4.234731,58.524644],[-4.248931,58.53205],[-4.238189,58.536444],[-4.232249,58.542426],[-4.227691,58.548163],[-4.221018,58.551947],[-4.209706,58.552924],[-4.190785,58.547838],[-4.176991,58.546373],[-4.168202,58.549384],[-4.160553,58.562567],[-4.149322,58.565619],[-4.111195,58.565619],[-4.09024,58.562079],[-4.081451,58.561835],[-4.070221,58.565619],[-4.061513,58.572821],[-4.048818,58.589586],[-4.039784,58.592922],[-4.030629,58.594062],[-4.029042,58.59516],[-4.027821,58.592719],[-4.009267,58.57331],[-4.003774,58.570624],[-3.981435,58.573065],[-3.895741,58.565619],[-3.810129,58.573065],[-3.766957,58.583726],[-3.698354,58.611151],[-3.659901,58.620836],[-3.597564,58.627143],[-3.5655,58.626614],[-3.542592,58.620836],[-3.55248,58.615465],[-3.556264,58.614],[-3.532053,58.602118],[-3.504018,58.603339],[-3.447011,58.614],[-3.391469,58.600653],[-3.364084,58.600816],[-3.350819,58.620836],[-3.367747,58.624701],[-3.386057,58.631741],[-3.402252,58.642035],[-3.412913,58.655585],[-3.390045,58.67178],[-3.374867,58.677069],[-3.358266,58.675482],[-3.35436,58.670152],[-3.351796,58.660834],[-3.34789,58.652045],[-3.340566,58.648139],[-3.309885,58.648139],[-3.244252,58.659003],[-3.204091,58.661119],[-3.151926,58.641262],[-3.118764,58.641099],[-3.052887,58.648139],[-3.019114,58.640326],[-3.02538,58.622138],[-3.044423,58.60163],[-3.049184,58.586737],[-3.060455,58.578437],[-3.075429,58.56037],[-3.084543,58.551947],[-3.110748,58.538642],[-3.118031,58.53205],[-3.129262,58.512641],[-3.129303,58.496405],[-3.118723,58.484442],[-3.097524,58.477484],[-3.085072,58.478258],[-3.073964,58.481676],[-3.064443,58.482978],[-3.05663,58.477484],[-3.053334,58.465766],[-3.057729,58.456855],[-3.066762,58.451158],[-3.077056,58.44953],[-3.086334,58.414211],[-3.129791,58.369289],[-3.182769,58.328437],[-3.22053,58.305569],[-3.262278,58.292629],[-3.349843,58.276109],[-3.384999,58.264594],[-3.4381,58.236029],[-3.447011,58.226752],[-3.454742,58.21015],[-3.473459,58.193427],[-3.515289,58.168402],[-3.735015,58.07217],[-3.809193,58.051907],[-3.827504,58.04206],[-3.836252,58.03144],[-3.846099,58.011176],[-3.851715,58.003892],[-3.860585,57.998928],[-3.88561,57.9914],[-3.917307,57.987454],[-3.981435,57.963568],[-3.990956,57.960395],[-3.99767,57.954413],[-4.001373,57.946112],[-4.001943,57.935614],[-4.0183,57.940619],[-4.023061,57.943061],[-4.016184,57.949286],[-4.030141,57.953192],[-4.055776,57.954983],[-4.084381,57.964179],[-4.089101,57.96015],[-4.086334,57.95189],[-4.077626,57.943061],[-4.062652,57.936957],[-4.031484,57.936184],[-4.016184,57.932196],[-4.009429,57.92768],[-3.988271,57.908271],[-4.008941,57.889594],[-4.013824,57.87934],[-4.009348,57.867906],[-4.025136,57.868069],[-4.05484,57.874335],[-4.070221,57.874172],[-4.079335,57.870266],[-4.096913,57.857367],[-4.10497,57.853705],[-4.132924,57.854153],[-4.190419,57.870063],[-4.21817,57.874172],[-4.298899,57.862779],[-4.320953,57.871039],[-4.353179,57.895209],[-4.372304,57.904486],[-4.392405,57.908271],[-4.339589,57.865709],[-4.307729,57.851467],[-4.269399,57.846869],[-4.229075,57.857245],[-4.208241,57.859198],[-4.190582,57.850287],[-4.173451,57.839016],[-4.149729,57.82982],[-4.133453,57.830146],[-4.139068,57.846869],[-4.075063,57.823188],[-4.039906,57.818183],[-3.98351,57.842353],[-3.951487,57.838324],[-3.933705,57.82567],[-3.947336,57.81269],[-3.914784,57.807685],[-3.877675,57.816718],[-3.841868,57.834906],[-3.813547,57.857123],[-3.798451,57.866523],[-3.786041,57.865424],[-3.779449,57.855658],[-3.782216,57.839423],[-3.790028,57.830715],[-3.926015,57.734809],[-3.948842,57.724921],[-3.975209,57.703274],[-3.988271,57.69599],[-4.008046,57.693793],[-4.023671,57.697821],[-4.028635,57.707709],[-4.016184,57.723334],[-4.042958,57.737291],[-4.077952,57.730292],[-4.155344,57.692572],[-4.168568,57.689439],[-4.194,57.688544],[-4.259267,57.678697],[-4.277821,57.680609],[-4.294789,57.680162],[-4.302154,57.668606],[-4.308827,57.654853],[-4.324045,57.648261],[-4.338206,57.645087],[-4.403188,57.609524],[-4.41218,57.602973],[-4.420318,57.592963],[-4.428456,57.577541],[-4.423451,57.576809],[-4.409901,57.582465],[-4.379872,57.589342],[-4.365102,57.597235],[-4.351064,57.607367],[-4.34081,57.617174],[-4.328725,57.626288],[-4.283111,57.641425],[-4.244537,57.663031],[-4.201894,57.674994],[-4.193756,57.675523],[-4.18224,57.672797],[-4.169016,57.663764],[-4.118723,57.657701],[-4.096791,57.658108],[-4.080719,57.664984],[-4.068105,57.672309],[-4.024648,57.687201],[-4.009348,57.688544],[-4.004506,57.675971],[-4.025258,57.655219],[-4.054189,57.635728],[-4.083404,57.623358],[-4.11856,57.592963],[-4.115468,57.587836],[-4.112294,57.584133],[-4.108876,57.581448],[-4.10497,57.579291],[-4.151357,57.57685],[-4.170644,57.570746],[-4.187489,57.558824],[-4.17809,57.549547],[-4.184926,57.548163],[-4.207997,57.552069],[-4.262603,57.552069],[-4.262603,57.544582],[-4.233957,57.545111],[-4.220286,57.543402],[-4.207997,57.538398],[-4.226308,57.515448],[-4.237457,57.505316],[-4.248931,57.497463],[-4.212799,57.492174],[-4.194814,57.491604],[-4.173899,57.497463],[-4.157623,57.50849],[-4.150054,57.515041],[-4.149322,57.51789],[-4.12678,57.518866],[-4.1162,57.521796],[-4.097524,57.536689],[-4.082997,57.54442],[-4.067291,57.549954],[-4.053131,57.552069],[-4.034983,57.556871],[-4.046457,57.567857],[-4.083852,57.586127],[-4.05602,57.58515],[-3.964345,57.592963],[-3.868276,57.587877],[-3.837473,57.592963],[-3.684804,57.654446],[-3.625152,57.661933],[-3.632558,57.650946],[-3.637685,57.646226],[-3.645619,57.641425],[-3.632476,57.635647],[-3.619618,57.636217],[-3.606068,57.639472],[-3.590972,57.641425],[-3.611562,57.668118],[-3.574778,57.661119],[-3.554921,57.659857],[-3.535756,57.661933],[-3.521474,57.667792],[-3.505442,57.678656],[-3.495961,57.691352],[-3.501698,57.702826],[-3.491851,57.713121],[-3.482818,57.714016],[-3.473053,57.711005],[-3.460683,57.709662],[-3.447865,57.71247],[-3.421254,57.721381],[-3.409169,57.723334],[-3.284739,57.720445],[-3.210072,57.693996],[-3.078684,57.66942],[-3.034901,57.668606],[-2.994496,57.675523],[-2.932688,57.699612],[-2.916086,57.702826],[-2.758046,57.702826],[-2.75121,57.700629],[-2.741119,57.690863],[-2.731068,57.688544],[-2.719879,57.690619],[-2.711537,57.693996],[-2.703521,57.694729],[-2.692942,57.688544],[-2.658925,57.697455],[-2.573394,57.681464],[-2.541982,57.682359],[-2.526112,57.668606],[-2.518137,57.670111],[-2.511057,57.677802],[-2.497955,57.682359],[-2.480051,57.68122],[-2.432851,57.668118],[-2.425526,57.675727],[-2.417795,57.674262],[-2.408762,57.669623],[-2.398061,57.668118],[-2.386586,57.671576],[-2.369496,57.680569],[-2.360504,57.682359],[-2.341054,57.675849],[-2.328969,57.674058],[-2.323598,57.678941],[-2.320546,57.684556],[-2.313385,57.689927],[-2.304067,57.693996],[-2.295644,57.69599],[-2.274322,57.693834],[-2.230133,57.679145],[-2.20995,57.675523],[-2.184071,57.678453],[-2.124338,57.702826],[-2.108144,57.704983],[-1.99767,57.702826],[-1.996938,57.699042],[-1.990834,57.690375],[-1.982167,57.681098],[-1.9735,57.675523],[-1.961293,57.674709],[-1.944732,57.682563],[-1.932485,57.682359],[-1.925689,57.678168],[-1.914215,57.66474],[-1.829457,57.613471],[-1.820465,57.59634],[-1.817006,57.578192],[-1.811391,57.560492],[-1.79601,57.544582],[-1.79601,57.538398],[-1.800038,57.525865],[-1.78954,57.514838],[-1.761138,57.497463],[-1.77538,57.496527],[-1.782135,57.489],[-1.781239,57.480414],[-1.771718,57.476264],[-1.759348,57.473578],[-1.76594,57.467434],[-1.789174,57.456448],[-1.830149,57.426174],[-1.847483,57.408149],[-1.849965,57.394355],[-1.954498,57.341132],[-1.980295,57.319281],[-2.044667,57.226508],[-2.068512,57.174628],[-2.074127,57.154202],[-2.071401,57.135565],[-2.052358,57.127427],[-2.049306,57.118842],[-2.065256,57.100531],[-2.065826,57.09984],[-2.156158,57.020697],[-2.18692,56.984687],[-2.200103,56.948717],[-2.197133,56.940253],[-2.191233,56.934149],[-2.186269,56.926744],[-2.186391,56.914537],[-2.191314,56.908922],[-2.209706,56.895819],[-2.213694,56.890692],[-2.219879,56.872626],[-2.234609,56.861396],[-2.268951,56.84634],[-2.295806,56.825263],[-2.319814,56.801581],[-2.33609,56.790839],[-2.391835,56.771186],[-2.408681,56.762926],[-2.426422,56.751288],[-2.435943,56.740383],[-2.440745,56.734849],[-2.45165,56.690985],[-2.463735,56.678778],[-2.477406,56.668687],[-2.487457,56.653876],[-2.487538,56.646064],[-2.481272,56.632392],[-2.480621,56.626532],[-2.486195,56.619574],[-2.504058,56.608832],[-2.514556,56.591498],[-2.530019,56.580756],[-2.623769,56.543402],[-2.64094,56.522366],[-2.661366,56.514228],[-2.699778,56.503648],[-2.70873,56.495998],[-2.727651,56.46955],[-2.737294,56.467027],[-2.744374,56.46955],[-2.752309,56.473619],[-2.764801,56.475735],[-2.819325,56.4713],[-3.055653,56.452135],[-3.060618,56.451728],[-3.099273,56.441881],[-3.133901,56.426947],[-3.238189,56.367743],[-3.280181,56.357896],[-3.323476,56.365912],[-3.311513,56.356513],[-3.294016,56.352769],[-3.251536,56.352851],[-3.230621,56.356024],[-3.188385,56.370185],[-3.149566,56.375556],[-2.950266,56.431871],[-2.939931,56.438544],[-2.930653,56.448065],[-2.909088,56.455715],[-2.884999,56.457994],[-2.867909,56.45185],[-2.850087,56.442043],[-2.814768,56.440416],[-2.802805,56.427965],[-2.800893,56.408922],[-2.808258,56.391059],[-2.821604,56.376166],[-2.837554,56.365912],[-2.812978,56.365912],[-2.809193,56.36286],[-2.804758,56.349107],[-2.802805,56.345404],[-2.791493,56.342475],[-2.782623,56.34162],[-2.775258,56.339423],[-2.768625,56.332343],[-2.677154,56.328437],[-2.655263,56.32217],[-2.621205,56.304429],[-2.613189,56.301907],[-2.576812,56.283922],[-2.576812,56.277777],[-2.630116,56.248521],[-2.648346,56.228705],[-2.672027,56.222398],[-2.720204,56.216295],[-2.783599,56.191962],[-2.806142,56.188381],[-2.830719,56.190741],[-2.892079,56.208889],[-2.940053,56.209418],[-2.964345,56.205634],[-2.97468,56.19831],[-2.982411,56.189114],[-3.035553,56.167914],[-3.091054,56.13227],[-3.107533,56.126899],[-3.127553,56.12287],[-3.138295,56.112209],[-3.152252,56.078518],[-3.163564,56.06387],[-3.178375,56.058092],[-3.248443,56.055976],[-3.268381,56.05093],[-3.303049,56.037543],[-3.342681,56.027167],[-3.381825,56.023383],[-3.420969,56.024888],[-3.58259,56.051744],[-3.671498,56.050849],[-3.710032,56.058092],[-3.745432,56.072211],[-3.74649,56.072781],[-3.782216,56.09219],[-3.803131,56.107123],[-3.817006,56.11225],[-3.837473,56.112616],[-3.837473,56.106431],[-3.777699,56.082831],[-3.769154,56.075141],[-3.760854,56.072455],[-3.72643,56.038031],[-3.721425,56.030707],[-3.712636,56.028998],[-3.693471,56.031155],[-3.686635,56.030707],[-3.679555,56.025458],[-3.674794,56.018704],[-3.668284,56.012763],[-3.656239,56.010199],[-3.599721,56.017239],[-3.577382,56.017035],[-3.405426,55.989732],[-3.358266,55.989732],[-3.340891,55.994452],[-3.331044,55.994086],[-3.320424,55.986029],[-3.303456,55.977607],[-3.121816,55.969306],[-3.114735,55.966132],[-3.096832,55.951972],[-3.090728,55.948188],[-3.078236,55.946845],[-3.015696,55.950507],[-2.939931,55.969306],[-2.916656,55.980618],[-2.900054,55.996161],[-2.882883,56.00849],[-2.857981,56.010199],[-2.863637,56.022284],[-2.866322,56.02676],[-2.870961,56.030707],[-2.852773,56.039781],[-2.82315,56.05976],[-2.802805,56.064846],[-2.635121,56.058051],[-2.615956,56.053168],[-2.587554,56.030951],[-2.569407,56.024482],[-2.578359,56.008002],[-2.583648,56.002753],[-2.569569,55.999945],[-2.544057,56.002672],[-2.528961,55.996568],[-2.52481,56.000556],[-2.514556,56.005764],[-2.507924,56.010199],[-2.493276,56.001532],[-2.452504,55.985256],[-2.414377,55.978339],[-2.350942,55.948188],[-2.307769,55.935004],[-2.14684,55.917304],[-2.13801,55.914618],[-2.132558,55.90644],[-2.131093,55.897203],[-2.128774,55.889797],[-2.120961,55.886705],[-2.099477,55.881781],[-2.08019,55.869371],[-2.022857,55.805487]]],[[[-5.07079,55.509345],[-5.093007,55.500434],[-5.091054,55.487291],[-5.0808,55.471666],[-5.078236,55.455308],[-5.09203,55.446112],[-5.117787,55.439765],[-5.163564,55.434882],[-5.217356,55.437974],[-5.263092,55.447211],[-5.304677,55.462144],[-5.345693,55.482652],[-5.345693,55.489447],[-5.346181,55.496039],[-5.355336,55.522895],[-5.359364,55.530463],[-5.359364,55.537299],[-5.354237,55.539781],[-5.352284,55.542304],[-5.350413,55.545478],[-5.345693,55.550279],[-5.370432,55.570258],[-5.389068,55.590237],[-5.397857,55.614203],[-5.392893,55.646552],[-5.379384,55.668118],[-5.355214,55.689602],[-5.32433,55.705024],[-5.290517,55.708564],[-5.292592,55.711982],[-5.295155,55.719428],[-5.297353,55.722846],[-5.271352,55.723822],[-5.263173,55.722846],[-5.198313,55.704332],[-5.180653,55.694892],[-5.159983,55.676215],[-5.145985,55.654975],[-5.125966,55.605536],[-5.137441,55.592027],[-5.094228,55.566555],[-5.091868,55.544135],[-5.101674,55.540717],[-5.116038,55.540432],[-5.125234,55.536933],[-5.11974,55.523627],[-5.111562,55.519924],[-5.07079,55.509345]]],[[[-5.029775,55.749498],[-5.019032,55.745307],[-5.011342,55.737698],[-5.009389,55.729315],[-5.016184,55.722846],[-5.028798,55.723334],[-5.038482,55.731879],[-5.050282,55.749498],[-5.11559,55.784369],[-5.125966,55.801011],[-5.137563,55.829047],[-5.139638,55.841986],[-5.174224,55.855373],[-5.180653,55.862779],[-5.188588,55.878119],[-5.200795,55.895494],[-5.199534,55.911078],[-5.1669,55.920844],[-5.135976,55.905951],[-5.10554,55.886705],[-5.096506,55.883531],[-5.087636,55.882636],[-5.080922,55.879584],[-5.075185,55.85692],[-5.068023,55.852118],[-5.058827,55.850165],[-5.050282,55.845771],[-5.038075,55.832424],[-5.02892,55.819281],[-5.02184,55.805609],[-5.011464,55.774482],[-5.012766,55.768378],[-5.019195,55.76317],[-5.029775,55.749498]]],[[[-6.030385,55.729071],[-6.032786,55.717678],[-6.032338,55.706366],[-6.029286,55.696234],[-6.023508,55.688137],[-6.023508,55.681871],[-6.03539,55.678453],[-6.045725,55.674262],[-6.053619,55.668362],[-6.058258,55.660142],[-6.064443,55.667629],[-6.082428,55.652086],[-6.105458,55.640204],[-6.131907,55.631822],[-6.160024,55.626654],[-6.202545,55.630561],[-6.215321,55.626654],[-6.222768,55.605536],[-6.226959,55.601752],[-6.236562,55.595608],[-6.261871,55.583808],[-6.287343,55.578437],[-6.311187,55.583238],[-6.325185,55.605536],[-6.319244,55.628241],[-6.297475,55.642483],[-6.243235,55.660142],[-6.264801,55.695502],[-6.277089,55.704006],[-6.316762,55.715074],[-6.325185,55.715399],[-6.320953,55.733466],[-6.295522,55.751899],[-6.249989,55.776842],[-6.271799,55.783026],[-6.300445,55.785793],[-6.328725,55.783149],[-6.349029,55.773424],[-6.372548,55.738715],[-6.386586,55.722317],[-6.418568,55.709621],[-6.450307,55.682563],[-6.462961,55.674465],[-6.490956,55.67182],[-6.503529,55.681342],[-6.502431,55.697659],[-6.489654,55.715399],[-6.4947,55.717231],[-6.498606,55.721137],[-6.503896,55.722846],[-6.493235,55.739244],[-6.448638,55.776842],[-6.482167,55.790473],[-6.469065,55.796942],[-6.460805,55.803209],[-6.456654,55.812649],[-6.455474,55.828355],[-6.452789,55.840888],[-6.445221,55.848822],[-6.409088,55.863593],[-6.354482,55.877427],[-6.342641,55.884914],[-6.33137,55.88996],[-6.318349,55.886705],[-6.325917,55.880357],[-6.338206,55.851996],[-6.338206,55.845771],[-6.330719,55.827826],[-6.323232,55.820502],[-6.310902,55.818427],[-6.310902,55.825263],[-6.31843,55.844916],[-6.296986,55.867174],[-6.264801,55.885403],[-6.229075,55.897284],[-6.204254,55.916571],[-6.191396,55.920844],[-6.177154,55.923082],[-6.162221,55.928453],[-6.149078,55.935207],[-6.140126,55.941352],[-6.130116,55.939399],[-6.123687,55.935492],[-6.120229,55.929429],[-6.115956,55.886786],[-6.102366,55.831244],[-6.099233,55.801011],[-6.093088,55.791693],[-6.079091,55.78148],[-6.063954,55.773383],[-6.054555,55.770006],[-6.049794,55.766343],[-6.052317,55.758043],[-6.056874,55.748847],[-6.058258,55.742743],[-6.053212,55.737291],[-6.04662,55.733547],[-6.030385,55.729071]]],[[[-6.205719,56.102729],[-6.198232,56.106269],[-6.182607,56.102607],[-6.174306,56.106431],[-6.177398,56.110256],[-6.179026,56.112942],[-6.181793,56.119452],[-6.164947,56.120795],[-6.149403,56.124945],[-6.13801,56.124701],[-6.133372,56.112616],[-6.165639,56.081488],[-6.177154,56.061469],[-6.174306,56.043769],[-6.194325,56.035305],[-6.221669,56.030829],[-6.249176,56.031317],[-6.269887,56.037543],[-6.254303,56.044623],[-6.246816,56.056138],[-6.241689,56.069485],[-6.232655,56.08161],[-6.211741,56.096991],[-6.205719,56.102729]]],[[[-5.797597,56.112616],[-5.74649,56.14175],[-5.715932,56.153144],[-5.694488,56.147406],[-5.690826,56.137844],[-5.687978,56.124091],[-5.68932,56.111762],[-5.705068,56.103013],[-5.720123,56.088121],[-5.740224,56.076483],[-5.780181,56.020738],[-5.864491,55.926744],[-5.886342,55.886705],[-5.89684,55.888902],[-5.921539,55.871283],[-5.93814,55.866278],[-5.945424,55.858588],[-5.955393,55.820054],[-5.962066,55.804755],[-5.987538,55.794623],[-6.026601,55.796088],[-6.062408,55.809475],[-6.078114,55.834906],[-6.086903,55.882961],[-6.08495,55.900336],[-6.075185,55.915961],[-6.06017,55.922919],[-6.043121,55.927965],[-6.026967,55.937934],[-5.997426,55.951728],[-5.919057,55.960395],[-5.886342,55.976142],[-5.910024,55.976508],[-5.946848,55.970649],[-5.980702,55.969916],[-5.995595,55.986029],[-5.983266,56.008857],[-5.95519,56.034735],[-5.924428,56.055976],[-5.903961,56.064846],[-5.873687,56.070136],[-5.797597,56.112616]]],[[[-5.688303,56.202053],[-5.680898,56.194566],[-5.673655,56.178941],[-5.694203,56.168606],[-5.725209,56.162828],[-5.749135,56.161078],[-5.738352,56.177476],[-5.722239,56.187079],[-5.688303,56.202053]]],[[[-5.633127,56.263495],[-5.627838,56.259996],[-5.622955,56.257636],[-5.618031,56.258124],[-5.61262,56.263495],[-5.610585,56.249416],[-5.618153,56.235053],[-5.628163,56.220526],[-5.637441,56.189276],[-5.647572,56.19538],[-5.666656,56.22248],[-5.656402,56.232001],[-5.645334,56.255927],[-5.633127,56.263495]]],[[[-5.633127,56.318752],[-5.620758,56.324205],[-5.59789,56.321845],[-5.584625,56.325588],[-5.590443,56.313625],[-5.599965,56.305487],[-5.605336,56.296942],[-5.598988,56.283922],[-5.621693,56.276068],[-5.640289,56.282782],[-5.646718,56.298774],[-5.633127,56.318752]]],[[[-5.557973,56.414293],[-5.526519,56.41356],[-5.512359,56.415432],[-5.502756,56.421129],[-5.518056,56.403876],[-5.536204,56.392239],[-5.557973,56.386461],[-5.584625,56.38703],[-5.579823,56.39643],[-5.573964,56.402899],[-5.557973,56.414293]]],[[[-6.160024,56.46955],[-6.212473,56.467841],[-6.237457,56.470038],[-6.263661,56.483222],[-6.253245,56.492865],[-6.242055,56.499579],[-6.229604,56.503323],[-6.215321,56.503648],[-6.200754,56.49494],[-6.170562,56.481147],[-6.160024,56.46955]]],[[[-6.818593,56.537828],[-6.767201,56.54857],[-6.741851,56.547838],[-6.729237,56.530341],[-6.743316,56.517808],[-6.803822,56.513617],[-6.805572,56.496894],[-6.82551,56.487291],[-6.847727,56.484809],[-6.869293,56.479641],[-6.887522,56.462104],[-6.881581,56.444281],[-6.902455,56.443752],[-6.965199,56.459866],[-6.973988,56.471503],[-6.979726,56.487128],[-6.989898,56.503648],[-6.968129,56.510484],[-6.900502,56.516669],[-6.878082,56.521308],[-6.841135,56.534735],[-6.818593,56.537828]]],[[[-5.688303,56.434801],[-5.679555,56.427965],[-5.664947,56.413886],[-5.657623,56.400092],[-5.670318,56.393785],[-5.703033,56.393378],[-5.717437,56.397366],[-5.715647,56.408108],[-5.721669,56.41234],[-5.727895,56.414293],[-5.73469,56.414781],[-5.74234,56.414293],[-5.739084,56.40119],[-5.751088,56.38939],[-5.783925,56.373358],[-5.783925,56.365912],[-5.767974,56.372748],[-5.749989,56.377143],[-5.712229,56.380194],[-5.695953,56.375434],[-5.702707,56.364569],[-5.71996,56.352769],[-5.808705,56.318915],[-5.848215,56.313625],[-5.880116,56.325588],[-5.873687,56.328559],[-5.862701,56.33515],[-5.853505,56.343695],[-5.852203,56.352851],[-5.860422,56.358344],[-5.87267,56.357733],[-5.897206,56.352851],[-5.902333,56.349677],[-5.907786,56.342597],[-5.914784,56.335517],[-5.924184,56.332343],[-5.957875,56.32807],[-6.037465,56.305243],[-6.054555,56.294501],[-6.065989,56.289211],[-6.078521,56.291083],[-6.090932,56.295722],[-6.102366,56.298245],[-6.112538,56.29621],[-6.136301,56.286933],[-6.146962,56.283922],[-6.239817,56.283922],[-6.245758,56.280748],[-6.250356,56.273749],[-6.256459,56.266669],[-6.266835,56.263495],[-6.279286,56.264106],[-6.300038,56.268012],[-6.327504,56.277248],[-6.345611,56.288316],[-6.360178,56.303616],[-6.366119,56.32217],[-6.357004,56.33633],[-6.335439,56.34455],[-6.310292,56.347357],[-6.290395,56.345404],[-6.274526,56.334866],[-6.26122,56.320299],[-6.247222,56.311672],[-6.228912,56.318752],[-6.228912,56.325588],[-6.236806,56.326606],[-6.241119,56.328274],[-6.244537,56.330268],[-6.249989,56.332343],[-6.23176,56.3369],[-6.186635,56.331244],[-6.170888,56.335761],[-6.15392,56.344794],[-6.08495,56.352851],[-6.039906,56.371039],[-6.020823,56.382025],[-6.026967,56.38703],[-6.046946,56.383979],[-6.105458,56.365912],[-6.154042,56.358954],[-6.178944,56.359931],[-6.198557,56.369615],[-6.203236,56.380316],[-6.198842,56.390326],[-6.189198,56.397773],[-6.178049,56.400621],[-6.164784,56.402533],[-6.157216,56.407375],[-6.142649,56.427965],[-6.139638,56.435248],[-6.135121,56.442328],[-6.126536,56.448432],[-6.116933,56.450385],[-6.081532,56.448432],[-6.02184,56.464097],[-6.009836,56.46955],[-6.004018,56.479682],[-6.003285,56.489407],[-6.007476,56.497626],[-6.016672,56.503648],[-6.081125,56.485053],[-6.102366,56.483222],[-6.109975,56.480699],[-6.118479,56.476264],[-6.127431,56.474351],[-6.13679,56.479438],[-6.153066,56.500067],[-6.162099,56.509223],[-6.174306,56.516669],[-6.194936,56.523342],[-6.288482,56.532294],[-6.307729,56.537299],[-6.32433,56.544257],[-6.338206,56.552069],[-6.290395,56.571967],[-6.298695,56.581244],[-6.319203,56.59398],[-6.325185,56.606106],[-6.288442,56.607978],[-6.272125,56.612209],[-6.256256,56.620347],[-6.247426,56.612616],[-6.238637,56.608588],[-6.230214,56.608588],[-6.222768,56.612942],[-6.220286,56.63227],[-6.190745,56.644924],[-6.151275,56.651801],[-6.119049,56.653876],[-6.105336,56.648505],[-6.058258,56.640204],[-6.059926,56.635688],[-6.062652,56.624823],[-6.064443,56.620347],[-6.033518,56.618842],[-6.008778,56.5987],[-5.968251,56.544664],[-5.965199,56.537665],[-5.965159,56.531073],[-5.962554,56.526109],[-5.952138,56.524156],[-5.852203,56.524156],[-5.844146,56.520575],[-5.836903,56.514635],[-5.829457,56.51081],[-5.814036,56.516669],[-5.804189,56.517768],[-5.794342,56.516669],[-5.787343,56.513617],[-5.765207,56.494208],[-5.756663,56.490058],[-5.746938,56.48843],[-5.728424,56.49018],[-5.721832,56.490058],[-5.710357,56.484849],[-5.696767,56.475653],[-5.685536,56.464057],[-5.680898,56.45185],[-5.673451,56.449693],[-5.658844,56.451728],[-5.648427,56.44774],[-5.653554,56.427965],[-5.661855,56.431383],[-5.670033,56.433092],[-5.688303,56.434801]]],[[[-6.459218,56.678127],[-6.468739,56.668158],[-6.482533,56.647895],[-6.489654,56.640204],[-6.497222,56.634345],[-6.504954,56.630072],[-6.514272,56.627427],[-6.527252,56.626532],[-6.564117,56.5987],[-6.616322,56.575181],[-6.633046,56.571967],[-6.657216,56.577826],[-6.668935,56.577786],[-6.67398,56.568549],[-6.677887,56.558254],[-6.686838,56.563788],[-6.696278,56.575995],[-6.701894,56.585639],[-6.674469,56.588446],[-6.648101,56.602851],[-6.602895,56.643622],[-6.591379,56.651842],[-6.559234,56.665269],[-6.535634,56.670844],[-6.505849,56.68537],[-6.489654,56.688666],[-6.46231,56.69123],[-6.452545,56.688422],[-6.459218,56.678127]]],[[[-7.393951,57.010199],[-7.389068,57.003607],[-7.386098,56.995307],[-7.381988,56.987535],[-7.373525,56.982856],[-7.402415,56.983385],[-7.411041,56.979722],[-7.419179,56.973334],[-7.427235,56.968573],[-7.435048,56.965277],[-7.442372,56.962958],[-7.436838,56.953681],[-7.445302,56.947089],[-7.460805,56.943183],[-7.476552,56.941881],[-7.541412,56.948717],[-7.556752,56.95307],[-7.556223,56.962633],[-7.544911,56.972317],[-7.528066,56.97663],[-7.51651,56.981187],[-7.511586,56.991645],[-7.514027,57.002916],[-7.524322,57.010199],[-7.499908,57.020087],[-7.475697,57.023017],[-7.457102,57.031562],[-7.449208,57.05858],[-7.444692,57.058539],[-7.441396,57.057196],[-7.434967,57.051744],[-7.428131,57.051337],[-7.422963,57.050116],[-7.418691,57.048041],[-7.414418,57.044908],[-7.428782,57.027737],[-7.434967,57.02383],[-7.402821,57.014635],[-7.393951,57.010199]]],[[[-6.325185,57.05858],[-6.272939,57.040229],[-6.250966,57.026557],[-6.269887,57.017564],[-6.269887,57.010199],[-6.243235,57.010199],[-6.256744,56.973782],[-6.276031,56.953111],[-6.303619,56.943996],[-6.341868,56.941881],[-6.359771,56.947333],[-6.376129,56.971177],[-6.390289,56.97663],[-6.405385,56.980536],[-6.436757,56.998481],[-6.455474,57.003974],[-6.395253,57.041938],[-6.364247,57.05565],[-6.325185,57.05858]]],[[[-6.606353,57.051744],[-6.59081,57.058987],[-6.556304,57.070136],[-6.537465,57.072821],[-6.525868,57.067125],[-6.501536,57.063666],[-6.489654,57.05858],[-6.51594,57.050686],[-6.548248,57.047593],[-6.580434,57.048407],[-6.606353,57.051744]]],[[[-5.958608,57.284491],[-5.984853,57.290432],[-6.007802,57.303616],[-6.013905,57.31745],[-5.98998,57.325507],[-5.955719,57.321601],[-5.929351,57.307196],[-5.925445,57.291693],[-5.958608,57.284491]]],[[[-7.243764,57.325507],[-7.232004,57.318793],[-7.222646,57.310614],[-7.211822,57.304877],[-7.195424,57.305609],[-7.200347,57.290961],[-7.209706,57.285468],[-7.221425,57.282131],[-7.233225,57.274319],[-7.239166,57.265286],[-7.249582,57.244696],[-7.256744,57.236721],[-7.276112,57.231757],[-7.353017,57.242906],[-7.353017,57.236721],[-7.288808,57.225898],[-7.271067,57.216254],[-7.262196,57.200873],[-7.257721,57.179755],[-7.259918,57.159817],[-7.271067,57.147935],[-7.288442,57.153998],[-7.307607,57.155829],[-7.346181,57.154771],[-7.346181,57.147935],[-7.32844,57.146186],[-7.29247,57.148871],[-7.277252,57.147935],[-7.259999,57.140041],[-7.248402,57.129462],[-7.235951,57.121161],[-7.215891,57.120063],[-7.215891,57.113837],[-7.239125,57.100531],[-7.321685,57.109931],[-7.353017,57.099555],[-7.381988,57.118354],[-7.390696,57.129055],[-7.416656,57.181586],[-7.4204,57.19774],[-7.414418,57.209418],[-7.414418,57.216254],[-7.431467,57.229438],[-7.442291,57.234605],[-7.455434,57.236721],[-7.442738,57.244778],[-7.434967,57.251899],[-7.421946,57.270901],[-7.417307,57.28144],[-7.414947,57.290107],[-7.409983,57.295966],[-7.397084,57.298163],[-7.389719,57.311957],[-7.401519,57.342353],[-7.428131,57.3876],[-7.408437,57.395575],[-7.362864,57.407864],[-7.353017,57.408026],[-7.26358,57.373928],[-7.272084,57.370266],[-7.279124,57.36994],[-7.298411,57.373928],[-7.298411,57.367092],[-7.276357,57.364732],[-7.244862,57.348456],[-7.222646,57.346584],[-7.222646,57.339789],[-7.250356,57.331855],[-7.271799,57.33747],[-7.290151,57.347398],[-7.331614,57.360907],[-7.351389,57.376695],[-7.371083,57.3876],[-7.393951,57.380764],[-7.387766,57.377509],[-7.381093,57.373033],[-7.375722,57.368109],[-7.373525,57.363593],[-7.370473,57.355129],[-7.363189,57.353217],[-7.354156,57.353746],[-7.346181,57.352769],[-7.322011,57.346584],[-7.317942,57.344468],[-7.305287,57.332343],[-7.290273,57.328315],[-7.259389,57.32803],[-7.243764,57.325507]]],[[[-7.26358,57.4831],[-7.265289,57.478746],[-7.265736,57.478013],[-7.266998,57.478176],[-7.271067,57.476264],[-7.262522,57.472113],[-7.254262,57.472846],[-7.245758,57.475165],[-7.236318,57.476264],[-7.229482,57.474555],[-7.202138,57.462633],[-7.208404,57.456448],[-7.222035,57.460924],[-7.2447,57.449652],[-7.26358,57.448961],[-7.258209,57.439114],[-7.249664,57.435248],[-7.22643,57.435289],[-7.212026,57.432196],[-7.204091,57.425442],[-7.205434,57.418606],[-7.292063,57.404731],[-7.318267,57.408026],[-7.396148,57.433987],[-7.407623,57.445624],[-7.402699,57.464342],[-7.389272,57.479885],[-7.369618,57.489325],[-7.346181,57.489936],[-7.334462,57.485093],[-7.322133,57.482896],[-7.309804,57.484117],[-7.298411,57.489936],[-7.29247,57.485297],[-7.284495,57.482856],[-7.274729,57.482245],[-7.26358,57.4831]]],[[[-6.064443,57.346584],[-6.075429,57.355048],[-6.077138,57.371772],[-6.069081,57.436103],[-6.061635,57.452704],[-6.045522,57.460639],[-6.016672,57.462633],[-6.016672,57.469428],[-6.02359,57.474189],[-6.029042,57.479397],[-6.037099,57.489936],[-6.025868,57.496243],[-6.015859,57.496772],[-5.995595,57.489936],[-5.995595,57.497463],[-6.009836,57.511054],[-6.000885,57.509711],[-5.993316,57.507025],[-5.987213,57.502875],[-5.982533,57.497463],[-5.986724,57.482245],[-6.003041,57.452826],[-6.017649,57.418199],[-6.016672,57.3876],[-6.008901,57.380194],[-5.995107,57.363715],[-5.989491,57.347317],[-6.006459,57.339789],[-6.022857,57.336249],[-6.038686,57.329779],[-6.054799,57.326402],[-6.071929,57.332343],[-6.069244,57.339545],[-6.067616,57.342475],[-6.064443,57.346584]]],[[[-5.968251,57.51789],[-5.983713,57.522366],[-5.98998,57.532945],[-5.987294,57.546291],[-5.975697,57.558824],[-5.980092,57.561469],[-5.980377,57.562445],[-5.982533,57.566311],[-5.975697,57.572333],[-5.968658,57.576565],[-5.961903,57.577297],[-5.95519,57.572496],[-5.968007,57.533922],[-5.968251,57.51789]]],[[[-7.129384,57.652899],[-7.114573,57.65233],[-7.0926,57.652086],[-7.074086,57.646389],[-7.065053,57.633979],[-7.075429,57.628363],[-7.092356,57.611518],[-7.099192,57.607327],[-7.113108,57.60871],[-7.123118,57.615709],[-7.130767,57.623481],[-7.137318,57.627143],[-7.148427,57.62934],[-7.171132,57.641425],[-7.215891,57.641425],[-7.215891,57.633979],[-7.204254,57.633368],[-7.197255,57.631252],[-7.196156,57.627183],[-7.202138,57.620917],[-7.202138,57.613471],[-7.173248,57.614651],[-7.164418,57.609931],[-7.161204,57.596381],[-7.154286,57.587348],[-7.138051,57.586982],[-7.106028,57.592963],[-7.1256,57.571112],[-7.149973,57.561713],[-7.208404,57.558824],[-7.215728,57.557359],[-7.230214,57.552395],[-7.236318,57.552069],[-7.243276,57.556098],[-7.252065,57.569281],[-7.256744,57.572496],[-7.269887,57.570543],[-7.312082,57.552069],[-7.312082,57.544582],[-7.240061,57.544582],[-7.181304,57.5539],[-7.161204,57.552069],[-7.144154,57.548529],[-7.137685,57.545111],[-7.133901,57.538398],[-7.137278,57.532131],[-7.157541,57.511054],[-7.199208,57.512681],[-7.219838,57.51081],[-7.236318,57.503607],[-7.252512,57.510321],[-7.287465,57.508775],[-7.305287,57.511054],[-7.314687,57.514594],[-7.318471,57.517035],[-7.329986,57.528876],[-7.333485,57.534329],[-7.338124,57.53974],[-7.346181,57.544582],[-7.337554,57.545071],[-7.318267,57.552069],[-7.351226,57.553697],[-7.41161,57.575141],[-7.442372,57.579291],[-7.449208,57.572903],[-7.455922,57.568427],[-7.46288,57.566311],[-7.470855,57.567206],[-7.483266,57.571479],[-7.49942,57.575019],[-7.54483,57.592963],[-7.54483,57.599799],[-7.522206,57.608385],[-7.506581,57.625556],[-7.493031,57.645413],[-7.476552,57.661933],[-7.455312,57.655463],[-7.387115,57.661933],[-7.387115,57.655097],[-7.394928,57.654446],[-7.414418,57.648261],[-7.396555,57.635321],[-7.366851,57.651435],[-7.335357,57.676093],[-7.312082,57.688544],[-7.312082,57.682359],[-7.318186,57.67886],[-7.322865,57.67475],[-7.332509,57.661933],[-7.277903,57.649563],[-7.256744,57.648261],[-7.256744,57.655097],[-7.263417,57.655992],[-7.277252,57.661933],[-7.255971,57.666938],[-7.209055,57.686021],[-7.181711,57.688544],[-7.169179,57.679185],[-7.165395,57.669867],[-7.171539,57.661526],[-7.189117,57.655097],[-7.172841,57.649563],[-7.142568,57.658108],[-7.129384,57.652899]]],[[[-6.564117,57.346584],[-6.580556,57.338813],[-6.672475,57.355943],[-6.695953,57.364407],[-6.714752,57.376614],[-6.722401,57.390937],[-6.731679,57.416978],[-6.773183,57.434068],[-6.783844,57.456448],[-6.722401,57.456448],[-6.736318,57.465155],[-6.745229,57.475898],[-6.747141,57.487942],[-6.739735,57.500556],[-6.726308,57.51142],[-6.715932,57.514228],[-6.706451,57.510932],[-6.653554,57.468695],[-6.647328,57.45954],[-6.638092,57.453274],[-6.620025,57.445502],[-6.606801,57.443915],[-6.612538,57.456448],[-6.612538,57.462633],[-6.608266,57.464586],[-6.604156,57.46776],[-6.599477,57.469428],[-6.616689,57.480902],[-6.619374,57.4831],[-6.622222,57.486396],[-6.631256,57.493598],[-6.633046,57.497463],[-6.630605,57.501776],[-6.621409,57.503852],[-6.619374,57.50731],[-6.61144,57.512193],[-6.593617,57.510972],[-6.564117,57.503607],[-6.573964,57.521715],[-6.599355,57.537543],[-6.629872,57.548529],[-6.654775,57.552069],[-6.641591,57.561957],[-6.631012,57.576809],[-6.628896,57.591132],[-6.640452,57.599799],[-6.640452,57.607327],[-6.619781,57.607164],[-6.605621,57.599555],[-6.594309,57.590522],[-6.572255,57.582506],[-6.56843,57.574286],[-6.566884,57.56509],[-6.564117,57.558824],[-6.554596,57.552476],[-6.54776,57.549547],[-6.50121,57.535549],[-6.490387,57.53026],[-6.479075,57.520982],[-6.464915,57.512519],[-6.45165,57.513332],[-6.437652,57.517239],[-6.420766,57.51789],[-6.443471,57.488105],[-6.433502,57.486477],[-6.412099,57.50137],[-6.400258,57.520982],[-6.386952,57.517279],[-6.310902,57.462633],[-6.310902,57.469428],[-6.315785,57.472805],[-6.320953,57.479315],[-6.325185,57.4831],[-6.324615,57.496812],[-6.338531,57.509467],[-6.372955,57.531562],[-6.389556,57.552476],[-6.385854,57.562649],[-6.372426,57.572577],[-6.359853,57.592963],[-6.371938,57.591864],[-6.383372,57.592922],[-6.393137,57.595649],[-6.400258,57.599799],[-6.395863,57.613471],[-6.401112,57.621527],[-6.409535,57.627346],[-6.41454,57.633979],[-6.415679,57.645819],[-6.413442,57.649237],[-6.406606,57.650336],[-6.366567,57.664252],[-6.359853,57.668118],[-6.351186,57.680121],[-6.345286,57.692206],[-6.337961,57.699164],[-6.325185,57.69599],[-6.317494,57.697699],[-6.31428,57.699164],[-6.310902,57.702826],[-6.302235,57.692369],[-6.293324,57.686021],[-6.269887,57.675523],[-6.260487,57.668647],[-6.236073,57.646186],[-6.232655,57.641425],[-6.187978,57.620917],[-6.168853,57.607611],[-6.158355,57.597846],[-6.153879,57.589545],[-6.144683,57.520006],[-6.135121,57.490058],[-6.133372,57.476264],[-6.136057,57.46133],[-6.14509,57.438625],[-6.146962,57.425116],[-6.152496,57.417548],[-6.178863,57.403551],[-6.187978,57.394355],[-6.175852,57.400824],[-6.15925,57.407375],[-6.141591,57.410793],[-6.126536,57.408026],[-6.117909,57.397773],[-6.123525,57.388251],[-6.134104,57.380032],[-6.140126,57.373928],[-6.135243,57.357367],[-6.120758,57.347073],[-6.105702,57.339667],[-6.099233,57.332343],[-6.106597,57.323472],[-6.140289,57.312445],[-6.153879,57.305609],[-6.068186,57.311835],[-6.0454,57.308295],[-6.041086,57.300116],[-6.052887,57.291002],[-6.078114,57.284491],[-6.078114,57.277655],[-6.050852,57.279242],[-6.028879,57.285346],[-6.008453,57.28677],[-5.986236,57.274319],[-5.976674,57.270331],[-5.96345,57.269477],[-5.93814,57.270901],[-5.923248,57.266913],[-5.913808,57.25788],[-5.907135,57.248481],[-5.900624,57.242906],[-5.88622,57.242092],[-5.877309,57.246812],[-5.871327,57.253241],[-5.865834,57.257148],[-5.82433,57.256171],[-5.795806,57.271796],[-5.767893,57.277411],[-5.738515,57.277289],[-5.721832,57.264635],[-5.647369,57.264635],[-5.663889,57.239814],[-5.663482,57.233303],[-5.659088,57.22248],[-5.662953,57.212714],[-5.670644,57.204657],[-5.690907,57.189521],[-5.727284,57.172797],[-5.74234,57.168443],[-5.782053,57.166246],[-5.788971,57.159491],[-5.790761,57.137397],[-5.800364,57.123725],[-5.821441,57.114447],[-5.842641,57.107978],[-5.852203,57.102973],[-5.860097,57.095364],[-5.918853,57.050116],[-5.934926,57.041205],[-5.95344,57.034125],[-6.006744,57.028388],[-6.020823,57.031887],[-6.030385,57.044908],[-6.027252,57.062161],[-6.000234,57.08393],[-6.003041,57.092719],[-6.003041,57.099555],[-5.99706,57.101752],[-5.994211,57.10456],[-5.98998,57.113837],[-5.986928,57.118232],[-5.980092,57.123114],[-5.961822,57.142157],[-5.952789,57.14883],[-5.941558,57.154771],[-5.845367,57.181464],[-5.845367,57.1883],[-5.872955,57.179999],[-5.900868,57.175523],[-5.986236,57.174628],[-5.991689,57.177191],[-5.993072,57.183173],[-5.993316,57.190172],[-5.995595,57.195746],[-6.019276,57.217597],[-6.032216,57.226508],[-6.044016,57.229926],[-6.039784,57.219387],[-6.03539,57.211493],[-6.023508,57.195746],[-6.034088,57.181098],[-6.040842,57.17414],[-6.050852,57.168443],[-6.044016,57.161038],[-6.056264,57.152899],[-6.064605,57.14175],[-6.073842,57.131781],[-6.088612,57.127427],[-6.10143,57.135199],[-6.107167,57.153022],[-6.111195,57.173285],[-6.112904,57.1883],[-6.120961,57.193793],[-6.126454,57.195217],[-6.132069,57.193183],[-6.140126,57.1883],[-6.14745,57.194525],[-6.155588,57.198879],[-6.164459,57.201361],[-6.174306,57.201972],[-6.174306,57.195746],[-6.15982,57.187649],[-6.177154,57.18122],[-6.318349,57.161038],[-6.318349,57.168443],[-6.306996,57.173896],[-6.276723,57.195746],[-6.276723,57.201972],[-6.295318,57.202379],[-6.3131,57.199897],[-6.329986,57.195014],[-6.345611,57.1883],[-6.364735,57.204535],[-6.379791,57.22309],[-6.368886,57.225775],[-6.359486,57.229438],[-6.351715,57.234809],[-6.345611,57.242906],[-6.391428,57.240546],[-6.408193,57.243354],[-6.455474,57.277655],[-6.457997,57.280992],[-6.462961,57.290432],[-6.466054,57.294745],[-6.471181,57.299018],[-6.475575,57.301418],[-6.479156,57.304755],[-6.482167,57.311835],[-6.436187,57.329739],[-6.416412,57.33454],[-6.394032,57.332343],[-6.376332,57.323798],[-6.35851,57.311835],[-6.337636,57.3015],[-6.310902,57.298163],[-6.323883,57.311428],[-6.386586,57.339789],[-6.399526,57.348456],[-6.406158,57.351549],[-6.417633,57.352769],[-6.428822,57.351508],[-6.450551,57.346503],[-6.462961,57.346584],[-6.448638,57.352769],[-6.448638,57.360256],[-6.456614,57.361151],[-6.475942,57.367092],[-6.468739,57.368557],[-6.46581,57.370022],[-6.462961,57.373928],[-6.472157,57.376532],[-6.478871,57.381903],[-6.480824,57.390082],[-6.475942,57.40119],[-6.490834,57.398993],[-6.51061,57.385565],[-6.523793,57.380764],[-6.518707,57.389553],[-6.517649,57.398871],[-6.52123,57.407864],[-6.530629,57.415473],[-6.53893,57.40233],[-6.550404,57.398017],[-6.562123,57.395453],[-6.571523,57.3876],[-6.57315,57.376125],[-6.562123,57.357856],[-6.564117,57.346584]]],[[[-7.222646,57.709662],[-7.180165,57.734687],[-7.161204,57.737006],[-7.152008,57.726304],[-7.170033,57.715155],[-7.198964,57.707953],[-7.222646,57.709662]]],[[[-8.621002,57.833197],[-8.605295,57.826402],[-8.569081,57.823676],[-8.552235,57.818915],[-8.568959,57.807563],[-8.590891,57.804755],[-8.610707,57.81273],[-8.621002,57.833197]]],[[[-7.044586,57.902086],[-7.048085,57.890815],[-7.055165,57.884182],[-7.0655,57.881049],[-7.079335,57.880316],[-7.077056,57.888617],[-7.076772,57.890692],[-7.07787,57.891181],[-7.079335,57.89468],[-7.03775,57.916327],[-7.015533,57.921942],[-6.997385,57.915107],[-6.99706,57.893541],[-7.009185,57.889594],[-7.044586,57.902086]]],[[[-6.87328,58.216783],[-6.862864,58.216457],[-6.859609,58.216783],[-6.859609,58.223049],[-6.872222,58.226793],[-6.882314,58.236274],[-6.88622,58.247626],[-6.880035,58.257758],[-6.861155,58.253363],[-6.828928,58.233791],[-6.818593,58.23725],[-6.809641,58.232245],[-6.801991,58.226142],[-6.795766,58.218817],[-6.791249,58.209947],[-6.87328,58.209947],[-6.87328,58.216783]]],[[[-6.955149,57.743842],[-6.9735,57.733344],[-6.980784,57.735053],[-7.031646,57.767401],[-7.041371,57.770494],[-7.101877,57.811469],[-7.112782,57.815863],[-7.117299,57.823065],[-7.124623,57.830756],[-7.125071,57.8369],[-7.109446,57.839423],[-7.096995,57.838039],[-7.088612,57.833401],[-7.083241,57.8251],[-7.079335,57.81269],[-6.997385,57.853705],[-6.984853,57.864895],[-6.96227,57.868842],[-6.914174,57.867906],[-6.962554,57.887844],[-6.962554,57.89468],[-6.91161,57.91059],[-6.881703,57.914293],[-6.851877,57.91059],[-6.832265,57.902086],[-6.841868,57.90705],[-6.851552,57.911404],[-6.859609,57.915229],[-6.862945,57.918036],[-6.865834,57.921332],[-6.846995,57.927924],[-6.839101,57.928778],[-6.839101,57.935614],[-6.897084,57.935614],[-6.910797,57.93891],[-6.937001,57.953437],[-6.952056,57.956732],[-7.009755,57.955268],[-7.036285,57.960639],[-7.044586,57.976549],[-7.057281,57.970852],[-7.065826,57.971015],[-7.112782,57.99022],[-7.096669,57.997463],[-7.084828,58.005927],[-7.071767,58.011908],[-7.05191,58.011379],[-7.05191,58.017524],[-7.054921,58.019761],[-7.055653,58.020697],[-7.056142,58.021959],[-7.058217,58.02497],[-7.027903,58.027533],[-6.995229,58.033759],[-6.934641,58.052314],[-7.028717,58.038398],[-7.058217,58.038642],[-7.053619,58.047797],[-7.045766,58.052639],[-7.035553,58.0539],[-7.024037,58.052314],[-7.024037,58.058539],[-7.05191,58.058539],[-7.042795,58.061835],[-7.035024,58.066352],[-7.028717,58.072211],[-7.024037,58.079576],[-7.067494,58.06273],[-7.075551,58.062242],[-7.104888,58.094794],[-7.112782,58.100084],[-7.107533,58.112006],[-7.113189,58.1164],[-7.121938,58.118598],[-7.126454,58.123969],[-7.123402,58.136664],[-7.112131,58.145453],[-7.112782,58.155341],[-7.104156,58.15705],[-7.100168,58.15941],[-7.097646,58.163031],[-7.093007,58.168402],[-7.10025,58.170111],[-7.107411,58.17414],[-7.112782,58.175849],[-7.112782,58.182034],[-7.037709,58.184638],[-7.017201,58.189439],[-7.043446,58.19595],[-7.053944,58.201361],[-7.058217,58.213365],[-7.05606,58.225653],[-7.05016,58.232367],[-7.030873,58.244696],[-7.016103,58.238593],[-6.977284,58.227362],[-6.969472,58.226752],[-6.962026,58.23017],[-6.907338,58.216783],[-6.907338,58.209947],[-6.937082,58.211005],[-6.930409,58.196845],[-6.909657,58.179755],[-6.897084,58.172105],[-6.898346,58.156724],[-6.888051,58.135891],[-6.872874,58.116889],[-6.859609,58.106879],[-6.86144,58.115871],[-6.861887,58.121405],[-6.859609,58.134833],[-6.866607,58.141181],[-6.881581,58.158637],[-6.887522,58.168402],[-6.877512,58.172187],[-6.873931,58.179389],[-6.87267,58.186347],[-6.869496,58.189439],[-6.825063,58.19538],[-6.815175,58.199693],[-6.798451,58.202379],[-6.772572,58.195502],[-6.748525,58.182929],[-6.736684,58.168402],[-6.709381,58.189439],[-6.734364,58.197699],[-6.742909,58.203111],[-6.746816,58.209215],[-6.752553,58.224799],[-6.757192,58.230414],[-6.763051,58.231676],[-6.777821,58.229478],[-6.783844,58.230414],[-6.785715,58.232978],[-6.78954,58.242011],[-6.791249,58.244696],[-6.802724,58.25373],[-6.807688,58.258694],[-6.811838,58.264594],[-6.806752,58.266547],[-6.802724,58.268988],[-6.798004,58.270982],[-6.791249,58.271389],[-6.796457,58.278632],[-6.801178,58.283352],[-6.807729,58.285468],[-6.818593,58.285102],[-6.736969,58.323635],[-6.715566,58.339667],[-6.703359,58.335883],[-6.695953,58.338446],[-6.689687,58.343329],[-6.681386,58.346503],[-6.647328,58.346503],[-6.620676,58.350735],[-6.557485,58.368557],[-6.548492,58.372789],[-6.523346,58.390774],[-6.345611,58.463202],[-6.296295,58.49726],[-6.267405,58.51203],[-6.243235,58.510972],[-6.223053,58.499213],[-6.205393,58.481269],[-6.192738,58.462063],[-6.187978,58.446112],[-6.169993,58.429999],[-6.16686,58.419501],[-6.184926,58.414781],[-6.192372,58.409125],[-6.215321,58.367621],[-6.206899,58.361151],[-6.195546,58.356269],[-6.18224,58.353664],[-6.16747,58.353949],[-6.16747,58.346503],[-6.188832,58.340806],[-6.233713,58.322821],[-6.249989,58.312974],[-6.244985,58.304145],[-6.246409,58.297553],[-6.253814,58.293362],[-6.266835,58.291897],[-6.278676,58.288723],[-6.288238,58.274604],[-6.31786,58.268297],[-6.319936,58.260932],[-6.316965,58.252143],[-6.318349,58.244696],[-6.327463,58.239732],[-6.33849,58.237616],[-6.366119,58.23725],[-6.347727,58.221137],[-6.310862,58.215033],[-6.270904,58.216498],[-6.243235,58.223049],[-6.194814,58.250922],[-6.179758,58.255561],[-6.161122,58.258979],[-6.150706,58.258368],[-6.160024,58.250922],[-6.160024,58.244696],[-6.153879,58.244696],[-6.158559,58.239814],[-6.163319,58.233588],[-6.16747,58.230414],[-6.164866,58.226752],[-6.160024,58.216783],[-6.186431,58.209906],[-6.195221,58.206488],[-6.202138,58.201972],[-6.211659,58.192288],[-6.215321,58.189439],[-6.233551,58.184272],[-6.247426,58.185452],[-6.276723,58.196275],[-6.293568,58.199368],[-6.338206,58.196275],[-6.354888,58.199368],[-6.384674,58.209703],[-6.400258,58.209947],[-6.377024,58.173529],[-6.366119,58.162095],[-6.374501,58.15766],[-6.378041,58.153632],[-6.377268,58.148627],[-6.372955,58.141059],[-6.390696,58.133531],[-6.441233,58.127387],[-6.474721,58.105211],[-6.489654,58.100084],[-6.499094,58.100409],[-6.514394,58.106147],[-6.523793,58.106879],[-6.551096,58.093248],[-6.603179,58.085639],[-6.619374,58.086412],[-6.619374,58.079576],[-6.581288,58.079006],[-6.451324,58.095689],[-6.420644,58.105658],[-6.407094,58.106879],[-6.394032,58.101793],[-6.383901,58.091783],[-6.37857,58.079047],[-6.379791,58.065985],[-6.375722,58.064276],[-6.366119,58.058539],[-6.373687,58.052924],[-6.381907,58.048896],[-6.390696,58.046373],[-6.400258,58.045478],[-6.389475,58.041205],[-6.377675,58.038764],[-6.365102,58.037909],[-6.352447,58.038642],[-6.370961,58.027248],[-6.385081,58.015937],[-6.400868,58.00731],[-6.424469,58.003892],[-6.518219,58.012641],[-6.539296,58.017279],[-6.544911,58.017524],[-6.550689,58.010077],[-6.542226,58.005683],[-6.520741,58.0008],[-6.505116,57.992499],[-6.469635,57.986884],[-6.455474,57.976549],[-6.455474,57.969713],[-6.464996,57.965644],[-6.481191,57.949774],[-6.489654,57.943061],[-6.507558,57.935981],[-6.520131,57.936591],[-6.532867,57.940416],[-6.551096,57.943061],[-6.551096,57.935614],[-6.546702,57.933824],[-6.541982,57.930854],[-6.537465,57.928778],[-6.537465,57.921332],[-6.559804,57.915229],[-6.57844,57.917222],[-6.593861,57.924872],[-6.606353,57.935614],[-6.61498,57.949164],[-6.620473,57.954535],[-6.629872,57.956732],[-6.634999,57.951606],[-6.629628,57.940253],[-6.620025,57.928168],[-6.612538,57.921332],[-6.619374,57.915107],[-6.651194,57.923814],[-6.660959,57.928778],[-6.666168,57.933905],[-6.672434,57.946194],[-6.699818,57.976223],[-6.707753,57.989569],[-6.709381,58.003892],[-6.694651,58.030097],[-6.665842,58.044664],[-6.629465,58.05093],[-6.59203,58.052314],[-6.59203,58.058539],[-6.688303,58.058539],[-6.688303,58.052314],[-6.692698,58.040961],[-6.716054,58.02497],[-6.744496,58.010484],[-6.764027,58.003892],[-6.750885,57.992987],[-6.730092,57.962958],[-6.718984,57.956732],[-6.704742,57.953192],[-6.693227,57.945054],[-6.68342,57.935736],[-6.67398,57.928778],[-6.679351,57.926825],[-6.683461,57.924221],[-6.688466,57.922065],[-6.695668,57.921332],[-6.688954,57.914944],[-6.680328,57.912055],[-6.672353,57.91059],[-6.667795,57.908271],[-6.665151,57.901557],[-6.660959,57.880316],[-6.742909,57.891262],[-6.777659,57.902086],[-6.787017,57.89883],[-6.792388,57.893744],[-6.797353,57.887397],[-6.805572,57.880316],[-6.79426,57.876207],[-6.772857,57.871243],[-6.764027,57.867906],[-6.740712,57.845038],[-6.736684,57.839423],[-6.741933,57.831488],[-6.755605,57.826483],[-6.773508,57.824612],[-6.791249,57.825751],[-6.791249,57.818915],[-6.783844,57.818915],[-6.783844,57.81269],[-6.806142,57.814643],[-6.852691,57.833197],[-6.859609,57.825751],[-6.854156,57.823432],[-6.845855,57.816392],[-6.839101,57.81269],[-6.850168,57.802924],[-6.861155,57.796332],[-6.887522,57.784817],[-6.882721,57.782864],[-6.877838,57.779853],[-6.87328,57.777981],[-6.893951,57.766547],[-6.955149,57.743842]]],[[[-2.952952,58.839993],[-2.906972,58.83808],[-2.883656,58.83218],[-2.885365,58.820054],[-2.913564,58.810492],[-2.919423,58.806464],[-2.921132,58.797512],[-2.915761,58.790676],[-2.913971,58.784857],[-2.92634,58.77912],[-2.915395,58.762152],[-2.911041,58.748684],[-2.917836,58.738349],[-2.939931,58.730699],[-2.987782,58.757392],[-2.987782,58.764838],[-2.974355,58.77204],[-2.984853,58.787095],[-3.015696,58.812649],[-3.003896,58.808173],[-2.991322,58.806627],[-2.978871,58.808173],[-2.967193,58.812649],[-2.967193,58.820054],[-3.035553,58.820054],[-3.035553,58.826321],[-2.996978,58.835273],[-2.952952,58.839993]]],[[[-3.248402,58.792182],[-3.218495,58.79328],[-3.160146,58.80801],[-3.131703,58.806464],[-3.156321,58.78677],[-3.205922,58.779039],[-3.299306,58.77912],[-3.30427,58.78384],[-3.323476,58.809516],[-3.327789,58.818305],[-3.337636,58.82392],[-3.349192,58.828437],[-3.358266,58.833157],[-3.378774,58.853583],[-3.379872,58.85928],[-3.375966,58.863593],[-3.373525,58.867987],[-3.378774,58.874091],[-3.385732,58.875393],[-3.397613,58.869534],[-3.402333,58.870673],[-3.411977,58.874986],[-3.42219,58.87401],[-3.430165,58.874823],[-3.433339,58.884955],[-3.418446,58.904486],[-3.416331,58.908271],[-3.393219,58.920233],[-3.349355,58.928534],[-3.337148,58.928697],[-3.321848,58.923651],[-3.287587,58.905951],[-3.265452,58.902045],[-3.246083,58.896186],[-3.193186,58.853583],[-3.207387,58.847398],[-3.207387,58.839993],[-3.195546,58.839423],[-3.187245,58.836493],[-3.172719,58.826321],[-3.172719,58.820054],[-3.191803,58.818671],[-3.215484,58.814276],[-3.236684,58.805732],[-3.248402,58.792182]]],[[[-2.727651,58.970893],[-2.713612,58.966864],[-2.707631,58.95897],[-2.706207,58.947455],[-2.706532,58.93244],[-2.714752,58.925482],[-2.733754,58.920152],[-2.771962,58.915717],[-2.785024,58.910712],[-2.808013,58.888007],[-2.823842,58.881537],[-2.839345,58.882636],[-2.915028,58.899115],[-2.926829,58.904853],[-2.937245,58.913235],[-2.973622,58.953803],[-2.981191,58.96011],[-2.993764,58.958808],[-3.007802,58.949042],[-3.023834,58.940497],[-3.042388,58.94302],[-3.052561,58.938788],[-3.061757,58.939399],[-3.071685,58.94184],[-3.084543,58.94302],[-3.070302,58.928697],[-3.101226,58.930121],[-3.113189,58.926663],[-3.118031,58.915717],[-3.142649,58.92121],[-3.202789,58.91592],[-3.227895,58.928697],[-3.238515,58.950914],[-3.235341,58.972561],[-3.223297,58.99136],[-3.207387,59.005072],[-3.207387,59.011298],[-3.214752,59.017483],[-3.220448,59.024115],[-3.22468,59.031195],[-3.227895,59.03856],[-3.238759,59.035142],[-3.245839,59.030504],[-3.247222,59.024848],[-3.240956,59.018134],[-3.240956,59.011298],[-3.250396,59.014472],[-3.259185,59.015815],[-3.267486,59.014716],[-3.275787,59.011298],[-3.266591,59.007148],[-3.263051,59.000922],[-3.264068,58.993069],[-3.262074,58.9914],[-3.256988,58.978339],[-3.26537,58.969184],[-3.289418,58.956692],[-3.289418,58.950385],[-3.323232,58.95718],[-3.353261,58.982815],[-3.366689,59.016099],[-3.350819,59.046047],[-3.343984,59.052802],[-3.350209,59.097968],[-3.323801,59.127427],[-3.279286,59.143541],[-3.231068,59.148424],[-3.182729,59.147162],[-3.156158,59.142239],[-3.121571,59.123969],[-3.108306,59.124213],[-3.095937,59.127346],[-3.084543,59.127997],[-3.074208,59.123765],[-3.058461,59.111762],[-3.049184,59.1081],[-3.063547,59.101996],[-3.070302,59.101264],[-3.051422,59.090155],[-2.994496,59.07331],[-3.001861,59.071763],[-3.004994,59.070258],[-3.008168,59.066555],[-3.003774,59.064439],[-2.999013,59.06151],[-2.994496,59.059719],[-3.0537,59.047268],[-3.062815,59.049465],[-3.071197,59.033433],[-3.090932,59.018744],[-3.113922,59.008205],[-3.131703,59.005072],[-3.116689,58.998196],[-3.09732,58.994045],[-3.059722,58.9914],[-3.044586,58.997992],[-3.029205,59.010321],[-3.011952,59.017401],[-2.974436,58.999091],[-2.960357,59.001166],[-2.947133,59.007554],[-2.933095,59.011298],[-2.917307,59.006171],[-2.906565,58.996568],[-2.895375,58.991034],[-2.878407,58.998236],[-2.880523,58.993598],[-2.883453,58.98192],[-2.885365,58.977118],[-2.864735,58.97484],[-2.847646,58.980292],[-2.831166,58.987698],[-2.812978,58.9914],[-2.790151,58.992255],[-2.780629,58.990302],[-2.77538,58.983954],[-2.78189,58.973944],[-2.822499,58.958564],[-2.837554,58.950385],[-2.826243,58.937405],[-2.81192,58.929145],[-2.794789,58.926093],[-2.77538,58.928697],[-2.789418,58.949897],[-2.795969,58.956692],[-2.777577,58.957506],[-2.744049,58.969184],[-2.727651,58.970893]]],[[[-2.541982,59.120551],[-2.548451,59.109036],[-2.542388,59.102973],[-2.51476,59.093817],[-2.532623,59.083564],[-2.576039,59.080064],[-2.59732,59.07331],[-2.599477,59.095893],[-2.614369,59.107245],[-2.634429,59.108629],[-2.651845,59.101264],[-2.649159,59.085517],[-2.670725,59.081529],[-2.686106,59.089179],[-2.665517,59.1081],[-2.650502,59.111762],[-2.634836,59.112738],[-2.622426,59.116441],[-2.617787,59.127997],[-2.624257,59.133857],[-2.655181,59.151272],[-2.665517,59.155219],[-2.62564,59.162421],[-2.611562,59.161444],[-2.611562,59.155219],[-2.614858,59.152167],[-2.617787,59.148424],[-2.590077,59.148871],[-2.577952,59.147203],[-2.569407,59.142239],[-2.582346,59.143988],[-2.592885,59.138577],[-2.595204,59.129543],[-2.583648,59.120551],[-2.571604,59.118842],[-2.558705,59.120836],[-2.535268,59.127997],[-2.534739,59.12287],[-2.536488,59.121568],[-2.539296,59.121731],[-2.541982,59.120551]]],[[[-3.004791,59.127997],[-3.036448,59.129096],[-3.065582,59.133612],[-3.091786,59.142808],[-3.114654,59.158352],[-3.120432,59.176581],[-3.102406,59.190253],[-3.074208,59.197496],[-3.049184,59.196845],[-3.048085,59.194892],[-3.046295,59.190863],[-3.042551,59.186347],[-3.035553,59.183173],[-3.029124,59.182359],[-3.02184,59.182318],[-2.980824,59.187445],[-2.967885,59.187445],[-2.952952,59.183173],[-2.952463,59.178168],[-2.953847,59.176744],[-2.956776,59.176703],[-2.960357,59.175767],[-2.977162,59.163398],[-2.974029,59.147528],[-2.97525,59.133775],[-3.004791,59.127997]]],[[[-2.830068,59.196845],[-2.817291,59.19123],[-2.807118,59.191799],[-2.797271,59.195014],[-2.785959,59.196845],[-2.784901,59.200344],[-2.790273,59.217597],[-2.789133,59.224189],[-2.7919,59.236965],[-2.787913,59.247219],[-2.777455,59.252916],[-2.761098,59.252102],[-2.761098,59.244615],[-2.768625,59.244615],[-2.768625,59.23786],[-2.755442,59.239407],[-2.743642,59.238105],[-2.734202,59.233344],[-2.727651,59.224189],[-2.734202,59.215522],[-2.756337,59.198065],[-2.761098,59.193101],[-2.761098,59.177314],[-2.758941,59.164211],[-2.751088,59.156073],[-2.734486,59.155219],[-2.734486,59.148424],[-2.764027,59.142646],[-2.781361,59.141425],[-2.789133,59.145331],[-2.792551,59.158637],[-2.801625,59.168158],[-2.814768,59.173896],[-2.830068,59.175767],[-2.830068,59.196845]]],[[[-2.446401,59.293036],[-2.424957,59.310452],[-2.411041,59.318996],[-2.404897,59.316352],[-2.395497,59.295071],[-2.392486,59.285468],[-2.439809,59.284166],[-2.458974,59.27912],[-2.466949,59.268215],[-2.477854,59.262763],[-2.497385,59.239203],[-2.504506,59.233385],[-2.51476,59.230414],[-2.516265,59.252143],[-2.533111,59.251166],[-2.576812,59.224189],[-2.571767,59.234565],[-2.569407,59.23786],[-2.569407,59.244615],[-2.588612,59.238674],[-2.596791,59.239163],[-2.604156,59.244615],[-2.641225,59.217963],[-2.661855,59.207099],[-2.67927,59.209906],[-2.681874,59.196357],[-2.687652,59.190172],[-2.692616,59.192288],[-2.692942,59.203681],[-2.687978,59.217963],[-2.68102,59.223131],[-2.671539,59.225328],[-2.658803,59.230414],[-2.649729,59.236965],[-2.633168,59.252265],[-2.624623,59.258287],[-2.61262,59.261542],[-2.602773,59.26142],[-2.59557,59.264838],[-2.591135,59.278754],[-2.596669,59.281806],[-2.611562,59.293036],[-2.587717,59.293158],[-2.547231,59.305732],[-2.522125,59.306708],[-2.522125,59.299262],[-2.536977,59.294379],[-2.551829,59.287421],[-2.576812,59.271308],[-2.569325,59.270168],[-2.566274,59.268785],[-2.563222,59.265082],[-2.551625,59.270819],[-2.518788,59.274319],[-2.492421,59.289374],[-2.477203,59.290758],[-2.461171,59.290676],[-2.446401,59.293036]]],[[[-3.049184,59.31977],[-3.058705,59.322984],[-3.067006,59.322699],[-3.073354,59.32453],[-3.077056,59.334052],[-3.056264,59.334296],[-3.024322,59.33039],[-3.008168,59.334052],[-2.980336,59.355048],[-2.965199,59.360907],[-2.946685,59.353909],[-2.94636,59.349555],[-2.947662,59.348538],[-2.950185,59.348619],[-2.952952,59.347724],[-2.963938,59.340237],[-2.964508,59.335354],[-2.960357,59.326565],[-2.980946,59.325914],[-2.987782,59.326565],[-2.987782,59.31977],[-2.909535,59.307034],[-2.895497,59.302965],[-2.876536,59.276923],[-2.870961,59.271308],[-2.859609,59.267524],[-2.848866,59.266791],[-2.839019,59.265082],[-2.830068,59.258287],[-2.830068,59.252102],[-2.850087,59.252143],[-2.862172,59.247219],[-2.885365,59.230414],[-2.884023,59.239244],[-2.882232,59.246039],[-2.878407,59.251939],[-2.870961,59.258287],[-2.920318,59.283149],[-2.947418,59.291205],[-2.97468,59.293036],[-2.97468,59.28559],[-2.969797,59.281928],[-2.960357,59.271308],[-2.97468,59.278754],[-2.982411,59.269924],[-2.989654,59.267076],[-2.997792,59.268134],[-3.008168,59.271308],[-3.015126,59.274888],[-3.020253,59.280341],[-3.034657,59.301215],[-3.036692,59.306708],[-3.039947,59.311998],[-3.049184,59.31977]]],[[[-1.651275,59.528957],[-1.643666,59.54564],[-1.625234,59.555813],[-1.602854,59.560248],[-1.583119,59.559963],[-1.582387,59.555121],[-1.583852,59.553697],[-1.586415,59.553616],[-1.589345,59.552476],[-1.603668,59.55093],[-1.608144,59.547349],[-1.610422,59.539496],[-1.59675,59.539496],[-1.59675,59.53205],[-1.613393,59.526597],[-1.631256,59.516995],[-1.645497,59.514106],[-1.651275,59.528957]]],[[[-0.784576,60.615139],[-0.769154,60.613186],[-0.758372,60.607571],[-0.754791,60.598944],[-0.760732,60.587836],[-0.785227,60.576321],[-0.81314,60.580471],[-0.842152,60.588324],[-0.870473,60.587836],[-0.870473,60.58039],[-0.864898,60.577216],[-0.861928,60.574205],[-0.859609,60.571031],[-0.856191,60.567328],[-0.883534,60.570543],[-0.905344,60.586859],[-0.938832,60.621324],[-0.938832,60.62873],[-0.822133,60.62873],[-0.811513,60.625881],[-0.810048,60.61933],[-0.811269,60.612291],[-0.809071,60.608303],[-0.800282,60.607978],[-0.793528,60.6105],[-0.788319,60.613593],[-0.784576,60.615139]]],[[[-1.097035,60.41649],[-1.088002,60.43301],[-1.072743,60.444525],[-1.053944,60.450507],[-1.034413,60.450629],[-1.048695,60.433336],[-1.119252,60.391303],[-1.125071,60.383734],[-1.123769,60.375556],[-1.117543,60.373928],[-1.110015,60.37873],[-1.100209,60.388577],[-1.094472,60.391506],[-1.081451,60.396226],[-1.068267,60.396308],[-1.062327,60.385443],[-1.062896,60.379869],[-1.065419,60.369574],[-1.070424,60.359524],[-1.079172,60.355048],[-1.157216,60.350775],[-1.172231,60.347602],[-1.151601,60.337307],[-1.101226,60.331122],[-1.075307,60.32095],[-1.123118,60.296332],[-1.134348,60.292955],[-1.137929,60.290717],[-1.13858,60.28559],[-1.137115,60.279771],[-1.134348,60.27558],[-1.129506,60.273993],[-1.122222,60.279242],[-1.117014,60.278713],[-1.109364,60.27619],[-1.095855,60.275092],[-1.089752,60.272528],[-1.129709,60.252834],[-1.147857,60.248847],[-1.164703,60.25141],[-1.174672,60.264635],[-1.182932,60.271918],[-1.192616,60.272528],[-1.199127,60.266913],[-1.19811,60.260565],[-1.192535,60.25495],[-1.18517,60.25141],[-1.18517,60.245185],[-1.194936,60.245347],[-1.203277,60.243842],[-1.21939,60.238349],[-1.21939,60.232164],[-1.179026,60.232164],[-1.185536,60.225409],[-1.190907,60.218451],[-1.199452,60.20425],[-1.18102,60.217841],[-1.171132,60.222561],[-1.157867,60.224677],[-1.187245,60.19123],[-1.192616,60.176337],[-1.176503,60.187893],[-1.155141,60.192572],[-1.143951,60.187567],[-1.157867,60.170111],[-1.123769,60.155829],[-1.123769,60.149604],[-1.151723,60.149604],[-1.151723,60.142157],[-1.144276,60.142157],[-1.144276,60.135321],[-1.160878,60.141181],[-1.170969,60.136217],[-1.181549,60.129299],[-1.199452,60.129096],[-1.18517,60.121649],[-1.189849,60.113349],[-1.195139,60.10871],[-1.202545,60.10692],[-1.213206,60.107367],[-1.213206,60.101223],[-1.205312,60.100165],[-1.18517,60.094387],[-1.20226,60.083075],[-1.19286,60.06981],[-1.174428,60.060289],[-1.164703,60.060248],[-1.170074,60.045966],[-1.18517,60.038275],[-1.203725,60.036526],[-1.21939,60.03974],[-1.215077,60.02619],[-1.192616,59.997504],[-1.201243,59.986396],[-1.21581,59.986884],[-1.247304,59.997504],[-1.242991,59.976874],[-1.245229,59.955756],[-1.25357,59.936957],[-1.26773,59.923041],[-1.27184,59.927802],[-1.274566,59.929877],[-1.266591,59.918199],[-1.263417,59.907172],[-1.26594,59.895575],[-1.274566,59.882066],[-1.263743,59.874905],[-1.260976,59.8664],[-1.265004,59.858832],[-1.274566,59.854193],[-1.278432,59.859117],[-1.295033,59.874661],[-1.302887,59.864325],[-1.311106,59.865546],[-1.312856,59.873114],[-1.301422,59.882066],[-1.301422,59.888902],[-1.316477,59.895982],[-1.34789,59.891995],[-1.364003,59.896308],[-1.375966,59.908637],[-1.358022,59.921576],[-1.364003,59.937323],[-1.355702,59.945461],[-1.345855,59.950385],[-1.334788,59.952135],[-1.322987,59.950995],[-1.322987,59.95661],[-1.341054,59.96776],[-1.349721,59.970893],[-1.349721,59.977688],[-1.322987,59.977688],[-1.328725,59.99551],[-1.318023,60.011135],[-1.302887,60.028022],[-1.287709,60.075629],[-1.273061,60.095201],[-1.262603,60.115058],[-1.26773,60.142157],[-1.273061,60.146186],[-1.278961,60.145087],[-1.284535,60.145941],[-1.288889,60.155829],[-1.288157,60.159613],[-1.285268,60.164618],[-1.269358,60.185452],[-1.27953,60.185126],[-1.294057,60.179674],[-1.298166,60.176337],[-1.309193,60.177069],[-1.312408,60.18065],[-1.309316,60.189032],[-1.294667,60.215399],[-1.286773,60.225287],[-1.277699,60.233222],[-1.26773,60.238349],[-1.26773,60.245185],[-1.286936,60.246283],[-1.301584,60.235785],[-1.329254,60.20425],[-1.343007,60.227484],[-1.357655,60.24433],[-1.37857,60.254788],[-1.411122,60.258857],[-1.411122,60.25141],[-1.391835,60.246527],[-1.376088,60.237942],[-1.362457,60.225979],[-1.349721,60.211086],[-1.356557,60.196763],[-1.376088,60.207099],[-1.385325,60.210598],[-1.398101,60.211086],[-1.397572,60.192694],[-1.404612,60.179511],[-1.413645,60.176988],[-1.418691,60.190619],[-1.430776,60.184882],[-1.434926,60.174465],[-1.437734,60.163398],[-1.445953,60.155829],[-1.455434,60.156195],[-1.494293,60.170111],[-1.496409,60.172187],[-1.517934,60.184516],[-1.520985,60.183743],[-1.527252,60.192939],[-1.526723,60.197577],[-1.520985,60.20425],[-1.509511,60.209947],[-1.4794,60.214016],[-1.46642,60.217231],[-1.479237,60.222235],[-1.503651,60.243354],[-1.507965,60.235297],[-1.513336,60.221666],[-1.525054,60.212348],[-1.536773,60.210924],[-1.542144,60.220933],[-1.548248,60.229722],[-1.562652,60.227444],[-1.593007,60.217231],[-1.615142,60.215725],[-1.624664,60.217231],[-1.630238,60.220893],[-1.631174,60.225898],[-1.632802,60.230292],[-1.640859,60.232164],[-1.661285,60.233873],[-1.669749,60.239569],[-1.679351,60.265692],[-1.690175,60.285142],[-1.686391,60.29092],[-1.671864,60.299791],[-1.657379,60.30622],[-1.638743,60.311469],[-1.619374,60.314358],[-1.602935,60.313463],[-1.588287,60.307034],[-1.577219,60.298733],[-1.565297,60.29267],[-1.548411,60.292955],[-1.555816,60.306627],[-1.520985,60.299791],[-1.520985,60.306627],[-1.528432,60.306627],[-1.528432,60.313463],[-1.481435,60.316474],[-1.4676,60.308539],[-1.46642,60.278713],[-1.461415,60.279731],[-1.450185,60.283759],[-1.445953,60.2862],[-1.450917,60.291734],[-1.456451,60.302314],[-1.459584,60.306627],[-1.439036,60.306627],[-1.441803,60.310696],[-1.445953,60.32095],[-1.42276,60.326117],[-1.396352,60.321845],[-1.374257,60.308417],[-1.364003,60.2862],[-1.350006,60.297756],[-1.33609,60.306627],[-1.364003,60.32095],[-1.343495,60.347602],[-1.336578,60.343451],[-1.330312,60.342027],[-1.315541,60.341376],[-1.328114,60.352688],[-1.31017,60.355862],[-1.260365,60.355048],[-1.284291,60.363511],[-1.313832,60.366848],[-1.337554,60.374457],[-1.343495,60.395982],[-1.362538,60.384711],[-1.373402,60.38109],[-1.384429,60.382392],[-1.395009,60.38996],[-1.39859,60.399604],[-1.395253,60.409166],[-1.384429,60.41649],[-1.384429,60.423326],[-1.415639,60.423163],[-1.429107,60.425238],[-1.439036,60.430813],[-1.436269,60.443183],[-1.4381,60.460517],[-1.445953,60.492255],[-1.459381,60.472805],[-1.469838,60.462226],[-1.480092,60.457465],[-1.495595,60.460883],[-1.499094,60.469062],[-1.493072,60.478461],[-1.480092,60.485419],[-1.500234,60.485175],[-1.516754,60.482611],[-1.532094,60.4831],[-1.548411,60.492255],[-1.557485,60.480658],[-1.572011,60.476752],[-1.606679,60.477973],[-1.609364,60.483344],[-1.604156,60.495022],[-1.595123,60.506781],[-1.586171,60.512112],[-1.561513,60.510688],[-1.555816,60.512112],[-1.550689,60.519029],[-1.550201,60.526353],[-1.550689,60.533393],[-1.548411,60.539374],[-1.538726,60.548977],[-1.526967,60.55683],[-1.513987,60.557807],[-1.500559,60.54682],[-1.488189,60.525824],[-1.455068,60.508857],[-1.41747,60.502183],[-1.384429,60.512112],[-1.395741,60.516669],[-1.410715,60.518622],[-1.435943,60.518948],[-1.443186,60.522528],[-1.451975,60.530178],[-1.463857,60.537421],[-1.480092,60.539374],[-1.471588,60.546454],[-1.457997,60.56387],[-1.452789,60.567328],[-1.44164,60.568793],[-1.411122,60.58039],[-1.421457,60.586168],[-1.425364,60.587836],[-1.416493,60.595038],[-1.414052,60.599921],[-1.415639,60.603827],[-1.418691,60.608303],[-1.394154,60.614325],[-1.366851,60.61225],[-1.339752,60.604641],[-1.315541,60.594062],[-1.312489,60.598293],[-1.308705,60.601467],[-1.326161,60.611151],[-1.323964,60.621324],[-1.301422,60.643052],[-1.291412,60.623114],[-1.290679,60.615139],[-1.295033,60.608303],[-1.292104,60.599595],[-1.293528,60.593248],[-1.299143,60.58926],[-1.308705,60.587836],[-1.301422,60.564846],[-1.309438,60.554104],[-1.323964,60.546454],[-1.33609,60.533189],[-1.315541,60.533189],[-1.320302,60.528266],[-1.324818,60.526557],[-1.33609,60.525784],[-1.330556,60.523871],[-1.327301,60.521674],[-1.323354,60.519843],[-1.315541,60.518948],[-1.33609,60.485419],[-1.326527,60.486396],[-1.317494,60.488918],[-1.309153,60.492906],[-1.301422,60.49844],[-1.295033,60.492255],[-1.309153,60.477037],[-1.31192,60.470893],[-1.308705,60.464911],[-1.308705,60.457465],[-1.327952,60.453192],[-1.351796,60.418362],[-1.370229,60.409654],[-1.370229,60.402167],[-1.357493,60.401435],[-1.345041,60.40233],[-1.333363,60.405015],[-1.322987,60.409654],[-1.32433,60.42772],[-1.296986,60.437974],[-1.233632,60.443793],[-1.280995,60.461859],[-1.295033,60.471137],[-1.284739,60.478705],[-1.271962,60.48428],[-1.261952,60.481594],[-1.260365,60.464911],[-1.25121,60.470852],[-1.230784,60.488715],[-1.226877,60.495307],[-1.217519,60.497992],[-1.19929,60.492377],[-1.186269,60.482245],[-1.192616,60.471137],[-1.180165,60.468207],[-1.169911,60.463121],[-1.162343,60.455268],[-1.157867,60.443793],[-1.163075,60.439276],[-1.164703,60.436957],[-1.151723,60.430813],[-1.163971,60.425482],[-1.185902,60.431586],[-1.196034,60.427069],[-1.204335,60.420152],[-1.214019,60.414984],[-1.224192,60.411444],[-1.220774,60.409125],[-1.208648,60.410712],[-1.18517,60.41649],[-1.189117,60.414008],[-1.199452,60.409654],[-1.199452,60.402167],[-1.165435,60.412055],[-1.153676,60.407904],[-1.151723,60.388577],[-1.144276,60.388577],[-1.140289,60.398871],[-1.136952,60.399482],[-1.132151,60.398017],[-1.123769,60.402167],[-1.11974,60.408149],[-1.116689,60.415676],[-1.11205,60.423651],[-1.103424,60.430813],[-1.099965,60.427476],[-1.098378,60.424221],[-1.097035,60.41649]]],[[[-0.987172,60.697699],[-0.997955,60.685614],[-0.99706,60.676093],[-0.979726,60.656684],[-0.985707,60.645901],[-0.993479,60.635647],[-1.025868,60.654486],[-1.042592,60.661566],[-1.062327,60.662909],[-1.050526,60.655585],[-1.036773,60.64289],[-1.013905,60.615139],[-1.027089,60.610093],[-1.041005,60.607978],[-1.055287,60.609442],[-1.069163,60.615139],[-1.06428,60.604071],[-1.052073,60.597642],[-1.036366,60.594713],[-1.020741,60.594062],[-1.022694,60.590725],[-1.022939,60.58983],[-1.028188,60.587836],[-1.011057,60.577704],[-1.010732,60.565497],[-1.022532,60.55565],[-1.04186,60.553046],[-1.026967,60.535834],[-1.02245,60.527248],[-1.020741,60.51553],[-1.023793,60.502997],[-1.031728,60.500678],[-1.055491,60.505845],[-1.080068,60.505194],[-1.09203,60.507717],[-1.097035,60.51553],[-1.100697,60.515041],[-1.106557,60.511054],[-1.107737,60.505072],[-1.097035,60.49844],[-1.097035,60.492255],[-1.130523,60.496039],[-1.153879,60.508368],[-1.167795,60.530463],[-1.180043,60.624661],[-1.171376,60.645982],[-1.138051,60.649237],[-1.138051,60.643052],[-1.141021,60.631171],[-1.130116,60.61933],[-1.114491,60.612454],[-1.103424,60.615139],[-1.106557,60.619778],[-1.120595,60.646186],[-1.123769,60.659817],[-1.120961,60.666409],[-1.11148,60.681138],[-1.113922,60.684027],[-1.119537,60.687893],[-1.120432,60.696926],[-1.118031,60.707221],[-1.113922,60.714748],[-1.103993,60.725775],[-1.092112,60.735338],[-1.079905,60.735541],[-1.069163,60.718166],[-1.057607,60.729722],[-1.036977,60.73314],[-0.993479,60.731147],[-0.993153,60.717719],[-0.99474,60.713609],[-1.000885,60.711371],[-1.000885,60.703925],[-0.995961,60.70246],[-0.991607,60.69953],[-0.987172,60.697699]]],[[[-0.904693,60.684027],[-0.934804,60.682115],[-0.950307,60.684312],[-0.966176,60.690172],[-0.961334,60.700019],[-0.95995,60.709418],[-0.961822,60.717922],[-0.966176,60.725002],[-0.948598,60.717963],[-0.943227,60.72602],[-0.94579,60.740302],[-0.952463,60.752346],[-0.935699,60.756008],[-0.926137,60.769599],[-0.926178,60.784654],[-0.938832,60.79267],[-0.938832,60.800116],[-0.923085,60.804104],[-0.904164,60.813951],[-0.890533,60.825588],[-0.891021,60.834866],[-0.8815,60.845038],[-0.870107,60.845201],[-0.860341,60.837551],[-0.856191,60.823961],[-0.860341,60.812934],[-0.870188,60.806383],[-0.881663,60.800849],[-0.891021,60.79267],[-0.888336,60.78974],[-0.876129,60.79267],[-0.861969,60.798245],[-0.853139,60.803534],[-0.831776,60.840277],[-0.822133,60.847886],[-0.815582,60.843085],[-0.809722,60.841702],[-0.795481,60.84101],[-0.782786,60.838202],[-0.77184,60.833401],[-0.763905,60.825426],[-0.760732,60.813137],[-0.768788,60.81269],[-0.787994,60.806952],[-0.768544,60.800971],[-0.760732,60.800116],[-0.775787,60.791571],[-0.795766,60.785631],[-0.808461,60.778632],[-0.801666,60.766547],[-0.801666,60.759101],[-0.821401,60.758531],[-0.814565,60.757148],[-0.808013,60.755113],[-0.801666,60.752346],[-0.801666,60.744818],[-0.842763,60.724026],[-0.850006,60.718166],[-0.843007,60.706],[-0.828847,60.694892],[-0.821889,60.685004],[-0.836415,60.676581],[-0.846181,60.675971],[-0.854482,60.67829],[-0.862213,60.681586],[-0.870473,60.684027],[-0.890126,60.684963],[-0.904693,60.684027]]],[[[-13.690419,57.596259],[-13.691314,57.596503],[-13.691314,57.597154],[-13.690419,57.597805],[-13.688588,57.597805],[-13.687652,57.597154],[-13.687652,57.596869],[-13.688588,57.596259],[-13.690419,57.596259]]],[[[-1.315094,60.093736],[-1.308258,60.094143],[-1.304799,60.086575],[-1.309804,60.076361],[-1.317738,60.06623],[-1.326772,60.050605],[-1.333567,60.043606],[-1.339019,60.043891],[-1.338002,60.051093],[-1.333852,60.06151],[-1.333119,60.073676],[-1.334625,60.076321],[-1.335805,60.070054],[-1.338368,60.064032],[-1.353871,60.051215],[-1.367909,60.044827],[-1.369862,60.04914],[-1.357004,60.058173],[-1.35204,60.069525],[-1.347564,60.083441],[-1.338002,60.093451],[-1.340443,60.099677],[-1.346995,60.10456],[-1.345693,60.108954],[-1.327789,60.111396],[-1.321156,60.115668],[-1.315826,60.115465],[-1.315053,60.106391],[-1.321767,60.093085],[-1.323354,60.088202],[-1.315094,60.093736]]],[[[-2.053212,60.155504],[-2.048899,60.147121],[-2.048085,60.129218],[-2.062978,60.117987],[-2.086903,60.123277],[-2.105377,60.132066],[-2.112294,60.138007],[-2.110341,60.145331],[-2.103424,60.150051],[-2.08788,60.155463],[-2.064687,60.157294],[-2.053212,60.155504]]],[[[-1.062856,60.164049],[-1.050526,60.169623],[-1.050445,60.162787],[-1.052724,60.148424],[-1.059478,60.137641],[-1.066762,60.129218],[-1.073801,60.107733],[-1.083892,60.10517],[-1.112945,60.116278],[-1.122222,60.123114],[-1.119252,60.155585],[-1.13565,60.167955],[-1.134918,60.178697],[-1.115793,60.180162],[-1.097524,60.175727],[-1.089589,60.178168],[-1.086415,60.186469],[-1.079457,60.1883],[-1.074941,60.182807],[-1.07315,60.173],[-1.069936,60.164211],[-1.062856,60.164049]]],[[[-0.918772,60.386176],[-0.912668,60.386786],[-0.911204,60.38231],[-0.917714,60.376654],[-0.931386,60.368476],[-0.948598,60.355862],[-0.975982,60.340318],[-1.015207,60.334133],[-1.034088,60.340155],[-1.02892,60.345649],[-1.02359,60.349433],[-1.021555,60.354478],[-1.016428,60.362006],[-1.006418,60.368964],[-0.995229,60.371649],[-0.983632,60.372301],[-0.974477,60.375922],[-0.9676,60.381049],[-0.932281,60.382758],[-0.921783,60.384589],[-0.918772,60.386176]]]]}}]}