2026-05-09 11:44:39,303 - INFO - -----------------------------------------
2026-05-09 11:44:39,303 - INFO - Processing team: AC Milan
2026-05-09 11:44:40,643 - INFO - [City population DEBUG] row header='Country' value='Italy'
2026-05-09 11:44:40,644 - INFO - [City population DEBUG] row header='Region' value='Lombardy'
2026-05-09 11:44:40,645 - INFO - [City population DEBUG] row header='Metropolitan city' value='Milan'
2026-05-09 11:44:40,645 - INFO - [City population DEBUG] row header='• Type' value='Strong Mayor–Council'
2026-05-09 11:44:40,647 - INFO - [City population DEBUG] row header='• Mayor' value='Giuseppe Sala'
2026-05-09 11:44:40,647 - INFO - [City population DEBUG] row header='• Legislature' value='Milan City Council'
2026-05-09 11:44:40,648 - INFO - [City population DEBUG] row header='• Comune' value='181.67 km 2 (70.14 sq mi)'
2026-05-09 11:44:40,648 - INFO - [City population DEBUG] row header='• Metro' value='3,632 km 2 (1,402 sq mi)'
2026-05-09 11:44:40,648 - INFO - [City population DEBUG] row header='Elevation' value='120 m (390 ft)'
2026-05-09 11:44:40,649 - INFO - [City population DEBUG] row header='• Comune' value='1,362,863'
2026-05-09 11:44:40,649 - INFO - [City population] Candidate from row '• Comune': 1362863
2026-05-09 11:44:40,650 - INFO - [City population DEBUG] row header='• Rank' value='2nd in Italy'
2026-05-09 11:44:40,650 - INFO - [City population DEBUG] row header='• Density' value='7,501.9/km 2 (19,430/sq mi)'
2026-05-09 11:44:40,650 - INFO - [City population DEBUG] row header='• Metro [ 4 ]' value='6,550,000'
2026-05-09 11:44:40,651 - INFO - [City population DEBUG] row header='Demonym(s)' value='Milanese Meneghino [ 5 ]'
2026-05-09 11:44:40,651 - INFO - [City population DEBUG] row header='• Metro' value='€328 billion (2024)'
2026-05-09 11:44:40,651 - INFO - [City population DEBUG] row header='Time zone' value='UTC+1 ( CET )'
2026-05-09 11:44:40,651 - INFO - [City population DEBUG] row header='• Summer ( DST )' value='UTC+2 ( CEST )'
2026-05-09 11:44:40,651 - INFO - [City population DEBUG] row header='Postal code' value='20121–20162'
2026-05-09 11:44:40,652 - INFO - [City population DEBUG] row header='Area code' value='0039 02'
2026-05-09 11:44:40,652 - INFO - [City population DEBUG] row header='Climate' value='Humid subtropical climate (Cfa)'
2026-05-09 11:44:40,652 - INFO - [City population DEBUG] row header='Website' value='www.comune.milano.it'
2026-05-09 11:44:40,652 - INFO - [City population] Found from municipality/comune candidate: 1362863
2026-05-09 11:44:43,069 - INFO - [City: Milan] population \u2192 1362863 (Wikipedia)
2026-05-09 11:44:43,072 - INFO - [City: Milan] image \u2192 https://upload.wikimedia.org/wikipedia/commons/thumb/c/c3/Milan_skyline_skyscrapers_of_Porta_Nuova_business_district_%28cropped%29.jpg/330px-Milan_skyline_skyscrapers_of_Porta_Nuova_business_district_%28cropped%29.jpg (Wikipedia)
2026-05-09 11:44:43,085 - INFO - Updated city: Milan
2026-05-09 11:44:44,341 - INFO - ====== WebDriver manager ======
2026-05-09 11:44:50,095 - INFO - Get LATEST chromedriver version for google-chrome
2026-05-09 11:44:50,168 - INFO - Get LATEST chromedriver version for google-chrome
2026-05-09 11:44:50,235 - INFO - Driver [C:\Users\marco\.wdm\drivers\chromedriver\win64\147.0.7727.117\chromedriver-win32/chromedriver.exe] found in cache
2026-05-09 11:45:00,548 - INFO - Accepted consent popup.
2026-05-09 11:45:05,787 - INFO - [Stadium: Giuseppe Meazza] capacity \u2192 75923 (Transfermarkt/Wikipedia)
2026-05-09 11:45:05,787 - INFO - [Stadium: Giuseppe Meazza] year \u2192 1926 (Transfermarkt/Wikipedia)
2026-05-09 11:45:05,787 - INFO - [Stadium: Giuseppe Meazza] latitude \u2192 45.47806 (Wikipedia)
2026-05-09 11:45:05,787 - INFO - [Stadium: Giuseppe Meazza] longitude \u2192 9.12389 (Wikipedia)
2026-05-09 11:45:05,787 - INFO - [Stadium: Giuseppe Meazza] image \u2192 https://tmssl.akamaized.net//images/foto/stadionnormal/giuseppe-meazza-san-siro-milan-flag-1773699198-192206.jpg?lm=1773699214 (Wikipedia)
2026-05-09 11:45:05,787 - INFO - [Stadium: Giuseppe Meazza] owner_raw \u2192 AC Milan (1926–1935) City of Milan (1935–2025) AC Milan & Inter Milan (2025–present) (Wikipedia)
2026-05-09 11:45:05,787 - INFO - [Stadium: Giuseppe Meazza] ownership \u2192 MIXED (Wikipedia)
2026-05-09 11:45:05,800 - INFO - Updated stadium: Giuseppe Meazza
2026-05-09 11:45:11,205 - INFO - ====== WebDriver manager ======
2026-05-09 11:45:12,644 - INFO - Get LATEST chromedriver version for google-chrome
2026-05-09 11:45:12,713 - INFO - Get LATEST chromedriver version for google-chrome
2026-05-09 11:45:12,779 - INFO - Driver [C:\Users\marco\.wdm\drivers\chromedriver\win64\147.0.7727.117\chromedriver-win32/chromedriver.exe] found in cache
2026-05-09 11:45:23,114 - INFO - Accepted consent popup.
2026-05-09 11:45:37,097 - INFO - ====== WebDriver manager ======
2026-05-09 11:45:39,186 - INFO - Get LATEST chromedriver version for google-chrome
2026-05-09 11:45:39,283 - INFO - Get LATEST chromedriver version for google-chrome
2026-05-09 11:45:39,362 - INFO - Driver [C:\Users\marco\.wdm\drivers\chromedriver\win64\147.0.7727.117\chromedriver-win32/chromedriver.exe] found in cache
2026-05-09 11:45:54,889 - INFO - Accepted consent popup.
2026-05-09 11:45:58,077 - INFO - Average attendance extracted: 71512
2026-05-09 11:46:04,751 - INFO - [Team: AC Milan] manager \u2192 Massimiliano Allegri (Wikipedia)
2026-05-09 11:46:04,751 - INFO - [Team: AC Milan] founded \u2192 1899-01-01 (Transfermarkt/Wikipedia)
2026-05-09 11:46:04,751 - INFO - [Team: AC Milan] tier \u2192 1 (Transfermarkt/JSON)
2026-05-09 11:46:04,752 - INFO - Updated team: AC Milan
2026-05-09 11:46:08,795 - INFO - Finished processing AC Milan
2026-05-09 11:46:08,795 - INFO - -----------------------------------------
2026-05-09 11:46:08,795 - INFO - Processing team: Inter Milan
2026-05-09 11:46:09,831 - INFO - [City population DEBUG] row header='Country' value='Italy'
2026-05-09 11:46:09,831 - INFO - [City population DEBUG] row header='Region' value='Lombardy'
2026-05-09 11:46:09,831 - INFO - [City population DEBUG] row header='Metropolitan city' value='Milan'
2026-05-09 11:46:09,831 - INFO - [City population DEBUG] row header='• Type' value='Strong Mayor–Council'
2026-05-09 11:46:09,831 - INFO - [City population DEBUG] row header='• Mayor' value='Giuseppe Sala'
2026-05-09 11:46:09,832 - INFO - [City population DEBUG] row header='• Legislature' value='Milan City Council'
2026-05-09 11:46:09,832 - INFO - [City population DEBUG] row header='• Comune' value='181.67 km 2 (70.14 sq mi)'
2026-05-09 11:46:09,832 - INFO - [City population DEBUG] row header='• Metro' value='3,632 km 2 (1,402 sq mi)'
2026-05-09 11:46:09,832 - INFO - [City population DEBUG] row header='Elevation' value='120 m (390 ft)'
2026-05-09 11:46:09,832 - INFO - [City population DEBUG] row header='• Comune' value='1,362,863'
2026-05-09 11:46:09,833 - INFO - [City population] Candidate from row '• Comune': 1362863
2026-05-09 11:46:09,833 - INFO - [City population DEBUG] row header='• Rank' value='2nd in Italy'
2026-05-09 11:46:09,833 - INFO - [City population DEBUG] row header='• Density' value='7,501.9/km 2 (19,430/sq mi)'
2026-05-09 11:46:09,833 - INFO - [City population DEBUG] row header='• Metro [ 4 ]' value='6,550,000'
2026-05-09 11:46:09,833 - INFO - [City population DEBUG] row header='Demonym(s)' value='Milanese Meneghino [ 5 ]'
2026-05-09 11:46:09,833 - INFO - [City population DEBUG] row header='• Metro' value='€328 billion (2024)'
2026-05-09 11:46:09,834 - INFO - [City population DEBUG] row header='Time zone' value='UTC+1 ( CET )'
2026-05-09 11:46:09,834 - INFO - [City population DEBUG] row header='• Summer ( DST )' value='UTC+2 ( CEST )'
2026-05-09 11:46:09,834 - INFO - [City population DEBUG] row header='Postal code' value='20121–20162'
2026-05-09 11:46:09,834 - INFO - [City population DEBUG] row header='Area code' value='0039 02'
2026-05-09 11:46:09,834 - INFO - [City population DEBUG] row header='Climate' value='Humid subtropical climate (Cfa)'
2026-05-09 11:46:09,834 - INFO - [City population DEBUG] row header='Website' value='www.comune.milano.it'
2026-05-09 11:46:09,835 - INFO - [City population] Found from municipality/comune candidate: 1362863
2026-05-09 11:46:12,510 - INFO - [City: Milan] population \u2192 1362863 (Wikipedia)
2026-05-09 11:46:12,510 - INFO - [City: Milan] image \u2192 https://upload.wikimedia.org/wikipedia/commons/thumb/c/c3/Milan_skyline_skyscrapers_of_Porta_Nuova_business_district_%28cropped%29.jpg/330px-Milan_skyline_skyscrapers_of_Porta_Nuova_business_district_%28cropped%29.jpg (Wikipedia)
2026-05-09 11:46:12,515 - INFO - Updated city: Milan
2026-05-09 11:46:13,771 - INFO - ====== WebDriver manager ======
2026-05-09 11:46:16,629 - INFO - Get LATEST chromedriver version for google-chrome
2026-05-09 11:46:16,705 - INFO - Get LATEST chromedriver version for google-chrome
2026-05-09 11:46:16,785 - INFO - Driver [C:\Users\marco\.wdm\drivers\chromedriver\win64\147.0.7727.117\chromedriver-win32/chromedriver.exe] found in cache
2026-05-09 11:46:31,169 - INFO - Accepted consent popup.
2026-05-09 11:47:04,359 - INFO - [Stadium: Giuseppe Meazza] capacity \u2192 75923 (Transfermarkt/Wikipedia)
2026-05-09 11:47:04,362 - INFO - [Stadium: Giuseppe Meazza] year \u2192 1926 (Transfermarkt/Wikipedia)
2026-05-09 11:47:04,362 - INFO - [Stadium: Giuseppe Meazza] latitude \u2192 45.47806 (Wikipedia)
2026-05-09 11:47:04,362 - INFO - [Stadium: Giuseppe Meazza] longitude \u2192 9.12389 (Wikipedia)
2026-05-09 11:47:04,362 - INFO - [Stadium: Giuseppe Meazza] image \u2192 https://tmssl.akamaized.net//images/foto/stadionnormal/giuseppe-meazza-san-siro-milan-flag-1773699198-192206.jpg?lm=1773699214 (Wikipedia)
2026-05-09 11:47:04,363 - INFO - [Stadium: Giuseppe Meazza] owner_raw \u2192 AC Milan (1926–1935) City of Milan (1935–2025) AC Milan & Inter Milan (2025–present) (Wikipedia)
2026-05-09 11:47:04,363 - INFO - [Stadium: Giuseppe Meazza] ownership \u2192 MIXED (Wikipedia)
2026-05-09 11:47:04,381 - INFO - Updated stadium: Giuseppe Meazza
2026-05-09 11:47:10,583 - INFO - ====== WebDriver manager ======
2026-05-09 11:47:13,490 - INFO - Get LATEST chromedriver version for google-chrome
2026-05-09 11:47:13,566 - INFO - Get LATEST chromedriver version for google-chrome
2026-05-09 11:47:13,637 - INFO - Driver [C:\Users\marco\.wdm\drivers\chromedriver\win64\147.0.7727.117\chromedriver-win32/chromedriver.exe] found in cache
2026-05-09 11:47:25,405 - INFO - Accepted consent popup.
2026-05-09 11:47:34,925 - INFO - ====== WebDriver manager ======
2026-05-09 11:47:37,514 - INFO - Get LATEST chromedriver version for google-chrome
2026-05-09 11:47:37,603 - INFO - Get LATEST chromedriver version for google-chrome
2026-05-09 11:47:37,678 - INFO - Driver [C:\Users\marco\.wdm\drivers\chromedriver\win64\147.0.7727.117\chromedriver-win32/chromedriver.exe] found in cache
2026-05-09 11:47:52,151 - INFO - Accepted consent popup.
2026-05-09 11:48:02,217 - INFO - Average attendance extracted: 70129
2026-05-09 11:48:09,200 - INFO - [Team: Inter Milan] manager \u2192 Cristian Chivu (Wikipedia)
2026-05-09 11:48:09,200 - INFO - [Team: Inter Milan] founded \u2192 1908-01-01 (Transfermarkt/Wikipedia)
2026-05-09 11:48:09,200 - INFO - [Team: Inter Milan] tier \u2192 1 (Transfermarkt/JSON)
2026-05-09 11:48:09,201 - INFO - Updated team: Inter Milan
2026-05-09 11:48:13,252 - INFO - Finished processing Inter Milan
2026-05-09 11:48:13,253 - INFO - -----------------------------------------
2026-05-09 11:48:13,253 - INFO - Processing team: Como 1907
2026-05-09 11:48:14,048 - INFO - [City population DEBUG] row header='Country' value='Italy'
2026-05-09 11:48:14,048 - INFO - [City population DEBUG] row header='Region' value='Lombardy'
2026-05-09 11:48:14,048 - INFO - [City population DEBUG] row header='Province' value='Como (CO)'
2026-05-09 11:48:14,048 - INFO - [City population DEBUG] row header='Roman foundation' value='196 BC'
2026-05-09 11:48:14,049 - INFO - [City population DEBUG] row header='Frazioni' value='Albate, Borghi, Breccia, Camerlata, Camnago Volta, Civiglio, Garzola, Lora, Monte Olimpino, Muggiò, Ponte Chiasso, Prestino, Rebbio , Sagnino, Tavernola'
2026-05-09 11:48:14,049 - INFO - [City population DEBUG] row header='• Mayor' value='Alessandro Rapinese (since 27 June 2022) ( Ind. )'
2026-05-09 11:48:14,050 - INFO - [City population DEBUG] row header='• Total' value='37.14 km 2 (14.34 sq mi)'
2026-05-09 11:48:14,050 - INFO - [City population DEBUG] row header='Elevation' value='201 m (659 ft)'
2026-05-09 11:48:14,050 - INFO - [City population DEBUG] row header='• Total' value='84,250'
2026-05-09 11:48:14,050 - INFO - [City population] Candidate from row '• Total': 84250
2026-05-09 11:48:14,050 - INFO - [City population DEBUG] row header='• Density' value='2,268/km 2 (5,875/sq mi)'
2026-05-09 11:48:14,050 - INFO - [City population DEBUG] row header='Demonym' value='Comaschi'
2026-05-09 11:48:14,050 - INFO - [City population DEBUG] row header='Time zone' value='UTC+1 ( CET )'
2026-05-09 11:48:14,050 - INFO - [City population DEBUG] row header='• Summer ( DST )' value='UTC+2 ( CEST )'
2026-05-09 11:48:14,050 - INFO - [City population DEBUG] row header='Postal code' value='22100'
2026-05-09 11:48:14,050 - INFO - [City population DEBUG] row header='Dialing code' value='031'
2026-05-09 11:48:14,050 - INFO - [City population DEBUG] row header='Patron saint' value='Saint Abbondio'
2026-05-09 11:48:14,051 - INFO - [City population DEBUG] row header='Saint day' value='31 August'
2026-05-09 11:48:14,051 - INFO - [City population DEBUG] row header='Website' value='Official website'
2026-05-09 11:48:14,051 - INFO - [City population] Found from municipality/comune candidate: 84250
2026-05-09 11:48:14,742 - INFO - [City: Como] population \u2192 84250 (Wikipedia)
2026-05-09 11:48:14,742 - INFO - [City: Como] image \u2192 https://upload.wikimedia.org/wikipedia/commons/thumb/0/0a/Como_and_its_lake.jpg/330px-Como_and_its_lake.jpg (Wikipedia)
2026-05-09 11:48:14,744 - INFO - Updated city: Como
2026-05-09 11:48:15,102 - INFO - ====== WebDriver manager ======
2026-05-09 11:48:16,841 - INFO - Get LATEST chromedriver version for google-chrome
2026-05-09 11:48:16,902 - INFO - Get LATEST chromedriver version for google-chrome
2026-05-09 11:48:16,962 - INFO - Driver [C:\Users\marco\.wdm\drivers\chromedriver\win64\147.0.7727.117\chromedriver-win32/chromedriver.exe] found in cache
2026-05-09 11:48:28,134 - INFO - Accepted consent popup.
2026-05-09 11:48:43,013 - INFO - [Stadium: Giuseppe Sinigaglia] capacity \u2192 12039 (Transfermarkt/Wikipedia)
2026-05-09 11:48:43,014 - INFO - [Stadium: Giuseppe Sinigaglia] year \u2192 1927 (Transfermarkt/Wikipedia)
2026-05-09 11:48:43,014 - INFO - [Stadium: Giuseppe Sinigaglia] latitude \u2192 45.81389 (Wikipedia)
2026-05-09 11:48:43,015 - INFO - [Stadium: Giuseppe Sinigaglia] longitude \u2192 9.07222 (Wikipedia)
2026-05-09 11:48:43,015 - INFO - [Stadium: Giuseppe Sinigaglia] image \u2192 https://tmssl.akamaized.net//images/foto/stadionnormal/giuseppe-sinigaglia-2024-1721978587-143451.jpg?lm=1721978602 (Wikipedia)
2026-05-09 11:48:43,015 - INFO - [Stadium: Giuseppe Sinigaglia] owner_raw \u2192 Municipality of Como (Wikipedia)
2026-05-09 11:48:43,015 - INFO - [Stadium: Giuseppe Sinigaglia] ownership \u2192 PUBLIC (Wikipedia)
2026-05-09 11:48:43,045 - INFO - Updated stadium: Giuseppe Sinigaglia
2026-05-09 11:48:47,985 - INFO - ====== WebDriver manager ======
2026-05-09 11:48:49,980 - INFO - Get LATEST chromedriver version for google-chrome
2026-05-09 11:48:50,063 - INFO - Get LATEST chromedriver version for google-chrome
2026-05-09 11:48:50,137 - INFO - Driver [C:\Users\marco\.wdm\drivers\chromedriver\win64\147.0.7727.117\chromedriver-win32/chromedriver.exe] found in cache
2026-05-09 11:49:03,115 - INFO - Accepted consent popup.
2026-05-09 11:49:20,437 - INFO - ====== WebDriver manager ======
2026-05-09 11:49:21,744 - INFO - Get LATEST chromedriver version for google-chrome
2026-05-09 11:49:21,814 - INFO - Get LATEST chromedriver version for google-chrome
2026-05-09 11:49:21,880 - INFO - Driver [C:\Users\marco\.wdm\drivers\chromedriver\win64\147.0.7727.117\chromedriver-win32/chromedriver.exe] found in cache
2026-05-09 11:49:35,466 - INFO - Accepted consent popup.
2026-05-09 11:49:37,638 - INFO - Average attendance extracted: 10524
2026-05-09 11:49:44,260 - INFO - [Team: Como 1907] manager \u2192 Cesc Fàbregas (Wikipedia)
2026-05-09 11:49:44,260 - INFO - [Team: Como 1907] founded \u2192 1907-01-01 (Transfermarkt/Wikipedia)
2026-05-09 11:49:44,260 - INFO - [Team: Como 1907] tier \u2192 1 (Transfermarkt/JSON)
2026-05-09 11:49:44,261 - INFO - Updated team: Como 1907
2026-05-09 11:49:48,317 - INFO - Finished processing Como 1907
2026-05-09 11:49:48,317 - INFO - -----------------------------------------
2026-05-09 11:49:48,317 - INFO - Processing team: Juventus FC
2026-05-09 11:49:49,047 - INFO - [City population DEBUG] row header='Country' value='Italy'
2026-05-09 11:49:49,048 - INFO - [City population DEBUG] row header='Region' value='Piedmont'
2026-05-09 11:49:49,048 - INFO - [City population DEBUG] row header='Metropolitan city' value='Turin (TO)'
2026-05-09 11:49:49,048 - INFO - [City population DEBUG] row header='• Mayor' value='Stefano Lo Russo ( PD )'
2026-05-09 11:49:49,048 - INFO - [City population DEBUG] row header='• Total' value='130.01 km 2 (50.20 sq mi)'
2026-05-09 11:49:49,048 - INFO - [City population DEBUG] row header='Elevation' value='239 m (784 ft)'
2026-05-09 11:49:49,049 - INFO - [City population DEBUG] row header='• Total' value='855,654 ( 4th )'
2026-05-09 11:49:49,049 - INFO - [City population] Candidate from row '• Total': 855654
2026-05-09 11:49:49,049 - INFO - [City population DEBUG] row header='• Density' value='6,581.4/km 2 (17,046/sq mi)'
2026-05-09 11:49:49,049 - INFO - [City population DEBUG] row header='Demonym' value='Turinese(s)'
2026-05-09 11:49:49,049 - INFO - [City population DEBUG] row header='Time zone' value='UTC+1 ( CET )'
2026-05-09 11:49:49,049 - INFO - [City population DEBUG] row header='• Summer ( DST )' value='UTC+2 ( CEST )'
2026-05-09 11:49:49,049 - INFO - [City population DEBUG] row header='ISTAT code' value='001272'
2026-05-09 11:49:49,049 - INFO - [City population DEBUG] row header='Patron saint' value='John the Baptist'
2026-05-09 11:49:49,050 - INFO - [City population DEBUG] row header='Saint day' value='24 June'
2026-05-09 11:49:49,050 - INFO - [City population DEBUG] row header='Website' value='comune.torino.it'
2026-05-09 11:49:49,050 - INFO - [City population DEBUG] row header='Official name' value='Residences of the Royal House of Savoy'
2026-05-09 11:49:49,050 - INFO - [City population DEBUG] row header='Includes' value='several locations in Turin'
2026-05-09 11:49:49,050 - INFO - [City population DEBUG] row header='Criteria' value='Cultural: (i)(ii)(iv)(v)'
2026-05-09 11:49:49,050 - INFO - [City population DEBUG] row header='Reference' value='823bis'
2026-05-09 11:49:49,051 - INFO - [City population DEBUG] row header='Inscription' value='1997 (21st Session )'
2026-05-09 11:49:49,051 - INFO - [City population DEBUG] row header='Extensions' value='2010'
2026-05-09 11:49:49,051 - INFO - [City population] Found from municipality/comune candidate: 855654
2026-05-09 11:49:50,507 - INFO - [City: Turin] population \u2192 855654 (Wikipedia)
2026-05-09 11:49:50,507 - INFO - [City: Turin] image \u2192 https://upload.wikimedia.org/wikipedia/commons/thumb/d/d7/Turin_dotm_banner.jpg/330px-Turin_dotm_banner.jpg (Wikipedia)
2026-05-09 11:49:50,509 - INFO - Updated city: Turin
2026-05-09 11:49:51,388 - INFO - ====== WebDriver manager ======
2026-05-09 11:49:52,675 - INFO - Get LATEST chromedriver version for google-chrome
2026-05-09 11:49:52,743 - INFO - Get LATEST chromedriver version for google-chrome
2026-05-09 11:49:52,814 - INFO - Driver [C:\Users\marco\.wdm\drivers\chromedriver\win64\147.0.7727.117\chromedriver-win32/chromedriver.exe] found in cache
2026-05-09 11:50:02,366 - INFO - Accepted consent popup.
2026-05-09 11:50:17,259 - INFO - [Stadium: Allianz Stadium] capacity \u2192 41507 (Transfermarkt/Wikipedia)
2026-05-09 11:50:17,259 - INFO - [Stadium: Allianz Stadium] year \u2192 2011 (Transfermarkt/Wikipedia)
2026-05-09 11:50:17,259 - INFO - [Stadium: Allianz Stadium] latitude \u2192 45.10944 (Wikipedia)
2026-05-09 11:50:17,259 - INFO - [Stadium: Allianz Stadium] longitude \u2192 7.64111 (Wikipedia)
2026-05-09 11:50:17,259 - INFO - [Stadium: Allianz Stadium] image \u2192 https://tmssl.akamaized.net//images/foto/stadionnormal/allianz-stadium-juventus-fans-ucl-2022-23-1678188809-103231.jpg?lm=1678188831 (Wikipedia)
2026-05-09 11:50:17,259 - INFO - [Stadium: Allianz Stadium] owner_raw \u2192 Juventus Football Club S.p.A. (Wikipedia)
2026-05-09 11:50:17,259 - INFO - [Stadium: Allianz Stadium] ownership \u2192 PRIVATE (Wikipedia)
2026-05-09 11:50:17,271 - INFO - Updated stadium: Allianz Stadium
2026-05-09 11:50:24,121 - INFO - ====== WebDriver manager ======
2026-05-09 11:50:25,644 - INFO - Get LATEST chromedriver version for google-chrome
2026-05-09 11:50:25,714 - INFO - Get LATEST chromedriver version for google-chrome
2026-05-09 11:50:25,792 - INFO - Driver [C:\Users\marco\.wdm\drivers\chromedriver\win64\147.0.7727.117\chromedriver-win32/chromedriver.exe] found in cache
2026-05-09 11:50:37,584 - INFO - Accepted consent popup.
2026-05-09 11:50:50,773 - INFO - ====== WebDriver manager ======
2026-05-09 11:50:52,162 - INFO - Get LATEST chromedriver version for google-chrome
2026-05-09 11:50:52,254 - INFO - Get LATEST chromedriver version for google-chrome
2026-05-09 11:50:52,320 - INFO - Driver [C:\Users\marco\.wdm\drivers\chromedriver\win64\147.0.7727.117\chromedriver-win32/chromedriver.exe] found in cache
2026-05-09 11:51:04,815 - INFO - Accepted consent popup.
2026-05-09 11:51:06,917 - INFO - Average attendance extracted: 40237
2026-05-09 11:51:15,143 - INFO - [Team: Juventus FC] manager \u2192 Luciano Spalletti (Wikipedia)
2026-05-09 11:51:15,144 - INFO - [Team: Juventus FC] founded \u2192 1897-01-01 (Transfermarkt/Wikipedia)
2026-05-09 11:51:15,144 - INFO - [Team: Juventus FC] tier \u2192 1 (Transfermarkt/JSON)
2026-05-09 11:51:15,144 - INFO - Updated team: Juventus FC
2026-05-09 11:51:19,192 - INFO - Finished processing Juventus FC
2026-05-09 11:51:19,192 - INFO - -----------------------------------------
2026-05-09 11:51:19,192 - INFO - Processing team: Torino
2026-05-09 11:51:19,801 - INFO - [City population DEBUG] row header='Country' value='Italy'
2026-05-09 11:51:19,801 - INFO - [City population DEBUG] row header='Region' value='Piedmont'
2026-05-09 11:51:19,801 - INFO - [City population DEBUG] row header='Metropolitan city' value='Turin (TO)'
2026-05-09 11:51:19,801 - INFO - [City population DEBUG] row header='• Mayor' value='Stefano Lo Russo ( PD )'
2026-05-09 11:51:19,802 - INFO - [City population DEBUG] row header='• Total' value='130.01 km 2 (50.20 sq mi)'
2026-05-09 11:51:19,802 - INFO - [City population DEBUG] row header='Elevation' value='239 m (784 ft)'
2026-05-09 11:51:19,802 - INFO - [City population DEBUG] row header='• Total' value='855,654 ( 4th )'
2026-05-09 11:51:19,802 - INFO - [City population] Candidate from row '• Total': 855654
2026-05-09 11:51:19,802 - INFO - [City population DEBUG] row header='• Density' value='6,581.4/km 2 (17,046/sq mi)'
2026-05-09 11:51:19,802 - INFO - [City population DEBUG] row header='Demonym' value='Turinese(s)'
2026-05-09 11:51:19,802 - INFO - [City population DEBUG] row header='Time zone' value='UTC+1 ( CET )'
2026-05-09 11:51:19,802 - INFO - [City population DEBUG] row header='• Summer ( DST )' value='UTC+2 ( CEST )'
2026-05-09 11:51:19,802 - INFO - [City population DEBUG] row header='ISTAT code' value='001272'
2026-05-09 11:51:19,803 - INFO - [City population DEBUG] row header='Patron saint' value='John the Baptist'
2026-05-09 11:51:19,803 - INFO - [City population DEBUG] row header='Saint day' value='24 June'
2026-05-09 11:51:19,803 - INFO - [City population DEBUG] row header='Website' value='comune.torino.it'
2026-05-09 11:51:19,803 - INFO - [City population DEBUG] row header='Official name' value='Residences of the Royal House of Savoy'
2026-05-09 11:51:19,803 - INFO - [City population DEBUG] row header='Includes' value='several locations in Turin'
2026-05-09 11:51:19,803 - INFO - [City population DEBUG] row header='Criteria' value='Cultural: (i)(ii)(iv)(v)'
2026-05-09 11:51:19,803 - INFO - [City population DEBUG] row header='Reference' value='823bis'
2026-05-09 11:51:19,804 - INFO - [City population DEBUG] row header='Inscription' value='1997 (21st Session )'
2026-05-09 11:51:19,804 - INFO - [City population DEBUG] row header='Extensions' value='2010'
2026-05-09 11:51:19,804 - INFO - [City population] Found from municipality/comune candidate: 855654
2026-05-09 11:51:20,972 - INFO - [City: Turin] population \u2192 855654 (Wikipedia)
2026-05-09 11:51:20,972 - INFO - [City: Turin] image \u2192 https://upload.wikimedia.org/wikipedia/commons/thumb/d/d7/Turin_dotm_banner.jpg/330px-Turin_dotm_banner.jpg (Wikipedia)
2026-05-09 11:51:20,973 - INFO - Updated city: Turin
2026-05-09 11:51:22,008 - INFO - ====== WebDriver manager ======
2026-05-09 11:51:23,857 - INFO - Get LATEST chromedriver version for google-chrome
2026-05-09 11:51:23,935 - INFO - Get LATEST chromedriver version for google-chrome
2026-05-09 11:51:24,002 - INFO - Driver [C:\Users\marco\.wdm\drivers\chromedriver\win64\147.0.7727.117\chromedriver-win32/chromedriver.exe] found in cache
2026-05-09 11:51:34,318 - INFO - Accepted consent popup.
2026-05-09 11:51:45,647 - INFO - [Stadium: Olimpico Grande Torino] capacity \u2192 28177 (Transfermarkt/Wikipedia)
2026-05-09 11:51:45,647 - INFO - [Stadium: Olimpico Grande Torino] year \u2192 1933 (Transfermarkt/Wikipedia)
2026-05-09 11:51:45,647 - INFO - [Stadium: Olimpico Grande Torino] latitude \u2192 45.04167 (Wikipedia)
2026-05-09 11:51:45,648 - INFO - [Stadium: Olimpico Grande Torino] longitude \u2192 7.65 (Wikipedia)
2026-05-09 11:51:45,648 - INFO - [Stadium: Olimpico Grande Torino] image \u2192 https://tmssl.akamaized.net//images/foto/stadionnormal/olimpico-grande-torino-stadium-1773699257-192207.jpg?lm=1773699272 (Wikipedia)
2026-05-09 11:51:45,648 - INFO - [Stadium: Olimpico Grande Torino] owner_raw \u2192 City of Turin (1933–present) (Wikipedia)
2026-05-09 11:51:45,648 - INFO - [Stadium: Olimpico Grande Torino] ownership \u2192 PUBLIC (Wikipedia)
2026-05-09 11:51:45,660 - INFO - Updated stadium: Olimpico Grande Torino
2026-05-09 11:51:51,479 - INFO - ====== WebDriver manager ======
2026-05-09 11:51:53,659 - INFO - Get LATEST chromedriver version for google-chrome
2026-05-09 11:51:53,732 - INFO - Get LATEST chromedriver version for google-chrome
2026-05-09 11:51:53,806 - INFO - Driver [C:\Users\marco\.wdm\drivers\chromedriver\win64\147.0.7727.117\chromedriver-win32/chromedriver.exe] found in cache
2026-05-09 11:52:06,744 - INFO - Accepted consent popup.
2026-05-09 11:52:25,379 - INFO - ====== WebDriver manager ======
2026-05-09 11:52:27,853 - INFO - Get LATEST chromedriver version for google-chrome
2026-05-09 11:52:27,955 - INFO - Get LATEST chromedriver version for google-chrome
2026-05-09 11:52:28,030 - INFO - Driver [C:\Users\marco\.wdm\drivers\chromedriver\win64\147.0.7727.117\chromedriver-win32/chromedriver.exe] found in cache
2026-05-09 11:52:40,461 - INFO - Accepted consent popup.
2026-05-09 11:52:45,703 - INFO - Average attendance extracted: 23324
2026-05-09 11:52:52,457 - INFO - [Team: Torino] manager \u2192 Roberto D'Aversa (Wikipedia)
2026-05-09 11:52:52,457 - INFO - [Team: Torino] founded \u2192 1906-01-01 (Transfermarkt/Wikipedia)
2026-05-09 11:52:52,457 - INFO - [Team: Torino] tier \u2192 1 (Transfermarkt/JSON)
2026-05-09 11:52:52,458 - INFO - Updated team: Torino
2026-05-09 11:52:56,511 - INFO - Finished processing Torino
2026-05-09 11:52:56,511 - INFO - -----------------------------------------
2026-05-09 11:52:56,511 - INFO - Processing team: AS Roma
2026-05-09 11:52:57,394 - INFO - [City population DEBUG] row header='Country' value='Italy [ a ]'
2026-05-09 11:52:57,395 - INFO - [City population DEBUG] row header='Region' value='Lazio'
2026-05-09 11:52:57,395 - INFO - [City population DEBUG] row header='Metropolitan city' value='Rome Capital'
2026-05-09 11:52:57,395 - INFO - [City population DEBUG] row header='Founded' value='21 April 753 BC'
2026-05-09 11:52:57,395 - INFO - [City population DEBUG] row header='Founded by' value='King Romulus ( legendary ) [ 1 ]'
2026-05-09 11:52:57,396 - INFO - [City population DEBUG] row header='• Type' value='Strong Mayor–Council'
2026-05-09 11:52:57,396 - INFO - [City population DEBUG] row header='• Mayor' value='Roberto Gualtieri ( PD )'
2026-05-09 11:52:57,396 - INFO - [City population DEBUG] row header='• Legislature' value='Capitoline Assembly'
2026-05-09 11:52:57,396 - INFO - [City population DEBUG] row header='• Municipality' value='1,287.36 km 2 (497.05 sq mi)'
2026-05-09 11:52:57,396 - INFO - [City population DEBUG] row header='• Metropolitan city' value='5,363.28 km 2 (2,070.77 sq mi)'
2026-05-09 11:52:57,397 - INFO - [City population DEBUG] row header='Elevation' value='21 m (69 ft)'
2026-05-09 11:52:57,397 - INFO - [City population DEBUG] row header='• Municipality' value='2,746,984'
2026-05-09 11:52:57,397 - INFO - [City population] Candidate from row '• Municipality': 2746984
2026-05-09 11:52:57,397 - INFO - [City population DEBUG] row header='• Rank' value='8th in Europe 1st in Italy'
2026-05-09 11:52:57,397 - INFO - [City population DEBUG] row header='• Density' value='2,133.81/km 2 (5,526.55/sq mi)'
2026-05-09 11:52:57,397 - INFO - [City population DEBUG] row header='• Metropolitan city' value='4,223,885'
2026-05-09 11:52:57,398 - INFO - [City population DEBUG] row header='• Metropolitan city density' value='787.556/km 2 (2,039.76/sq mi)'
2026-05-09 11:52:57,398 - INFO - [City population DEBUG] row header='Demonym(s)' value='Italian : romano(i) (masculine), romana(e) (feminine) English: Roman(s)'
2026-05-09 11:52:57,398 - INFO - [City population DEBUG] row header='• Metro' value='€201.290 billion (2023)'
2026-05-09 11:52:57,398 - INFO - [City population DEBUG] row header='Time zone' value='UTC+01:00 ( CET )'
2026-05-09 11:52:57,398 - INFO - [City population DEBUG] row header='• Summer ( DST )' value='UTC+02:00 ( CEST )'
2026-05-09 11:52:57,398 - INFO - [City population DEBUG] row header='CAP code(s)' value='00100; 00118 to 00199'
2026-05-09 11:52:57,398 - INFO - [City population DEBUG] row header='Area code' value='06'
2026-05-09 11:52:57,399 - INFO - [City population DEBUG] row header='Website' value='comune.roma.it'
2026-05-09 11:52:57,399 - INFO - [City population DEBUG] row header='Official name' value='Historic Centre of Rome , the Properties of the Holy See in that City Enjoying Extraterritorial Rights and San Paolo Fuori le Mura'
2026-05-09 11:52:57,399 - INFO - [City population DEBUG] row header='Reference' value='91'
2026-05-09 11:52:57,399 - INFO - [City population DEBUG] row header='Inscription' value='1980 (4th Session )'
2026-05-09 11:52:57,399 - INFO - [City population DEBUG] row header='Area' value='1,431 ha (3,540 acres)'
2026-05-09 11:52:57,399 - INFO - [City population] Found from municipality/comune candidate: 2746984
2026-05-09 11:52:59,411 - INFO - [City: Rome] population \u2192 2746984 (Wikipedia)
2026-05-09 11:52:59,412 - INFO - [City: Rome] image \u2192 https://upload.wikimedia.org/wikipedia/commons/thumb/0/0b/Rome_skyline_panorama.jpg/330px-Rome_skyline_panorama.jpg (Wikipedia)
2026-05-09 11:52:59,414 - INFO - Updated city: Rome
2026-05-09 11:53:00,468 - INFO - ====== WebDriver manager ======
2026-05-09 11:53:01,929 - INFO - Get LATEST chromedriver version for google-chrome
2026-05-09 11:53:02,001 - INFO - Get LATEST chromedriver version for google-chrome
2026-05-09 11:53:02,070 - INFO - Driver [C:\Users\marco\.wdm\drivers\chromedriver\win64\147.0.7727.117\chromedriver-win32/chromedriver.exe] found in cache
2026-05-09 11:53:11,519 - INFO - Accepted consent popup.
2026-05-09 11:53:18,306 - INFO - [Stadium: Olimpico di Roma] capacity \u2192 70634 (Transfermarkt/Wikipedia)
2026-05-09 11:53:18,306 - INFO - [Stadium: Olimpico di Roma] year \u2192 1937 (Transfermarkt/Wikipedia)
2026-05-09 11:53:18,306 - INFO - [Stadium: Olimpico di Roma] latitude \u2192 41.93389 (Wikipedia)
2026-05-09 11:53:18,306 - INFO - [Stadium: Olimpico di Roma] longitude \u2192 12.45472 (Wikipedia)
2026-05-09 11:53:18,306 - INFO - [Stadium: Olimpico di Roma] image \u2192 https://tmssl.akamaized.net//images/foto/stadionnormal/as-roma-fans-2022-1664380552-93371.jpg?lm=1664380561 (Wikipedia)
2026-05-09 11:53:18,306 - INFO - [Stadium: Olimpico di Roma] owner_raw \u2192 Sport e Salute [ 1 ] [ 2 ] (Wikipedia)
2026-05-09 11:53:18,307 - INFO - [Stadium: Olimpico di Roma] ownership \u2192 UNKNOWN (Wikipedia)
2026-05-09 11:53:18,332 - INFO - Updated stadium: Olimpico di Roma
2026-05-09 11:53:23,917 - INFO - ====== WebDriver manager ======
2026-05-09 11:53:25,213 - INFO - Get LATEST chromedriver version for google-chrome
2026-05-09 11:53:25,278 - INFO - Get LATEST chromedriver version for google-chrome
2026-05-09 11:53:25,343 - INFO - Driver [C:\Users\marco\.wdm\drivers\chromedriver\win64\147.0.7727.117\chromedriver-win32/chromedriver.exe] found in cache
2026-05-09 11:53:36,493 - INFO - Accepted consent popup.
2026-05-09 11:53:46,719 - INFO - ====== WebDriver manager ======
2026-05-09 11:53:48,062 - INFO - Get LATEST chromedriver version for google-chrome
2026-05-09 11:53:48,141 - INFO - Get LATEST chromedriver version for google-chrome
2026-05-09 11:53:48,213 - INFO - Driver [C:\Users\marco\.wdm\drivers\chromedriver\win64\147.0.7727.117\chromedriver-win32/chromedriver.exe] found in cache
2026-05-09 11:54:00,580 - INFO - Accepted consent popup.
2026-05-09 11:54:02,803 - INFO - Average attendance extracted: 62435
2026-05-09 11:54:11,184 - INFO - [Team: AS Roma] manager \u2192 Gian Piero Gasperini (Wikipedia)
2026-05-09 11:54:11,184 - INFO - [Team: AS Roma] founded \u2192 1927-01-01 (Transfermarkt/Wikipedia)
2026-05-09 11:54:11,185 - INFO - [Team: AS Roma] tier \u2192 1 (Transfermarkt/JSON)
2026-05-09 11:54:11,185 - INFO - Updated team: AS Roma
2026-05-09 11:54:15,235 - INFO - Finished processing AS Roma
2026-05-09 11:54:15,235 - INFO - -----------------------------------------
2026-05-09 11:54:15,235 - INFO - Processing team: Lazio
2026-05-09 11:54:16,016 - INFO - [City population DEBUG] row header='Country' value='Italy [ a ]'
2026-05-09 11:54:16,017 - INFO - [City population DEBUG] row header='Region' value='Lazio'
2026-05-09 11:54:16,017 - INFO - [City population DEBUG] row header='Metropolitan city' value='Rome Capital'
2026-05-09 11:54:16,017 - INFO - [City population DEBUG] row header='Founded' value='21 April 753 BC'
2026-05-09 11:54:16,017 - INFO - [City population DEBUG] row header='Founded by' value='King Romulus ( legendary ) [ 1 ]'
2026-05-09 11:54:16,017 - INFO - [City population DEBUG] row header='• Type' value='Strong Mayor–Council'
2026-05-09 11:54:16,018 - INFO - [City population DEBUG] row header='• Mayor' value='Roberto Gualtieri ( PD )'
2026-05-09 11:54:16,018 - INFO - [City population DEBUG] row header='• Legislature' value='Capitoline Assembly'
2026-05-09 11:54:16,018 - INFO - [City population DEBUG] row header='• Municipality' value='1,287.36 km 2 (497.05 sq mi)'
2026-05-09 11:54:16,018 - INFO - [City population DEBUG] row header='• Metropolitan city' value='5,363.28 km 2 (2,070.77 sq mi)'
2026-05-09 11:54:16,018 - INFO - [City population DEBUG] row header='Elevation' value='21 m (69 ft)'
2026-05-09 11:54:16,019 - INFO - [City population DEBUG] row header='• Municipality' value='2,746,984'
2026-05-09 11:54:16,019 - INFO - [City population] Candidate from row '• Municipality': 2746984
2026-05-09 11:54:16,019 - INFO - [City population DEBUG] row header='• Rank' value='8th in Europe 1st in Italy'
2026-05-09 11:54:16,019 - INFO - [City population DEBUG] row header='• Density' value='2,133.81/km 2 (5,526.55/sq mi)'
2026-05-09 11:54:16,019 - INFO - [City population DEBUG] row header='• Metropolitan city' value='4,223,885'
2026-05-09 11:54:16,020 - INFO - [City population DEBUG] row header='• Metropolitan city density' value='787.556/km 2 (2,039.76/sq mi)'
2026-05-09 11:54:16,020 - INFO - [City population DEBUG] row header='Demonym(s)' value='Italian : romano(i) (masculine), romana(e) (feminine) English: Roman(s)'
2026-05-09 11:54:16,020 - INFO - [City population DEBUG] row header='• Metro' value='€201.290 billion (2023)'
2026-05-09 11:54:16,020 - INFO - [City population DEBUG] row header='Time zone' value='UTC+01:00 ( CET )'
2026-05-09 11:54:16,021 - INFO - [City population DEBUG] row header='• Summer ( DST )' value='UTC+02:00 ( CEST )'
2026-05-09 11:54:16,021 - INFO - [City population DEBUG] row header='CAP code(s)' value='00100; 00118 to 00199'
2026-05-09 11:54:16,021 - INFO - [City population DEBUG] row header='Area code' value='06'
2026-05-09 11:54:16,021 - INFO - [City population DEBUG] row header='Website' value='comune.roma.it'
2026-05-09 11:54:16,021 - INFO - [City population DEBUG] row header='Official name' value='Historic Centre of Rome , the Properties of the Holy See in that City Enjoying Extraterritorial Rights and San Paolo Fuori le Mura'
2026-05-09 11:54:16,022 - INFO - [City population DEBUG] row header='Reference' value='91'
2026-05-09 11:54:16,022 - INFO - [City population DEBUG] row header='Inscription' value='1980 (4th Session )'
2026-05-09 11:54:16,022 - INFO - [City population DEBUG] row header='Area' value='1,431 ha (3,540 acres)'
2026-05-09 11:54:16,022 - INFO - [City population] Found from municipality/comune candidate: 2746984
2026-05-09 11:54:17,506 - INFO - [City: Rome] population \u2192 2746984 (Wikipedia)
2026-05-09 11:54:17,506 - INFO - [City: Rome] image \u2192 https://upload.wikimedia.org/wikipedia/commons/thumb/0/0b/Rome_skyline_panorama.jpg/330px-Rome_skyline_panorama.jpg (Wikipedia)
2026-05-09 11:54:17,507 - INFO - Updated city: Rome
2026-05-09 11:54:18,687 - INFO - ====== WebDriver manager ======
2026-05-09 11:54:20,023 - INFO - Get LATEST chromedriver version for google-chrome
2026-05-09 11:54:20,093 - INFO - Get LATEST chromedriver version for google-chrome
2026-05-09 11:54:20,154 - INFO - Driver [C:\Users\marco\.wdm\drivers\chromedriver\win64\147.0.7727.117\chromedriver-win32/chromedriver.exe] found in cache
2026-05-09 11:54:31,527 - INFO - Accepted consent popup.
2026-05-09 11:54:43,978 - INFO - [Stadium: Olimpico di Roma] capacity \u2192 70634 (Transfermarkt/Wikipedia)
2026-05-09 11:54:43,979 - INFO - [Stadium: Olimpico di Roma] year \u2192 1937 (Transfermarkt/Wikipedia)
2026-05-09 11:54:43,980 - INFO - [Stadium: Olimpico di Roma] latitude \u2192 41.93389 (Wikipedia)
2026-05-09 11:54:43,980 - INFO - [Stadium: Olimpico di Roma] longitude \u2192 12.45472 (Wikipedia)
2026-05-09 11:54:43,980 - INFO - [Stadium: Olimpico di Roma] image \u2192 https://tmssl.akamaized.net//images/foto/stadionnormal/as-roma-fans-2022-1664380552-93371.jpg?lm=1664380561 (Wikipedia)
2026-05-09 11:54:43,981 - INFO - [Stadium: Olimpico di Roma] owner_raw \u2192 Sport e Salute [ 1 ] [ 2 ] (Wikipedia)
2026-05-09 11:54:43,981 - INFO - [Stadium: Olimpico di Roma] ownership \u2192 UNKNOWN (Wikipedia)
2026-05-09 11:54:43,994 - INFO - Updated stadium: Olimpico di Roma
2026-05-09 11:54:49,708 - INFO - ====== WebDriver manager ======
2026-05-09 11:54:51,828 - INFO - Get LATEST chromedriver version for google-chrome
2026-05-09 11:54:51,897 - INFO - Get LATEST chromedriver version for google-chrome
2026-05-09 11:54:51,967 - INFO - Driver [C:\Users\marco\.wdm\drivers\chromedriver\win64\147.0.7727.117\chromedriver-win32/chromedriver.exe] found in cache
2026-05-09 11:55:04,695 - INFO - Accepted consent popup.
2026-05-09 11:55:24,256 - INFO - ====== WebDriver manager ======
2026-05-09 11:55:26,598 - INFO - Get LATEST chromedriver version for google-chrome
2026-05-09 11:55:26,695 - INFO - Get LATEST chromedriver version for google-chrome
2026-05-09 11:55:26,763 - INFO - Driver [C:\Users\marco\.wdm\drivers\chromedriver\win64\147.0.7727.117\chromedriver-win32/chromedriver.exe] found in cache
2026-05-09 11:55:39,770 - INFO - Accepted consent popup.
2026-05-09 11:55:42,232 - INFO - Average attendance extracted: 44077
2026-05-09 11:55:48,864 - INFO - [Team: Lazio] manager \u2192 Maurizio Sarri (Wikipedia)
2026-05-09 11:55:48,864 - INFO - [Team: Lazio] founded \u2192 1900-01-01 (Transfermarkt/Wikipedia)
2026-05-09 11:55:48,864 - INFO - [Team: Lazio] tier \u2192 1 (Transfermarkt/JSON)
2026-05-09 11:55:48,864 - INFO - Updated team: Lazio
2026-05-09 11:55:52,920 - INFO - Finished processing Lazio
2026-05-09 11:55:52,920 - INFO - -----------------------------------------
2026-05-09 11:55:52,920 - INFO - Processing team: Napoli
2026-05-09 11:55:53,832 - INFO - [City population DEBUG] row header='Country' value='Italy'
2026-05-09 11:55:53,832 - INFO - [City population DEBUG] row header='Region' value='Campania'
2026-05-09 11:55:53,832 - INFO - [City population DEBUG] row header='Metropolitan city' value='Naples (NA)'
2026-05-09 11:55:53,833 - INFO - [City population DEBUG] row header='• Mayor' value='Gaetano Manfredi ( Independent )'
2026-05-09 11:55:53,834 - INFO - [City population DEBUG] row header='• Total' value='117.27 km 2 (45.28 sq mi)'
2026-05-09 11:55:53,834 - INFO - [City population DEBUG] row header='Elevation [ 1 ]' value='99.8 m (327 ft)'
2026-05-09 11:55:53,835 - INFO - [City population DEBUG] row header='Highest elevation' value='453 m (1,486 ft)'
2026-05-09 11:55:53,835 - INFO - [City population DEBUG] row header='Lowest elevation' value='0 m (0 ft)'
2026-05-09 11:55:53,836 - INFO - [City population DEBUG] row header='• Total' value='908,082 ( 3rd )'
2026-05-09 11:55:53,836 - INFO - [City population] Candidate from row '• Total': 908082
2026-05-09 11:55:53,836 - INFO - [City population DEBUG] row header='• Density' value='7,743.5/km 2 (20,056/sq mi)'
2026-05-09 11:55:53,837 - INFO - [City population DEBUG] row header='Demonym(s)' value='Napoletano Partenopeo Napulitano (Neapolitan) Neapolitan (English)'
2026-05-09 11:55:53,837 - INFO - [City population DEBUG] row header='Time zone' value='UTC+1 ( CET )'
2026-05-09 11:55:53,838 - INFO - [City population DEBUG] row header='• Summer ( DST )' value='UTC+2 ( CEST )'
2026-05-09 11:55:53,838 - INFO - [City population DEBUG] row header='ISTAT code' value='063049'
2026-05-09 11:55:53,839 - INFO - [City population DEBUG] row header='Patron saint' value='Januarius'
2026-05-09 11:55:53,839 - INFO - [City population DEBUG] row header='Saint day' value='19 September'
2026-05-09 11:55:53,839 - INFO - [City population DEBUG] row header='Website' value='comune .napoli .it'
2026-05-09 11:55:53,839 - INFO - [City population] Found from municipality/comune candidate: 908082
2026-05-09 11:55:55,763 - INFO - [City: Naples] population \u2192 908082 (Wikipedia)
2026-05-09 11:55:55,763 - INFO - [City: Naples] image \u2192 https://upload.wikimedia.org/wikipedia/commons/thumb/8/88/Napoli_-_Maschio_Angioino_-_202209302342_3.jpg/330px-Napoli_-_Maschio_Angioino_-_202209302342_3.jpg (Wikipedia)
2026-05-09 11:55:55,766 - INFO - Updated city: Naples
2026-05-09 11:55:56,333 - INFO - ====== WebDriver manager ======
2026-05-09 11:55:57,542 - INFO - Get LATEST chromedriver version for google-chrome
2026-05-09 11:55:57,622 - INFO - Get LATEST chromedriver version for google-chrome
2026-05-09 11:55:57,691 - INFO - Driver [C:\Users\marco\.wdm\drivers\chromedriver\win64\147.0.7727.117\chromedriver-win32/chromedriver.exe] found in cache
2026-05-09 11:56:07,332 - INFO - Accepted consent popup.
2026-05-09 11:56:12,583 - INFO - [Stadium: Diego Armando Maradona] capacity \u2192 54726 (Transfermarkt/Wikipedia)
2026-05-09 11:56:12,584 - INFO - [Stadium: Diego Armando Maradona] year \u2192 1959 (Transfermarkt/Wikipedia)
2026-05-09 11:56:12,584 - INFO - [Stadium: Diego Armando Maradona] latitude \u2192 40.828 (Wikipedia)
2026-05-09 11:56:12,584 - INFO - [Stadium: Diego Armando Maradona] longitude \u2192 14.193 (Wikipedia)
2026-05-09 11:56:12,584 - INFO - [Stadium: Diego Armando Maradona] image \u2192 https://tmssl.akamaized.net//images/foto/stadionnormal/stadium-san-paolo-naples-for-bruno-pesaola-2015-1710801934-132030.jpg?lm=1710801971 (Wikipedia)
2026-05-09 11:56:12,584 - INFO - [Stadium: Diego Armando Maradona] owner_raw \u2192 Comune di Napoli (Wikipedia)
2026-05-09 11:56:12,584 - INFO - [Stadium: Diego Armando Maradona] ownership \u2192 PUBLIC (Wikipedia)
2026-05-09 11:56:12,596 - INFO - Updated stadium: Diego Armando Maradona
2026-05-09 11:56:18,054 - INFO - ====== WebDriver manager ======
2026-05-09 11:56:19,349 - INFO - Get LATEST chromedriver version for google-chrome
2026-05-09 11:56:19,417 - INFO - Get LATEST chromedriver version for google-chrome
2026-05-09 11:56:19,494 - INFO - Driver [C:\Users\marco\.wdm\drivers\chromedriver\win64\147.0.7727.117\chromedriver-win32/chromedriver.exe] found in cache
2026-05-09 11:56:31,776 - INFO - Accepted consent popup.
2026-05-09 11:56:52,146 - INFO - ====== WebDriver manager ======
2026-05-09 11:56:53,747 - INFO - Get LATEST chromedriver version for google-chrome
2026-05-09 11:56:53,838 - INFO - Get LATEST chromedriver version for google-chrome
2026-05-09 11:56:53,914 - INFO - Driver [C:\Users\marco\.wdm\drivers\chromedriver\win64\147.0.7727.117\chromedriver-win32/chromedriver.exe] found in cache
2026-05-09 11:57:06,241 - INFO - Accepted consent popup.
2026-05-09 11:57:13,853 - INFO - Average attendance extracted: 51037
2026-05-09 11:57:20,918 - INFO - [Team: Napoli] manager \u2192 Antonio Conte (Wikipedia)
2026-05-09 11:57:20,919 - INFO - [Team: Napoli] founded \u2192 1926-01-01 (Transfermarkt/Wikipedia)
2026-05-09 11:57:20,919 - INFO - [Team: Napoli] tier \u2192 1 (Transfermarkt/JSON)
2026-05-09 11:57:20,919 - INFO - Updated team: Napoli
2026-05-09 11:57:24,958 - INFO - Finished processing Napoli
2026-05-09 11:57:24,958 - INFO - -----------------------------------------
2026-05-09 11:57:24,958 - INFO - Processing team: Atalanta
2026-05-09 11:57:25,641 - INFO - [City population DEBUG] row header='Country' value='Italy'
2026-05-09 11:57:25,641 - INFO - [City population DEBUG] row header='Region' value='Lombardy'
2026-05-09 11:57:25,641 - INFO - [City population DEBUG] row header='Province' value='Bergamo (BG)'
2026-05-09 11:57:25,642 - INFO - [City population DEBUG] row header='• Mayor' value='Elena Carnevali ( PD )'
2026-05-09 11:57:25,642 - INFO - [City population DEBUG] row header='• Total' value='40.16 km 2 (15.51 sq mi)'
2026-05-09 11:57:25,642 - INFO - [City population DEBUG] row header='Elevation' value='249 m (817 ft)'
2026-05-09 11:57:25,642 - INFO - [City population DEBUG] row header='• Total' value='120,629'
2026-05-09 11:57:25,642 - INFO - [City population] Candidate from row '• Total': 120629
2026-05-09 11:57:25,642 - INFO - [City population DEBUG] row header='• Density' value='3,004/km 2 (7,780/sq mi)'
2026-05-09 11:57:25,642 - INFO - [City population DEBUG] row header='Demonym(s)' value='Bergamasque Bergamaschi (Italian) Bergamàsch (Eastern Lombard)'
2026-05-09 11:57:25,642 - INFO - [City population DEBUG] row header='Time zone' value='UTC+1 ( CET )'
2026-05-09 11:57:25,643 - INFO - [City population DEBUG] row header='• Summer ( DST )' value='UTC+2 ( CEST )'
2026-05-09 11:57:25,643 - INFO - [City population DEBUG] row header='Postal code' value='24100'
2026-05-09 11:57:25,643 - INFO - [City population DEBUG] row header='Dialing code' value='(+39) 035'
2026-05-09 11:57:25,643 - INFO - [City population DEBUG] row header='Website' value='www .comune .bergamo .it'
2026-05-09 11:57:25,643 - INFO - [City population] Found from municipality/comune candidate: 120629
2026-05-09 11:57:26,552 - INFO - [City: Bergamo] population \u2192 120629 (Wikipedia)
2026-05-09 11:57:26,553 - INFO - [City: Bergamo] image \u2192 https://upload.wikimedia.org/wikipedia/commons/thumb/b/be/The_Upper_City_of_Bergamo._View_from_Via_al_Castello._Italy.jpg/250px-The_Upper_City_of_Bergamo._View_from_Via_al_Castello._Italy.jpg (Wikipedia)
2026-05-09 11:57:26,555 - INFO - Updated city: Bergamo
2026-05-09 11:57:27,156 - INFO - ====== WebDriver manager ======
2026-05-09 11:57:28,642 - INFO - Get LATEST chromedriver version for google-chrome
2026-05-09 11:57:28,706 - INFO - Get LATEST chromedriver version for google-chrome
2026-05-09 11:57:28,771 - INFO - Driver [C:\Users\marco\.wdm\drivers\chromedriver\win64\147.0.7727.117\chromedriver-win32/chromedriver.exe] found in cache
2026-05-09 11:57:40,175 - INFO - Accepted consent popup.
2026-05-09 11:57:52,814 - INFO - [Stadium: New Balance Arena - Bergamo] capacity \u2192 24950 (Transfermarkt/Wikipedia)
2026-05-09 11:57:52,814 - INFO - [Stadium: New Balance Arena - Bergamo] year \u2192 1928 (Transfermarkt/Wikipedia)
2026-05-09 11:57:52,815 - INFO - [Stadium: New Balance Arena - Bergamo] latitude \u2192 45.70889 (Wikipedia)
2026-05-09 11:57:52,815 - INFO - [Stadium: New Balance Arena - Bergamo] longitude \u2192 9.68083 (Wikipedia)
2026-05-09 11:57:52,815 - INFO - [Stadium: New Balance Arena - Bergamo] image \u2192 https://tmssl.akamaized.net//images/foto/stadionnormal/gewiss-stadium-atalanta-bergamo-2425-1725971251-147653.jpg?lm=1725971258 (Wikipedia)
2026-05-09 11:57:52,815 - INFO - [Stadium: New Balance Arena - Bergamo] owner_raw \u2192 Stadio Atalanta S.r.l. (Wikipedia)
2026-05-09 11:57:52,815 - INFO - [Stadium: New Balance Arena - Bergamo] ownership \u2192 PRIVATE (Wikipedia)
2026-05-09 11:57:52,823 - INFO - Updated stadium: New Balance Arena - Bergamo
2026-05-09 11:57:58,844 - INFO - ====== WebDriver manager ======
2026-05-09 11:58:00,531 - INFO - Get LATEST chromedriver version for google-chrome
2026-05-09 11:58:00,606 - INFO - Get LATEST chromedriver version for google-chrome
2026-05-09 11:58:00,676 - INFO - Driver [C:\Users\marco\.wdm\drivers\chromedriver\win64\147.0.7727.117\chromedriver-win32/chromedriver.exe] found in cache
2026-05-09 11:58:12,120 - INFO - Accepted consent popup.
2026-05-09 11:58:27,319 - INFO - ====== WebDriver manager ======
2026-05-09 11:58:29,454 - INFO - Get LATEST chromedriver version for google-chrome
2026-05-09 11:58:29,540 - INFO - Get LATEST chromedriver version for google-chrome
2026-05-09 11:58:29,608 - INFO - Driver [C:\Users\marco\.wdm\drivers\chromedriver\win64\147.0.7727.117\chromedriver-win32/chromedriver.exe] found in cache
2026-05-09 11:58:42,816 - INFO - Accepted consent popup.
2026-05-09 11:58:48,534 - INFO - Average attendance extracted: 22675
2026-05-09 11:58:55,294 - INFO - [Team: Atalanta] manager \u2192 Raffaele Palladino (Wikipedia)
2026-05-09 11:58:55,294 - INFO - [Team: Atalanta] founded \u2192 1907-01-01 (Transfermarkt/Wikipedia)
2026-05-09 11:58:55,295 - INFO - [Team: Atalanta] tier \u2192 1 (Transfermarkt/JSON)
2026-05-09 11:58:55,295 - INFO - Updated team: Atalanta
2026-05-09 11:58:59,363 - INFO - Finished processing Atalanta
2026-05-09 11:58:59,363 - INFO - -----------------------------------------
2026-05-09 11:58:59,363 - INFO - Processing team: Bologna
2026-05-09 11:59:00,240 - INFO - [City population DEBUG] row header='Country' value='Italy'
2026-05-09 11:59:00,241 - INFO - [City population DEBUG] row header='Region' value='Emilia-Romagna'
2026-05-09 11:59:00,241 - INFO - [City population DEBUG] row header='Metro' value='Bologna (BO)'
2026-05-09 11:59:00,242 - INFO - [City population DEBUG] row header='• Body' value='Bologna City Council'
2026-05-09 11:59:00,242 - INFO - [City population DEBUG] row header='• Mayor' value='Matteo Lepore ( PD )'
2026-05-09 11:59:00,243 - INFO - [City population DEBUG] row header='• Total' value='140.86 km 2 (54.39 sq mi)'
2026-05-09 11:59:00,243 - INFO - [City population DEBUG] row header='• Metropolitan city' value='3,702.32 km 2 (1,429.47 sq mi)'
2026-05-09 11:59:00,243 - INFO - [City population DEBUG] row header='Elevation' value='54 m (177 ft)'
2026-05-09 11:59:00,244 - INFO - [City population DEBUG] row header='• Total' value='390,734 ( 7th )'
2026-05-09 11:59:00,244 - INFO - [City population] Candidate from row '• Total': 390734
2026-05-09 11:59:00,244 - INFO - [City population DEBUG] row header='• Density' value='2,773.9/km 2 (7,184.4/sq mi)'
2026-05-09 11:59:00,245 - INFO - [City population DEBUG] row header='• Metropolitan city' value='1,020,865'
2026-05-09 11:59:00,245 - INFO - [City population DEBUG] row header='• Metropolitan city density' value='275.737/km 2 (714.154/sq mi)'
2026-05-09 11:59:00,246 - INFO - [City population DEBUG] row header='Demonym' value='Bolognese'
2026-05-09 11:59:00,246 - INFO - [City population DEBUG] row header='• Metro' value='€39.502 billion (2015)'
2026-05-09 11:59:00,247 - INFO - [City population DEBUG] row header='• Per capita' value='€38,918 (2015)'
2026-05-09 11:59:00,247 - INFO - [City population DEBUG] row header='Postal code' value='40121–40121'
2026-05-09 11:59:00,248 - INFO - [City population DEBUG] row header='Area code' value='0039 051'
2026-05-09 11:59:00,248 - INFO - [City population DEBUG] row header='Website' value='comune.bologna.it'
2026-05-09 11:59:00,248 - INFO - [City population] Found from municipality/comune candidate: 390734
2026-05-09 11:59:01,920 - INFO - [City: Bologna] population \u2192 390734 (Wikipedia)
2026-05-09 11:59:01,920 - INFO - [City: Bologna] image \u2192 https://upload.wikimedia.org/wikipedia/commons/thumb/d/dd/Torri_di_Bologna%2C_Bologna.jpg/330px-Torri_di_Bologna%2C_Bologna.jpg (Wikipedia)
2026-05-09 11:59:01,923 - INFO - Updated city: Bologna
2026-05-09 11:59:02,555 - INFO - ====== WebDriver manager ======
2026-05-09 11:59:03,929 - INFO - Get LATEST chromedriver version for google-chrome
2026-05-09 11:59:04,002 - INFO - Get LATEST chromedriver version for google-chrome
2026-05-09 11:59:04,080 - INFO - Driver [C:\Users\marco\.wdm\drivers\chromedriver\win64\147.0.7727.117\chromedriver-win32/chromedriver.exe] found in cache
2026-05-09 11:59:14,936 - INFO - Accepted consent popup.
2026-05-09 11:59:23,826 - INFO - [Stadium: Stadio Renato Dall’Ara] capacity \u2192 36462 (Transfermarkt/Wikipedia)
2026-05-09 11:59:23,826 - INFO - [Stadium: Stadio Renato Dall’Ara] year \u2192 1927 (Transfermarkt/Wikipedia)
2026-05-09 11:59:23,827 - INFO - [Stadium: Stadio Renato Dall’Ara] latitude \u2192 44.49222 (Wikipedia)
2026-05-09 11:59:23,827 - INFO - [Stadium: Stadio Renato Dall’Ara] longitude \u2192 11.30972 (Wikipedia)
2026-05-09 11:59:23,827 - INFO - [Stadium: Stadio Renato Dall’Ara] image \u2192 https://tmssl.akamaized.net//images/foto/stadionnormal/stadio-renato-dallara-bologna-1627641591-68074.jpg?lm=1627641622 (Wikipedia)
2026-05-09 11:59:23,827 - INFO - [Stadium: Stadio Renato Dall’Ara] owner_raw \u2192 Bologna Football Club 1909 Bologna City Council (Wikipedia)
2026-05-09 11:59:23,828 - INFO - [Stadium: Stadio Renato Dall’Ara] ownership \u2192 MIXED (Wikipedia)
2026-05-09 11:59:23,843 - INFO - Updated stadium: Stadio Renato Dall’Ara
2026-05-09 11:59:29,203 - INFO - ====== WebDriver manager ======
2026-05-09 11:59:30,647 - INFO - Get LATEST chromedriver version for google-chrome
2026-05-09 11:59:30,716 - INFO - Get LATEST chromedriver version for google-chrome
2026-05-09 11:59:30,778 - INFO - Driver [C:\Users\marco\.wdm\drivers\chromedriver\win64\147.0.7727.117\chromedriver-win32/chromedriver.exe] found in cache
2026-05-09 11:59:41,016 - INFO - Accepted consent popup.
2026-05-09 11:59:57,391 - INFO - ====== WebDriver manager ======
2026-05-09 11:59:58,932 - INFO - Get LATEST chromedriver version for google-chrome
2026-05-09 11:59:59,009 - INFO - Get LATEST chromedriver version for google-chrome
2026-05-09 11:59:59,085 - INFO - Driver [C:\Users\marco\.wdm\drivers\chromedriver\win64\147.0.7727.117\chromedriver-win32/chromedriver.exe] found in cache
2026-05-09 12:00:10,735 - INFO - Accepted consent popup.
2026-05-09 12:00:18,909 - INFO - Average attendance extracted: 27974
2026-05-09 12:00:26,000 - INFO - [Team: Bologna] manager \u2192 Vincenzo Italiano (Wikipedia)
2026-05-09 12:00:26,000 - INFO - [Team: Bologna] founded \u2192 1909-01-01 (Transfermarkt/Wikipedia)
2026-05-09 12:00:26,001 - INFO - [Team: Bologna] tier \u2192 1 (Transfermarkt/JSON)
2026-05-09 12:00:26,001 - INFO - Updated team: Bologna
2026-05-09 12:00:30,084 - INFO - Finished processing Bologna
2026-05-09 12:00:30,085 - INFO - -----------------------------------------
2026-05-09 12:00:30,085 - INFO - Processing team: Fiorentina
2026-05-09 12:00:32,251 - INFO - [City population DEBUG] row header='Country' value='Italy'
2026-05-09 12:00:32,252 - INFO - [City population DEBUG] row header='Region' value='Tuscany'
2026-05-09 12:00:32,252 - INFO - [City population DEBUG] row header='Metropolitan city' value='Florence (FI)'
2026-05-09 12:00:32,252 - INFO - [City population DEBUG] row header='Frazioni' value='Baronta, Callai, Galluzzo, Cascine del Riccio, Croce di Via, La Lastra, Mantignano, Ugnano, Parigi, Piazza Calda, Pontignale, San Michele a Monteripaldi, Settignano'
2026-05-09 12:00:32,253 - INFO - [City population DEBUG] row header='• Mayor' value='Sara Funaro ( PD )'
2026-05-09 12:00:32,253 - INFO - [City population DEBUG] row header='• Total' value='102.32 km 2 (39.51 sq mi)'
2026-05-09 12:00:32,253 - INFO - [City population DEBUG] row header='Elevation' value='50 m (160 ft)'
2026-05-09 12:00:32,254 - INFO - [City population DEBUG] row header='• Total' value='362,353'
2026-05-09 12:00:32,254 - INFO - [City population] Candidate from row '• Total': 362353
2026-05-09 12:00:32,254 - INFO - [City population DEBUG] row header='• Density' value='3,541.4/km 2 (9,172.1/sq mi)'
2026-05-09 12:00:32,255 - INFO - [City population DEBUG] row header='Demonyms' value='English: Florentine Italian : fiorentino (m.), fiorentina (f.)'
2026-05-09 12:00:32,255 - INFO - [City population DEBUG] row header='Time zone' value='UTC+1 ( CET )'
2026-05-09 12:00:32,256 - INFO - [City population DEBUG] row header='• Summer ( DST )' value='UTC+2 ( CEST )'
2026-05-09 12:00:32,256 - INFO - [City population DEBUG] row header='ISTAT code' value='048017'
2026-05-09 12:00:32,256 - INFO - [City population DEBUG] row header='Patron saint' value='John the Baptist [ 3 ]'
2026-05-09 12:00:32,256 - INFO - [City population DEBUG] row header='Saint day' value='24 June'
2026-05-09 12:00:32,256 - INFO - [City population DEBUG] row header='Website' value='Official website'
2026-05-09 12:00:32,257 - INFO - [City population DEBUG] row header='Official name' value='" Historic Centre of Florence "'
2026-05-09 12:00:32,257 - INFO - [City population DEBUG] row header='Reference' value='174'
2026-05-09 12:00:32,257 - INFO - [City population DEBUG] row header='Inscription' value='1982 (6th Session )'
2026-05-09 12:00:32,257 - INFO - [City population DEBUG] row header='Area' value='505 ha (1,250 acres)'
2026-05-09 12:00:32,258 - INFO - [City population] Found from municipality/comune candidate: 362353
2026-05-09 12:00:34,740 - INFO - [City: Florence] population \u2192 362353 (Wikipedia)
2026-05-09 12:00:34,740 - INFO - [City: Florence] image \u2192 https://upload.wikimedia.org/wikipedia/commons/thumb/d/d2/FirenzeDec092023_01.jpg/330px-FirenzeDec092023_01.jpg (Wikipedia)
2026-05-09 12:00:34,742 - INFO - Updated city: Florence
2026-05-09 12:00:35,529 - INFO - ====== WebDriver manager ======
2026-05-09 12:00:36,901 - INFO - Get LATEST chromedriver version for google-chrome
2026-05-09 12:00:36,977 - INFO - Get LATEST chromedriver version for google-chrome
2026-05-09 12:00:37,055 - INFO - Driver [C:\Users\marco\.wdm\drivers\chromedriver\win64\147.0.7727.117\chromedriver-win32/chromedriver.exe] found in cache
2026-05-09 12:00:48,502 - INFO - Accepted consent popup.
2026-05-09 12:00:56,513 - INFO - [Stadium: Artemio Franchi] capacity \u2192 43147 (Transfermarkt/Wikipedia)
2026-05-09 12:00:56,513 - INFO - [Stadium: Artemio Franchi] year \u2192 1930 (Transfermarkt/Wikipedia)
2026-05-09 12:00:56,513 - INFO - [Stadium: Artemio Franchi] latitude \u2192 43.78083 (Wikipedia)
2026-05-09 12:00:56,514 - INFO - [Stadium: Artemio Franchi] longitude \u2192 11.28222 (Wikipedia)
2026-05-09 12:00:56,514 - INFO - [Stadium: Artemio Franchi] image \u2192 https://tmssl.akamaized.net//images/foto/stadionnormal/stadio-artemio-franchi-fiorentina-1627641839-68075.jpg?lm=1627641872 (Wikipedia)
2026-05-09 12:00:56,514 - INFO - [Stadium: Artemio Franchi] owner_raw \u2192 Municipality of Florence (Wikipedia)
2026-05-09 12:00:56,514 - INFO - [Stadium: Artemio Franchi] ownership \u2192 PUBLIC (Wikipedia)
2026-05-09 12:00:56,528 - INFO - Updated stadium: Artemio Franchi
2026-05-09 12:01:02,143 - INFO - ====== WebDriver manager ======
2026-05-09 12:01:03,415 - INFO - Get LATEST chromedriver version for google-chrome
2026-05-09 12:01:03,483 - INFO - Get LATEST chromedriver version for google-chrome
2026-05-09 12:01:03,550 - INFO - Driver [C:\Users\marco\.wdm\drivers\chromedriver\win64\147.0.7727.117\chromedriver-win32/chromedriver.exe] found in cache
2026-05-09 12:01:15,110 - INFO - Accepted consent popup.
2026-05-09 12:01:25,511 - INFO - ====== WebDriver manager ======
2026-05-09 12:01:27,507 - INFO - Get LATEST chromedriver version for google-chrome
2026-05-09 12:01:27,583 - INFO - Get LATEST chromedriver version for google-chrome
2026-05-09 12:01:27,650 - INFO - Driver [C:\Users\marco\.wdm\drivers\chromedriver\win64\147.0.7727.117\chromedriver-win32/chromedriver.exe] found in cache
2026-05-09 12:01:40,709 - INFO - Accepted consent popup.
2026-05-09 12:01:42,876 - INFO - Average attendance extracted: 20358
2026-05-09 12:01:49,472 - INFO - [Team: Fiorentina] manager \u2192 Paolo Vanoli (Wikipedia)
2026-05-09 12:01:49,472 - INFO - [Team: Fiorentina] founded \u2192 1926-01-01 (Transfermarkt/Wikipedia)
2026-05-09 12:01:49,473 - INFO - [Team: Fiorentina] tier \u2192 1 (Transfermarkt/JSON)
2026-05-09 12:01:49,473 - INFO - Updated team: Fiorentina
2026-05-09 12:01:53,558 - INFO - Finished processing Fiorentina
2026-05-09 12:01:53,558 - INFO - -----------------------------------------
2026-05-09 12:01:53,559 - INFO - Processing team: Genoa
2026-05-09 12:01:54,366 - INFO - [City population DEBUG] row header='Country' value='Italy'
2026-05-09 12:01:54,367 - INFO - [City population DEBUG] row header='Region' value='Liguria'
2026-05-09 12:01:54,367 - INFO - [City population DEBUG] row header='Metropolitan city' value='Genoa (GE)'
2026-05-09 12:01:54,367 - INFO - [City population DEBUG] row header='• Mayor' value='Silvia Salis [ 1 ] ( Centre-left independent )'
2026-05-09 12:01:54,367 - INFO - [City population DEBUG] row header='• Total' value='240.29 km 2 (92.78 sq mi)'
2026-05-09 12:01:54,367 - INFO - [City population DEBUG] row header='Elevation' value='20 m (66 ft)'
2026-05-09 12:01:54,367 - INFO - [City population DEBUG] row header='• Total' value='565,301 ( 6th )'
2026-05-09 12:01:54,367 - INFO - [City population] Candidate from row '• Total': 565301
2026-05-09 12:01:54,367 - INFO - [City population DEBUG] row header='• Density' value='2,352.6/km 2 (6,093.1/sq mi)'
2026-05-09 12:01:54,368 - INFO - [City population DEBUG] row header='Demonym(s)' value='Genoese, Genovese'
2026-05-09 12:01:54,368 - INFO - [City population DEBUG] row header='Time zone' value='UTC+1 ( CET )'
2026-05-09 12:01:54,368 - INFO - [City population DEBUG] row header='• Summer ( DST )' value='UTC+2 ( CEST )'
2026-05-09 12:01:54,368 - INFO - [City population DEBUG] row header='ISTAT code' value='010025'
2026-05-09 12:01:54,368 - INFO - [City population DEBUG] row header='Patron saint' value='John the Baptist'
2026-05-09 12:01:54,368 - INFO - [City population DEBUG] row header='Saint day' value='24 June'
2026-05-09 12:01:54,368 - INFO - [City population DEBUG] row header='Website' value='comune .genova .it'
2026-05-09 12:01:54,368 - INFO - [City population DEBUG] row header='Official name' value='Genoa: Le Strade Nuove and the system of the Palazzi dei Rolli'
2026-05-09 12:01:54,368 - INFO - [City population DEBUG] row header='Criteria' value='Cultural: (ii)(iv)'
2026-05-09 12:01:54,368 - INFO - [City population DEBUG] row header='Reference' value='1211'
2026-05-09 12:01:54,368 - INFO - [City population DEBUG] row header='Inscription' value='2006 (30th Session )'
2026-05-09 12:01:54,369 - INFO - [City population DEBUG] row header='Area' value='15.777 ha (38.99 acres)'
2026-05-09 12:01:54,369 - INFO - [City population DEBUG] row header='Buffer zone' value='113 ha (280 acres)'
2026-05-09 12:01:54,369 - INFO - [City population] Found from municipality/comune candidate: 565301
2026-05-09 12:01:55,613 - INFO - [City: Genoa] population \u2192 565301 (Wikipedia)
2026-05-09 12:01:55,614 - INFO - [City: Genoa] image \u2192 https://upload.wikimedia.org/wikipedia/commons/thumb/8/86/Genova_panorama_centro_storico_da_villetta_Di_Negro.jpg/330px-Genova_panorama_centro_storico_da_villetta_Di_Negro.jpg (Wikipedia)
2026-05-09 12:01:55,623 - INFO - Updated city: Genoa
2026-05-09 12:01:56,276 - INFO - ====== WebDriver manager ======
2026-05-09 12:01:57,489 - INFO - Get LATEST chromedriver version for google-chrome
2026-05-09 12:01:57,557 - INFO - Get LATEST chromedriver version for google-chrome
2026-05-09 12:01:57,620 - INFO - Driver [C:\Users\marco\.wdm\drivers\chromedriver\win64\147.0.7727.117\chromedriver-win32/chromedriver.exe] found in cache
2026-05-09 12:02:08,478 - INFO - Accepted consent popup.
2026-05-09 12:02:16,482 - INFO - [Stadium: Luigi Ferraris] capacity \u2192 34901 (Transfermarkt/Wikipedia)
2026-05-09 12:02:16,482 - INFO - [Stadium: Luigi Ferraris] year \u2192 1911 (Transfermarkt/Wikipedia)
2026-05-09 12:02:16,482 - INFO - [Stadium: Luigi Ferraris] latitude \u2192 44.41639 (Wikipedia)
2026-05-09 12:02:16,482 - INFO - [Stadium: Luigi Ferraris] longitude \u2192 8.9525 (Wikipedia)
2026-05-09 12:02:16,482 - INFO - [Stadium: Luigi Ferraris] image \u2192 https://tmssl.akamaized.net//images/foto/stadionnormal/uc-sampdoria-fans-2024-25-1747231360-167844.jpg?lm=1747231369 (Wikipedia)
2026-05-09 12:02:16,482 - INFO - [Stadium: Luigi Ferraris] owner_raw \u2192 Municipality of Genoa (Wikipedia)
2026-05-09 12:02:16,482 - INFO - [Stadium: Luigi Ferraris] ownership \u2192 PUBLIC (Wikipedia)
2026-05-09 12:02:16,490 - INFO - Updated stadium: Luigi Ferraris
2026-05-09 12:02:22,047 - INFO - ====== WebDriver manager ======
2026-05-09 12:02:23,331 - INFO - Get LATEST chromedriver version for google-chrome
2026-05-09 12:02:23,396 - INFO - Get LATEST chromedriver version for google-chrome
2026-05-09 12:02:23,463 - INFO - Driver [C:\Users\marco\.wdm\drivers\chromedriver\win64\147.0.7727.117\chromedriver-win32/chromedriver.exe] found in cache
2026-05-09 12:02:34,339 - INFO - Accepted consent popup.
2026-05-09 12:02:43,364 - INFO - ====== WebDriver manager ======
2026-05-09 12:02:44,893 - INFO - Get LATEST chromedriver version for google-chrome
2026-05-09 12:02:44,983 - INFO - Get LATEST chromedriver version for google-chrome
2026-05-09 12:02:45,054 - INFO - Driver [C:\Users\marco\.wdm\drivers\chromedriver\win64\147.0.7727.117\chromedriver-win32/chromedriver.exe] found in cache
2026-05-09 12:02:57,811 - INFO - Accepted consent popup.
2026-05-09 12:03:02,313 - INFO - Average attendance extracted: 31003
2026-05-09 12:03:09,296 - INFO - [Team: Genoa] manager \u2192 Daniele De Rossi (Wikipedia)
2026-05-09 12:03:09,296 - INFO - [Team: Genoa] founded \u2192 1893-01-01 (Transfermarkt/Wikipedia)
2026-05-09 12:03:09,297 - INFO - [Team: Genoa] tier \u2192 1 (Transfermarkt/JSON)
2026-05-09 12:03:09,297 - INFO - Updated team: Genoa
2026-05-09 12:03:13,348 - INFO - Finished processing Genoa
2026-05-09 12:03:13,348 - INFO - -----------------------------------------
2026-05-09 12:03:13,348 - INFO - Processing team: Lecce
2026-05-09 12:03:13,620 - INFO - [City population DEBUG] row header='Country' value='Italy'
2026-05-09 12:03:13,620 - INFO - [City population DEBUG] row header='Region' value='Apulia'
2026-05-09 12:03:13,621 - INFO - [City population DEBUG] row header='Province' value='Lecce'
2026-05-09 12:03:13,621 - INFO - [City population DEBUG] row header='Founded' value='200s BC [ 1 ]'
2026-05-09 12:03:13,621 - INFO - [City population DEBUG] row header='• Mayor' value='Adriana Poli Bortone'
2026-05-09 12:03:13,621 - INFO - [City population DEBUG] row header='• Total' value='241.00 km 2 (93.05 sq mi)'
2026-05-09 12:03:13,621 - INFO - [City population DEBUG] row header='Elevation' value='49 m (161 ft)'
2026-05-09 12:03:13,622 - INFO - [City population DEBUG] row header='• Total' value='94,387'
2026-05-09 12:03:13,622 - INFO - [City population] Candidate from row '• Total': 94387
2026-05-09 12:03:13,622 - INFO - [City population DEBUG] row header='• Density' value='391.65/km 2 (1,014.4/sq mi)'
2026-05-09 12:03:13,622 - INFO - [City population DEBUG] row header='Demonym' value='Leccese'
2026-05-09 12:03:13,622 - INFO - [City population DEBUG] row header='Time zone' value='UTC+1 ( CET )'
2026-05-09 12:03:13,622 - INFO - [City population DEBUG] row header='• Summer ( DST )' value='UTC+2 ( CEST )'
2026-05-09 12:03:13,623 - INFO - [City population DEBUG] row header='Postal code' value='73100'
2026-05-09 12:03:13,623 - INFO - [City population DEBUG] row header='Dialing code' value='0832'
2026-05-09 12:03:13,623 - INFO - [City population DEBUG] row header='ISTAT code' value='075035'
2026-05-09 12:03:13,623 - INFO - [City population DEBUG] row header='Patron saint' value='Orontius'
2026-05-09 12:03:13,623 - INFO - [City population DEBUG] row header='Website' value='www .comune .lecce .it'
2026-05-09 12:03:13,623 - INFO - [City population] Found from municipality/comune candidate: 94387
2026-05-09 12:03:14,277 - INFO - [City: Lecce] population \u2192 94387 (Wikipedia)
2026-05-09 12:03:14,278 - INFO - [City: Lecce] image \u2192 https://upload.wikimedia.org/wikipedia/commons/thumb/7/76/Lecce_-_Santa_Croce_-_16.jpg/250px-Lecce_-_Santa_Croce_-_16.jpg (Wikipedia)
2026-05-09 12:03:14,279 - INFO - Updated city: Lecce
2026-05-09 12:03:14,877 - INFO - ====== WebDriver manager ======
2026-05-09 12:03:16,221 - INFO - Get LATEST chromedriver version for google-chrome
2026-05-09 12:03:16,289 - INFO - Get LATEST chromedriver version for google-chrome
2026-05-09 12:03:16,360 - INFO - Driver [C:\Users\marco\.wdm\drivers\chromedriver\win64\147.0.7727.117\chromedriver-win32/chromedriver.exe] found in cache
2026-05-09 12:03:25,810 - INFO - Accepted consent popup.
2026-05-09 12:03:33,093 - INFO - [Stadium: Ettore Giardiniero] capacity \u2192 31559 (Transfermarkt/Wikipedia)
2026-05-09 12:03:33,094 - INFO - [Stadium: Ettore Giardiniero] year \u2192 1966 (Transfermarkt/Wikipedia)
2026-05-09 12:03:33,094 - INFO - [Stadium: Ettore Giardiniero] latitude \u2192 40.36528 (Wikipedia)
2026-05-09 12:03:33,094 - INFO - [Stadium: Ettore Giardiniero] longitude \u2192 18.20889 (Wikipedia)
2026-05-09 12:03:33,094 - INFO - [Stadium: Ettore Giardiniero] image \u2192 https://tmssl.akamaized.net//images/foto/stadionnormal/lecce-stadium-via-del-mare-ettore-giardiniero-1661935629-91396.jpg?lm=1661935673 (Wikipedia)
2026-05-09 12:03:33,094 - INFO - [Stadium: Ettore Giardiniero] owner_raw \u2192 Municipality of Lecce (Wikipedia)
2026-05-09 12:03:33,094 - INFO - [Stadium: Ettore Giardiniero] ownership \u2192 PUBLIC (Wikipedia)
2026-05-09 12:03:33,109 - INFO - Updated stadium: Ettore Giardiniero
2026-05-09 12:03:38,332 - INFO - ====== WebDriver manager ======
2026-05-09 12:03:39,557 - INFO - Get LATEST chromedriver version for google-chrome
2026-05-09 12:03:39,628 - INFO - Get LATEST chromedriver version for google-chrome
2026-05-09 12:03:39,701 - INFO - Driver [C:\Users\marco\.wdm\drivers\chromedriver\win64\147.0.7727.117\chromedriver-win32/chromedriver.exe] found in cache
2026-05-09 12:03:50,719 - INFO - Accepted consent popup.
2026-05-09 12:04:05,641 - INFO - ====== WebDriver manager ======
2026-05-09 12:04:06,853 - INFO - Get LATEST chromedriver version for google-chrome
2026-05-09 12:04:06,925 - INFO - Get LATEST chromedriver version for google-chrome
2026-05-09 12:04:06,992 - INFO - Driver [C:\Users\marco\.wdm\drivers\chromedriver\win64\147.0.7727.117\chromedriver-win32/chromedriver.exe] found in cache
2026-05-09 12:04:19,097 - INFO - Accepted consent popup.
2026-05-09 12:04:21,167 - INFO - Average attendance extracted: 26007
2026-05-09 12:04:27,685 - INFO - [Team: Lecce] manager \u2192 Eusebio Di Francesco (Wikipedia)
2026-05-09 12:04:27,686 - INFO - [Team: Lecce] founded \u2192 1908-01-01 (Transfermarkt/Wikipedia)
2026-05-09 12:04:27,686 - INFO - [Team: Lecce] tier \u2192 1 (Transfermarkt/JSON)
2026-05-09 12:04:27,686 - INFO - Updated team: Lecce
2026-05-09 12:04:31,735 - INFO - Finished processing Lecce
2026-05-09 12:04:31,736 - INFO - -----------------------------------------
2026-05-09 12:04:31,736 - INFO - Processing team: Udinese
2026-05-09 12:04:32,094 - INFO - [City population DEBUG] row header='Country' value='Italy'
2026-05-09 12:04:32,094 - INFO - [City population DEBUG] row header='Region' value='Friuli-Venezia Giulia'
2026-05-09 12:04:32,095 - INFO - [City population DEBUG] row header='Province' value='Udine'
2026-05-09 12:04:32,095 - INFO - [City population DEBUG] row header='Frazioni' value='See list'
2026-05-09 12:04:32,096 - INFO - [City population DEBUG] row header='• Mayor' value='Alberto Felice De Toni ( Centre-left independent )'
2026-05-09 12:04:32,096 - INFO - [City population DEBUG] row header='• Total' value='56 km 2 (22 sq mi)'
2026-05-09 12:04:32,097 - INFO - [City population DEBUG] row header='Elevation' value='113 m (371 ft)'
2026-05-09 12:04:32,097 - INFO - [City population DEBUG] row header='• Total' value='98,320'
2026-05-09 12:04:32,097 - INFO - [City population] Candidate from row '• Total': 98320
2026-05-09 12:04:32,098 - INFO - [City population DEBUG] row header='• Density' value='1,800/km 2 (4,500/sq mi)'
2026-05-09 12:04:32,098 - INFO - [City population DEBUG] row header='Demonym' value='Udinese'
2026-05-09 12:04:32,098 - INFO - [City population DEBUG] row header='Time zone' value='UTC+1 ( CET )'
2026-05-09 12:04:32,099 - INFO - [City population DEBUG] row header='• Summer ( DST )' value='UTC+2 ( CEST )'
2026-05-09 12:04:32,099 - INFO - [City population DEBUG] row header='Postal code' value='33100'
2026-05-09 12:04:32,099 - INFO - [City population DEBUG] row header='Dialing code' value='0432'
2026-05-09 12:04:32,100 - INFO - [City population DEBUG] row header='ISTAT code' value='030129'
2026-05-09 12:04:32,100 - INFO - [City population DEBUG] row header='Saint day' value='12 July'
2026-05-09 12:04:32,100 - INFO - [City population DEBUG] row header='Website' value='Official website'
2026-05-09 12:04:32,101 - INFO - [City population] Found from municipality/comune candidate: 98320
2026-05-09 12:04:33,031 - INFO - [City: Udine] population \u2192 98320 (Wikipedia)
2026-05-09 12:04:33,031 - INFO - [City: Udine] image \u2192 https://upload.wikimedia.org/wikipedia/commons/thumb/3/33/Udine_collage.png/250px-Udine_collage.png (Wikipedia)
2026-05-09 12:04:33,035 - INFO - Updated city: Udine
2026-05-09 12:04:33,588 - INFO - ====== WebDriver manager ======
2026-05-09 12:04:35,060 - INFO - Get LATEST chromedriver version for google-chrome
2026-05-09 12:04:35,128 - INFO - Get LATEST chromedriver version for google-chrome
2026-05-09 12:04:35,212 - INFO - Driver [C:\Users\marco\.wdm\drivers\chromedriver\win64\147.0.7727.117\chromedriver-win32/chromedriver.exe] found in cache
2026-05-09 12:04:45,022 - INFO - Accepted consent popup.
2026-05-09 12:04:54,601 - INFO - [Stadium: Bluenergy Stadium] capacity \u2192 25144 (Transfermarkt/Wikipedia)
2026-05-09 12:04:54,601 - INFO - [Stadium: Bluenergy Stadium] year \u2192 1976 (Transfermarkt/Wikipedia)
2026-05-09 12:04:54,601 - INFO - [Stadium: Bluenergy Stadium] latitude \u2192 46.0816 (Wikipedia)
2026-05-09 12:04:54,601 - INFO - [Stadium: Bluenergy Stadium] longitude \u2192 13.2001 (Wikipedia)
2026-05-09 12:04:54,601 - INFO - [Stadium: Bluenergy Stadium] image \u2192 https://tmssl.akamaized.net//images/foto/stadionnormal/dacia-arena-1509705190-12579.jpg?lm=1509705201 (Wikipedia)
2026-05-09 12:04:54,601 - INFO - [Stadium: Bluenergy Stadium] owner_raw \u2192 Udinese Calcio (Wikipedia)
2026-05-09 12:04:54,601 - INFO - [Stadium: Bluenergy Stadium] ownership \u2192 UNKNOWN (Wikipedia)
2026-05-09 12:04:54,614 - INFO - Updated stadium: Bluenergy Stadium
2026-05-09 12:04:59,974 - INFO - ====== WebDriver manager ======
2026-05-09 12:05:01,509 - INFO - Get LATEST chromedriver version for google-chrome
2026-05-09 12:05:01,577 - INFO - Get LATEST chromedriver version for google-chrome
2026-05-09 12:05:01,646 - INFO - Driver [C:\Users\marco\.wdm\drivers\chromedriver\win64\147.0.7727.117\chromedriver-win32/chromedriver.exe] found in cache
2026-05-09 12:05:12,736 - INFO - Accepted consent popup.
2026-05-09 12:05:27,979 - INFO - ====== WebDriver manager ======
2026-05-09 12:05:30,082 - INFO - Get LATEST chromedriver version for google-chrome
2026-05-09 12:05:30,182 - INFO - Get LATEST chromedriver version for google-chrome
2026-05-09 12:05:30,250 - INFO - Driver [C:\Users\marco\.wdm\drivers\chromedriver\win64\147.0.7727.117\chromedriver-win32/chromedriver.exe] found in cache
2026-05-09 12:05:41,571 - INFO - Accepted consent popup.
2026-05-09 12:05:49,074 - INFO - Average attendance extracted: 21823
2026-05-09 12:05:55,908 - INFO - [Team: Udinese] manager \u2192 Kosta Runjai\u0107 (Wikipedia)
2026-05-09 12:05:55,908 - INFO - [Team: Udinese] founded \u2192 1896-01-01 (Transfermarkt/Wikipedia)
2026-05-09 12:05:55,908 - INFO - [Team: Udinese] tier \u2192 1 (Transfermarkt/JSON)
2026-05-09 12:05:55,909 - INFO - Updated team: Udinese
2026-05-09 12:05:59,973 - INFO - Finished processing Udinese
2026-05-09 12:05:59,973 - INFO - -----------------------------------------
2026-05-09 12:05:59,973 - INFO - Processing team: Verona
2026-05-09 12:06:00,372 - INFO - [City population DEBUG] row header='Country' value='Italy'
2026-05-09 12:06:00,372 - INFO - [City population DEBUG] row header='Region' value='Veneto'
2026-05-09 12:06:00,372 - INFO - [City population DEBUG] row header='Province' value='Verona (VR)'
2026-05-09 12:06:00,372 - INFO - [City population DEBUG] row header='Frazioni' value='Avesa, San Michele Extra, San Massimo all'Adige, Quinzano, Quinto di Valpantena, Poiano di Valpantena, Parona di Valpolicella, Montorio Veronese, Mizzole, Marchesino, Chievo, Cà di David e Moruri'
2026-05-09 12:06:00,372 - INFO - [City population DEBUG] row header='• Mayor' value='Damiano Tommasi ( Centre-left Independent )'
2026-05-09 12:06:00,373 - INFO - [City population DEBUG] row header='• Total' value='198.92 km 2 (76.80 sq mi)'
2026-05-09 12:06:00,373 - INFO - [City population DEBUG] row header='Elevation' value='59 m (194 ft)'
2026-05-09 12:06:00,373 - INFO - [City population DEBUG] row header='• Total' value='255,133'
2026-05-09 12:06:00,373 - INFO - [City population] Candidate from row '• Total': 255133
2026-05-09 12:06:00,373 - INFO - [City population DEBUG] row header='• Density' value='1,282.6/km 2 (3,321.9/sq mi)'
2026-05-09 12:06:00,373 - INFO - [City population DEBUG] row header='Demonym(s)' value='Veronese Scaligero'
2026-05-09 12:06:00,373 - INFO - [City population DEBUG] row header='Time zone' value='UTC+1 ( CET )'
2026-05-09 12:06:00,373 - INFO - [City population DEBUG] row header='• Summer ( DST )' value='UTC+2 ( CEST )'
2026-05-09 12:06:00,373 - INFO - [City population DEBUG] row header='Postal code' value='37100'
2026-05-09 12:06:00,373 - INFO - [City population DEBUG] row header='Dialing code' value='045'
2026-05-09 12:06:00,373 - INFO - [City population DEBUG] row header='ISTAT code' value='023091'
2026-05-09 12:06:00,373 - INFO - [City population DEBUG] row header='Patron saint' value='Saint Zeno of Verona'
2026-05-09 12:06:00,374 - INFO - [City population DEBUG] row header='Saint day' value='12 April'
2026-05-09 12:06:00,374 - INFO - [City population DEBUG] row header='Website' value='www .comune .verona .it'
2026-05-09 12:06:00,374 - INFO - [City population DEBUG] row header='Criteria' value='Cultural: ii, iv'
2026-05-09 12:06:00,374 - INFO - [City population DEBUG] row header='Reference' value='797'
2026-05-09 12:06:00,374 - INFO - [City population DEBUG] row header='Inscription' value='2000 (24th Session )'
2026-05-09 12:06:00,374 - INFO - [City population DEBUG] row header='Area' value='444.4 ha (1,098 acres)'
2026-05-09 12:06:00,374 - INFO - [City population DEBUG] row header='Buffer zone' value='303.98 ha (751.2 acres)'
2026-05-09 12:06:00,374 - INFO - [City population] Found from municipality/comune candidate: 255133
2026-05-09 12:06:01,257 - INFO - [City: Verona] population \u2192 255133 (Wikipedia)
2026-05-09 12:06:01,258 - INFO - [City: Verona] image \u2192 https://upload.wikimedia.org/wikipedia/commons/thumb/5/51/Tramonto_a_Verona.jpg/330px-Tramonto_a_Verona.jpg (Wikipedia)
2026-05-09 12:06:01,262 - INFO - Updated city: Verona
2026-05-09 12:06:02,053 - INFO - ====== WebDriver manager ======
2026-05-09 12:06:03,322 - INFO - Get LATEST chromedriver version for google-chrome
2026-05-09 12:06:03,385 - INFO - Get LATEST chromedriver version for google-chrome
2026-05-09 12:06:03,454 - INFO - Driver [C:\Users\marco\.wdm\drivers\chromedriver\win64\147.0.7727.117\chromedriver-win32/chromedriver.exe] found in cache
2026-05-09 12:06:14,093 - INFO - Accepted consent popup.
2026-05-09 12:06:23,755 - INFO - [Stadium: Marcantonio Bentegodi] capacity \u2192 39211 (Transfermarkt/Wikipedia)
2026-05-09 12:06:23,755 - INFO - [Stadium: Marcantonio Bentegodi] year \u2192 1963 (Transfermarkt/Wikipedia)
2026-05-09 12:06:23,755 - INFO - [Stadium: Marcantonio Bentegodi] latitude \u2192 45.43528 (Wikipedia)
2026-05-09 12:06:23,755 - INFO - [Stadium: Marcantonio Bentegodi] longitude \u2192 10.96861 (Wikipedia)
2026-05-09 12:06:23,755 - INFO - [Stadium: Marcantonio Bentegodi] image \u2192 https://tmssl.akamaized.net//images/foto/stadionnormal/marcantonio-bentegodi-1509704785-12572.jpg?lm=1509704793 (Wikipedia)
2026-05-09 12:06:23,755 - INFO - [Stadium: Marcantonio Bentegodi] owner_raw \u2192 Municipality of Verona (Wikipedia)
2026-05-09 12:06:23,755 - INFO - [Stadium: Marcantonio Bentegodi] ownership \u2192 PUBLIC (Wikipedia)
2026-05-09 12:06:23,774 - INFO - Updated stadium: Marcantonio Bentegodi
2026-05-09 12:06:29,150 - INFO - ====== WebDriver manager ======
2026-05-09 12:06:30,467 - INFO - Get LATEST chromedriver version for google-chrome
2026-05-09 12:06:30,541 - INFO - Get LATEST chromedriver version for google-chrome
2026-05-09 12:06:30,608 - INFO - Driver [C:\Users\marco\.wdm\drivers\chromedriver\win64\147.0.7727.117\chromedriver-win32/chromedriver.exe] found in cache
2026-05-09 12:06:40,563 - INFO - Accepted consent popup.
2026-05-09 12:06:49,836 - INFO - ====== WebDriver manager ======
2026-05-09 12:06:51,066 - INFO - Get LATEST chromedriver version for google-chrome
2026-05-09 12:06:51,133 - INFO - Get LATEST chromedriver version for google-chrome
2026-05-09 12:06:51,198 - INFO - Driver [C:\Users\marco\.wdm\drivers\chromedriver\win64\147.0.7727.117\chromedriver-win32/chromedriver.exe] found in cache
2026-05-09 12:07:02,985 - INFO - Accepted consent popup.
2026-05-09 12:07:07,469 - INFO - Average attendance extracted: 24882
2026-05-09 12:07:14,113 - INFO - [Team: Verona] manager \u2192 Paolo Sammarco (interim) (Wikipedia)
2026-05-09 12:07:14,114 - INFO - [Team: Verona] founded \u2192 1903-01-01 (Transfermarkt/Wikipedia)
2026-05-09 12:07:14,114 - INFO - [Team: Verona] tier \u2192 1 (Transfermarkt/JSON)
2026-05-09 12:07:14,114 - INFO - Updated team: Verona
2026-05-09 12:07:18,184 - INFO - Finished processing Verona
2026-05-09 12:07:18,184 - INFO - -----------------------------------------
2026-05-09 12:07:18,184 - INFO - Processing team: Sassuolo
2026-05-09 12:07:18,529 - INFO - [City population DEBUG] row header='Country' value='Italy'
2026-05-09 12:07:18,529 - INFO - [City population DEBUG] row header='Region' value='Emilia-Romagna'
2026-05-09 12:07:18,529 - INFO - [City population DEBUG] row header='Province' value='Reggio Emilia (RE)'
2026-05-09 12:07:18,529 - INFO - [City population DEBUG] row header='Frazioni' value='see list'
2026-05-09 12:07:18,529 - INFO - [City population DEBUG] row header='• Mayor' value='Marco Massari ( PD )'
2026-05-09 12:07:18,529 - INFO - [City population DEBUG] row header='• Total' value='230.66 km 2 (89.06 sq mi)'
2026-05-09 12:07:18,529 - INFO - [City population DEBUG] row header='Elevation' value='58 m (190 ft)'
2026-05-09 12:07:18,530 - INFO - [City population DEBUG] row header='• Total' value='172,518'
2026-05-09 12:07:18,530 - INFO - [City population] Candidate from row '• Total': 172518
2026-05-09 12:07:18,530 - INFO - [City population DEBUG] row header='• Density' value='747.93/km 2 (1,937.1/sq mi)'
2026-05-09 12:07:18,530 - INFO - [City population DEBUG] row header='Demonym' value='Reggiano'
2026-05-09 12:07:18,530 - INFO - [City population DEBUG] row header='Time zone' value='UTC+1 ( CET )'
2026-05-09 12:07:18,531 - INFO - [City population DEBUG] row header='• Summer ( DST )' value='UTC+2 ( CEST )'
2026-05-09 12:07:18,531 - INFO - [City population DEBUG] row header='Postal code' value='42121-42122-42123-42124'
2026-05-09 12:07:18,531 - INFO - [City population DEBUG] row header='Dialing code' value='0522'
2026-05-09 12:07:18,531 - INFO - [City population DEBUG] row header='Patron saint' value='San Prospero'
2026-05-09 12:07:18,531 - INFO - [City population DEBUG] row header='Saint day' value='November 24'
2026-05-09 12:07:18,531 - INFO - [City population DEBUG] row header='Website' value='Official website'
2026-05-09 12:07:18,532 - INFO - [City population] Found from municipality/comune candidate: 172518
2026-05-09 12:07:19,197 - INFO - [City: Reggio Emilia] population \u2192 172518 (Wikipedia)
2026-05-09 12:07:19,197 - INFO - [City: Reggio Emilia] image \u2192 https://upload.wikimedia.org/wikipedia/commons/thumb/0/04/Reggio_emilia_panorama_e_Ghiara.jpg/250px-Reggio_emilia_panorama_e_Ghiara.jpg (Wikipedia)
2026-05-09 12:07:19,199 - INFO - Updated city: Reggio Emilia
2026-05-09 12:07:19,752 - INFO - ====== WebDriver manager ======
2026-05-09 12:07:20,991 - INFO - Get LATEST chromedriver version for google-chrome
2026-05-09 12:07:21,060 - INFO - Get LATEST chromedriver version for google-chrome
2026-05-09 12:07:21,125 - INFO - Driver [C:\Users\marco\.wdm\drivers\chromedriver\win64\147.0.7727.117\chromedriver-win32/chromedriver.exe] found in cache
2026-05-09 12:07:31,896 - INFO - Accepted consent popup.
2026-05-09 12:07:34,125 - INFO - Year not found on Transfermarkt for stadium Mapei Stadium - Città del Tricolore
2026-05-09 12:07:36,531 - INFO - [Stadium: Mapei Stadium - Città del Tricolore] capacity \u2192 21584 (Transfermarkt/Wikipedia)
2026-05-09 12:07:36,531 - INFO - [Stadium: Mapei Stadium - Città del Tricolore] year \u2192 1995 (Transfermarkt/Wikipedia)
2026-05-09 12:07:36,531 - INFO - [Stadium: Mapei Stadium - Città del Tricolore] latitude \u2192 44.71472 (Wikipedia)
2026-05-09 12:07:36,531 - INFO - [Stadium: Mapei Stadium - Città del Tricolore] longitude \u2192 10.64972 (Wikipedia)
2026-05-09 12:07:36,531 - INFO - [Stadium: Mapei Stadium - Città del Tricolore] image \u2192 https://tmssl.akamaized.net//images/foto/stadionnormal/default.jpg?lm=1520607007 (Wikipedia)
2026-05-09 12:07:36,532 - INFO - [Stadium: Mapei Stadium - Città del Tricolore] owner_raw \u2192 Mapei S.p.A. (Wikipedia)
2026-05-09 12:07:36,532 - INFO - [Stadium: Mapei Stadium - Città del Tricolore] ownership \u2192 PRIVATE (Wikipedia)
2026-05-09 12:07:36,544 - INFO - Updated stadium: Mapei Stadium - Città del Tricolore
2026-05-09 12:07:41,618 - INFO - ====== WebDriver manager ======
2026-05-09 12:07:43,088 - INFO - Get LATEST chromedriver version for google-chrome
2026-05-09 12:07:43,162 - INFO - Get LATEST chromedriver version for google-chrome
2026-05-09 12:07:43,230 - INFO - Driver [C:\Users\marco\.wdm\drivers\chromedriver\win64\147.0.7727.117\chromedriver-win32/chromedriver.exe] found in cache
2026-05-09 12:07:55,328 - INFO - Accepted consent popup.
2026-05-09 12:08:10,744 - INFO - ====== WebDriver manager ======
2026-05-09 12:08:12,568 - INFO - Get LATEST chromedriver version for google-chrome
2026-05-09 12:08:12,655 - INFO - Get LATEST chromedriver version for google-chrome
2026-05-09 12:08:12,725 - INFO - Driver [C:\Users\marco\.wdm\drivers\chromedriver\win64\147.0.7727.117\chromedriver-win32/chromedriver.exe] found in cache
2026-05-09 12:08:24,837 - INFO - Accepted consent popup.
2026-05-09 12:08:29,419 - INFO - Average attendance extracted: 5569
2026-05-09 12:08:37,300 - INFO - [Team: Sassuolo] manager \u2192 Fabio Grosso (Wikipedia)
2026-05-09 12:08:37,300 - INFO - [Team: Sassuolo] founded \u2192 1920-01-01 (Transfermarkt/Wikipedia)
2026-05-09 12:08:37,300 - INFO - [Team: Sassuolo] tier \u2192 1 (Transfermarkt/JSON)
2026-05-09 12:08:37,300 - INFO - Updated team: Sassuolo
2026-05-09 12:08:41,354 - INFO - Finished processing Sassuolo
2026-05-09 12:08:41,355 - INFO - -----------------------------------------
2026-05-09 12:08:41,355 - INFO - Processing team: Cremonese
2026-05-09 12:08:41,706 - INFO - [City population DEBUG] row header='Country' value='Italy'
2026-05-09 12:08:41,706 - INFO - [City population DEBUG] row header='Region' value='Lombardy'
2026-05-09 12:08:41,706 - INFO - [City population DEBUG] row header='Province' value='Cremona (CR)'
2026-05-09 12:08:41,706 - INFO - [City population DEBUG] row header='• Mayor' value='Andrea Virgilio ( PD )'
2026-05-09 12:08:41,707 - INFO - [City population DEBUG] row header='• Total' value='69.7 km 2 (26.9 sq mi)'
2026-05-09 12:08:41,707 - INFO - [City population DEBUG] row header='Elevation' value='47 m (154 ft)'
2026-05-09 12:08:41,707 - INFO - [City population DEBUG] row header='• Total' value='71,223'
2026-05-09 12:08:41,707 - INFO - [City population] Candidate from row '• Total': 71223
2026-05-09 12:08:41,707 - INFO - [City population DEBUG] row header='• Density' value='1,020/km 2 (2,650/sq mi)'
2026-05-09 12:08:41,707 - INFO - [City population DEBUG] row header='Demonym' value='Cremonesi'
2026-05-09 12:08:41,707 - INFO - [City population DEBUG] row header='Time zone' value='UTC+1 ( CET )'
2026-05-09 12:08:41,708 - INFO - [City population DEBUG] row header='• Summer ( DST )' value='UTC+2 ( CEST )'
2026-05-09 12:08:41,708 - INFO - [City population DEBUG] row header='Postal code' value='26100'
2026-05-09 12:08:41,708 - INFO - [City population DEBUG] row header='Dialing code' value='0372'
2026-05-09 12:08:41,708 - INFO - [City population DEBUG] row header='ISTAT code' value='019036'
2026-05-09 12:08:41,708 - INFO - [City population DEBUG] row header='Patron saint' value='St. Homobonus'
2026-05-09 12:08:41,708 - INFO - [City population DEBUG] row header='Saint day' value='13 November'
2026-05-09 12:08:41,709 - INFO - [City population DEBUG] row header='Website' value='Official website'
2026-05-09 12:08:41,709 - INFO - [City population] Found from municipality/comune candidate: 71223
2026-05-09 12:08:42,693 - INFO - [City: Cremona] population \u2192 71223 (Wikipedia)
2026-05-09 12:08:42,694 - INFO - [City: Cremona] image \u2192 https://upload.wikimedia.org/wikipedia/commons/thumb/e/e1/Cremona_centro.jpg/330px-Cremona_centro.jpg (Wikipedia)
2026-05-09 12:08:42,695 - INFO - Updated city: Cremona
2026-05-09 12:08:43,228 - INFO - ====== WebDriver manager ======
2026-05-09 12:08:44,509 - INFO - Get LATEST chromedriver version for google-chrome
2026-05-09 12:08:44,583 - INFO - Get LATEST chromedriver version for google-chrome
2026-05-09 12:08:44,658 - INFO - Driver [C:\Users\marco\.wdm\drivers\chromedriver\win64\147.0.7727.117\chromedriver-win32/chromedriver.exe] found in cache
2026-05-09 12:08:54,157 - INFO - Accepted consent popup.
2026-05-09 12:09:00,001 - INFO - [Stadium: Giovanni Zini] capacity \u2192 16003 (Transfermarkt/Wikipedia)
2026-05-09 12:09:00,001 - INFO - [Stadium: Giovanni Zini] year \u2192 1929 (Transfermarkt/Wikipedia)
2026-05-09 12:09:00,002 - INFO - [Stadium: Giovanni Zini] latitude \u2192 45.14028 (Wikipedia)
2026-05-09 12:09:00,002 - INFO - [Stadium: Giovanni Zini] longitude \u2192 10.03472 (Wikipedia)
2026-05-09 12:09:00,002 - INFO - [Stadium: Giovanni Zini] image \u2192 https://tmssl.akamaized.net//images/foto/stadionnormal/stadio-giovanni-zini-1680607899-104874.jpg?lm=1680607915 (Wikipedia)
2026-05-09 12:09:00,002 - INFO - [Stadium: Giovanni Zini] owner_raw \u2192 Cremonese (Wikipedia)
2026-05-09 12:09:00,002 - INFO - [Stadium: Giovanni Zini] ownership \u2192 UNKNOWN (Wikipedia)
2026-05-09 12:09:00,014 - INFO - Updated stadium: Giovanni Zini
2026-05-09 12:09:04,827 - INFO - ====== WebDriver manager ======
2026-05-09 12:09:06,145 - INFO - Get LATEST chromedriver version for google-chrome
2026-05-09 12:09:06,224 - INFO - Get LATEST chromedriver version for google-chrome
2026-05-09 12:09:06,286 - INFO - Driver [C:\Users\marco\.wdm\drivers\chromedriver\win64\147.0.7727.117\chromedriver-win32/chromedriver.exe] found in cache
2026-05-09 12:09:17,738 - INFO - Accepted consent popup.
2026-05-09 12:09:32,933 - INFO - ====== WebDriver manager ======
2026-05-09 12:09:34,268 - INFO - Get LATEST chromedriver version for google-chrome
2026-05-09 12:09:34,353 - INFO - Get LATEST chromedriver version for google-chrome
2026-05-09 12:09:34,429 - INFO - Driver [C:\Users\marco\.wdm\drivers\chromedriver\win64\147.0.7727.117\chromedriver-win32/chromedriver.exe] found in cache
2026-05-09 12:09:46,806 - INFO - Accepted consent popup.
2026-05-09 12:09:49,323 - INFO - Average attendance extracted: 8940
2026-05-09 12:09:57,579 - INFO - [Team: Cremonese] manager \u2192 Marco Giampaolo (Wikipedia)
2026-05-09 12:09:57,580 - INFO - [Team: Cremonese] founded \u2192 1903-01-01 (Transfermarkt/Wikipedia)
2026-05-09 12:09:57,580 - INFO - [Team: Cremonese] tier \u2192 1 (Transfermarkt/JSON)
2026-05-09 12:09:57,580 - INFO - Updated team: Cremonese
2026-05-09 12:10:01,643 - INFO - Finished processing Cremonese
2026-05-09 12:10:01,643 - INFO - -----------------------------------------
2026-05-09 12:10:01,643 - INFO - Processing team: Parma
2026-05-09 12:10:01,972 - INFO - [City population DEBUG] row header='Country' value='Italy'
2026-05-09 12:10:01,972 - INFO - [City population DEBUG] row header='Region' value='Emilia-Romagna'
2026-05-09 12:10:01,972 - INFO - [City population DEBUG] row header='Province' value='Parma (PR)'
2026-05-09 12:10:01,972 - INFO - [City population DEBUG] row header='Frazioni' value='See list'
2026-05-09 12:10:01,973 - INFO - [City population DEBUG] row header='• Mayor' value='Michele Guerra'
2026-05-09 12:10:01,973 - INFO - [City population DEBUG] row header='• Total' value='260.60 km 2 (100.62 sq mi)'
2026-05-09 12:10:01,973 - INFO - [City population DEBUG] row header='Elevation' value='55 m (180 ft)'
2026-05-09 12:10:01,974 - INFO - [City population DEBUG] row header='• Total' value='202,111'
2026-05-09 12:10:01,974 - INFO - [City population] Candidate from row '• Total': 202111
2026-05-09 12:10:01,974 - INFO - [City population DEBUG] row header='• Density' value='775.56/km 2 (2,008.7/sq mi)'
2026-05-09 12:10:01,975 - INFO - [City population DEBUG] row header='Demonym(s)' value='Parmesan, Parmigiano'
2026-05-09 12:10:01,975 - INFO - [City population DEBUG] row header='Time zone' value='UTC+1 ( CET )'
2026-05-09 12:10:01,975 - INFO - [City population DEBUG] row header='• Summer ( DST )' value='UTC+2 ( CEST )'
2026-05-09 12:10:01,976 - INFO - [City population DEBUG] row header='Postal code' value='43121-43126'
2026-05-09 12:10:01,976 - INFO - [City population DEBUG] row header='Dialing code' value='0521'
2026-05-09 12:10:01,976 - INFO - [City population DEBUG] row header='Patron saint' value='Sant'Ilario di Poitiers , Sant'Onorato , San Rocco'
2026-05-09 12:10:01,977 - INFO - [City population DEBUG] row header='Saint day' value='January 13'
2026-05-09 12:10:01,977 - INFO - [City population DEBUG] row header='Website' value='Official website'
2026-05-09 12:10:01,977 - INFO - [City population] Found from municipality/comune candidate: 202111
2026-05-09 12:10:02,927 - INFO - [City: Parma] population \u2192 202111 (Wikipedia)
2026-05-09 12:10:02,927 - INFO - [City: Parma] image \u2192 https://upload.wikimedia.org/wikipedia/commons/thumb/e/ec/Parma_-_Italy_-_July_7th_2013_-_00.jpg/120px-Parma_-_Italy_-_July_7th_2013_-_00.jpg (Wikipedia)
2026-05-09 12:10:02,930 - INFO - Updated city: Parma
2026-05-09 12:10:03,781 - INFO - ====== WebDriver manager ======
2026-05-09 12:10:05,777 - INFO - Get LATEST chromedriver version for google-chrome
2026-05-09 12:10:05,846 - INFO - Get LATEST chromedriver version for google-chrome
2026-05-09 12:10:05,916 - INFO - Driver [C:\Users\marco\.wdm\drivers\chromedriver\win64\147.0.7727.117\chromedriver-win32/chromedriver.exe] found in cache
2026-05-09 12:10:19,292 - INFO - Accepted consent popup.
2026-05-09 12:10:28,711 - INFO - [Stadium: Ennio Tardini] capacity \u2192 22352 (Transfermarkt/Wikipedia)
2026-05-09 12:10:28,711 - INFO - [Stadium: Ennio Tardini] year \u2192 1923 (Transfermarkt/Wikipedia)
2026-05-09 12:10:28,711 - INFO - [Stadium: Ennio Tardini] latitude \u2192 44.795 (Wikipedia)
2026-05-09 12:10:28,711 - INFO - [Stadium: Ennio Tardini] longitude \u2192 10.33833 (Wikipedia)
2026-05-09 12:10:28,712 - INFO - [Stadium: Ennio Tardini] image \u2192 https://tmssl.akamaized.net//images/foto/stadionnormal/stadio-tardini-parma-1600427629-47518.jpg?lm=1600427679 (Wikipedia)
2026-05-09 12:10:28,712 - INFO - [Stadium: Ennio Tardini] owner_raw \u2192 Municipality of Parma (Wikipedia)
2026-05-09 12:10:28,712 - INFO - [Stadium: Ennio Tardini] ownership \u2192 PUBLIC (Wikipedia)
2026-05-09 12:10:28,725 - INFO - Updated stadium: Ennio Tardini
2026-05-09 12:10:34,874 - INFO - ====== WebDriver manager ======
2026-05-09 12:10:37,705 - INFO - Get LATEST chromedriver version for google-chrome
2026-05-09 12:10:37,793 - INFO - Get LATEST chromedriver version for google-chrome
2026-05-09 12:10:37,866 - INFO - Driver [C:\Users\marco\.wdm\drivers\chromedriver\win64\147.0.7727.117\chromedriver-win32/chromedriver.exe] found in cache
2026-05-09 12:10:49,028 - INFO - Accepted consent popup.
2026-05-09 12:11:05,105 - INFO - ====== WebDriver manager ======
2026-05-09 12:11:06,773 - INFO - Get LATEST chromedriver version for google-chrome
2026-05-09 12:11:06,865 - INFO - Get LATEST chromedriver version for google-chrome
2026-05-09 12:11:06,932 - INFO - Driver [C:\Users\marco\.wdm\drivers\chromedriver\win64\147.0.7727.117\chromedriver-win32/chromedriver.exe] found in cache
2026-05-09 12:11:20,701 - INFO - Accepted consent popup.
2026-05-09 12:11:22,844 - INFO - Average attendance extracted: 19125
2026-05-09 12:11:29,618 - INFO - [Team: Parma] manager \u2192 Carlos Cuesta (Wikipedia)
2026-05-09 12:11:29,619 - INFO - [Team: Parma] founded \u2192 1913-01-01 (Transfermarkt/Wikipedia)
2026-05-09 12:11:29,619 - INFO - [Team: Parma] tier \u2192 1 (Transfermarkt/JSON)
2026-05-09 12:11:29,619 - INFO - Updated team: Parma
2026-05-09 12:11:33,668 - INFO - Finished processing Parma
2026-05-09 12:11:33,669 - INFO - -----------------------------------------
2026-05-09 12:11:33,669 - INFO - Processing team: Cagliari
2026-05-09 12:11:34,359 - INFO - [City population DEBUG] row header='Country' value='Italy'
2026-05-09 12:11:34,359 - INFO - [City population DEBUG] row header='Region' value='Sardinia'
2026-05-09 12:11:34,360 - INFO - [City population DEBUG] row header='Metropolitan city' value='Cagliari'
2026-05-09 12:11:34,367 - INFO - [City population DEBUG] row header='• Mayor' value='Massimo Zedda ( PP )'
2026-05-09 12:11:34,367 - INFO - [City population DEBUG] row header='• Total' value='85.01 km 2 (32.82 sq mi)'
2026-05-09 12:11:34,368 - INFO - [City population DEBUG] row header='Elevation' value='4 m (13 ft)'
2026-05-09 12:11:34,368 - INFO - [City population DEBUG] row header='• Total' value='145,981'
2026-05-09 12:11:34,368 - INFO - [City population] Candidate from row '• Total': 145981
2026-05-09 12:11:34,368 - INFO - [City population DEBUG] row header='• Density' value='1,717/km 2 (4,448/sq mi)'
2026-05-09 12:11:34,368 - INFO - [City population DEBUG] row header='Demonyms' value='Cagliaritano ( Italian ) Casteddaju ( Sardinian )'
2026-05-09 12:11:34,368 - INFO - [City population DEBUG] row header='Time zone' value='UTC+1 ( CET )'
2026-05-09 12:11:34,369 - INFO - [City population DEBUG] row header='• Summer ( DST )' value='UTC+2 ( CEST )'
2026-05-09 12:11:34,369 - INFO - [City population DEBUG] row header='Postal code' value='09121–09131, 09134'
2026-05-09 12:11:34,369 - INFO - [City population DEBUG] row header='Dialing code' value='070'
2026-05-09 12:11:34,369 - INFO - [City population DEBUG] row header='ISTAT code' value='092009'
2026-05-09 12:11:34,369 - INFO - [City population DEBUG] row header='Patron saint' value='St. Saturninus'
2026-05-09 12:11:34,369 - INFO - [City population DEBUG] row header='Saint day' value='30 October'
2026-05-09 12:11:34,369 - INFO - [City population DEBUG] row header='Website' value='Official website'
2026-05-09 12:11:34,369 - INFO - [City population] Found from municipality/comune candidate: 145981
2026-05-09 12:11:35,918 - INFO - [City: Cagliari] population \u2192 145981 (Wikipedia)
2026-05-09 12:11:35,918 - INFO - [City: Cagliari] image \u2192 https://upload.wikimedia.org/wikipedia/commons/thumb/f/f0/Cagliari_collage.png/250px-Cagliari_collage.png (Wikipedia)
2026-05-09 12:11:35,921 - INFO - Updated city: Cagliari
2026-05-09 12:11:37,425 - INFO - ====== WebDriver manager ======
2026-05-09 12:11:39,178 - INFO - Get LATEST chromedriver version for google-chrome
2026-05-09 12:11:39,252 - INFO - Get LATEST chromedriver version for google-chrome
2026-05-09 12:11:39,316 - INFO - Driver [C:\Users\marco\.wdm\drivers\chromedriver\win64\147.0.7727.117\chromedriver-win32/chromedriver.exe] found in cache
2026-05-09 12:11:51,189 - INFO - Accepted consent popup.
2026-05-09 12:11:59,498 - INFO - [Stadium: Unipol Domus] capacity \u2192 16416 (Transfermarkt/Wikipedia)
2026-05-09 12:11:59,498 - INFO - [Stadium: Unipol Domus] year \u2192 2017 (Transfermarkt/Wikipedia)
2026-05-09 12:11:59,499 - INFO - [Stadium: Unipol Domus] latitude \u2192 39.1993944 (Wikipedia)
2026-05-09 12:11:59,499 - INFO - [Stadium: Unipol Domus] longitude \u2192 9.1349528 (Wikipedia)
2026-05-09 12:11:59,499 - INFO - [Stadium: Unipol Domus] image \u2192 https://tmssl.akamaized.net//images/foto/stadionnormal/sardegna-arena-stadium-cagliari-1627638756-68067.jpg?lm=1627638772 (Wikipedia)
2026-05-09 12:11:59,499 - INFO - [Stadium: Unipol Domus] owner_raw \u2192 Municipality of Cagliari (Wikipedia)
2026-05-09 12:11:59,500 - INFO - [Stadium: Unipol Domus] ownership \u2192 PUBLIC (Wikipedia)
2026-05-09 12:11:59,508 - INFO - Updated stadium: Unipol Domus
2026-05-09 12:12:05,060 - INFO - ====== WebDriver manager ======
2026-05-09 12:12:08,030 - INFO - Get LATEST chromedriver version for google-chrome
2026-05-09 12:12:08,097 - INFO - Get LATEST chromedriver version for google-chrome
2026-05-09 12:12:08,163 - INFO - Driver [C:\Users\marco\.wdm\drivers\chromedriver\win64\147.0.7727.117\chromedriver-win32/chromedriver.exe] found in cache
2026-05-09 12:12:17,829 - INFO - Accepted consent popup.
2026-05-09 12:12:29,940 - INFO - ====== WebDriver manager ======
2026-05-09 12:12:31,433 - INFO - Get LATEST chromedriver version for google-chrome
2026-05-09 12:12:31,526 - INFO - Get LATEST chromedriver version for google-chrome
2026-05-09 12:12:31,595 - INFO - Driver [C:\Users\marco\.wdm\drivers\chromedriver\win64\147.0.7727.117\chromedriver-win32/chromedriver.exe] found in cache
2026-05-09 12:12:44,331 - INFO - Accepted consent popup.
2026-05-09 12:12:48,683 - INFO - Average attendance extracted: 16085
2026-05-09 12:12:55,287 - INFO - [Team: Cagliari] manager \u2192 Fabio Pisacane (Wikipedia)
2026-05-09 12:12:55,288 - INFO - [Team: Cagliari] founded \u2192 1920-01-01 (Transfermarkt/Wikipedia)
2026-05-09 12:12:55,288 - INFO - [Team: Cagliari] tier \u2192 1 (Transfermarkt/JSON)
2026-05-09 12:12:55,288 - INFO - Updated team: Cagliari
2026-05-09 12:12:59,357 - INFO - Finished processing Cagliari
2026-05-09 12:12:59,358 - INFO - -----------------------------------------
2026-05-09 12:12:59,358 - INFO - Processing team: Pisa
2026-05-09 12:12:59,916 - INFO - [City population DEBUG] row header='Country' value='Italy'
2026-05-09 12:12:59,916 - INFO - [City population DEBUG] row header='Region' value='Tuscany'
2026-05-09 12:12:59,917 - INFO - [City population DEBUG] row header='Province' value='Pisa (PI)'
2026-05-09 12:12:59,917 - INFO - [City population DEBUG] row header='Frazioni' value='Calambrone , Coltano , Marina di Pisa , San Piero a Grado , Tirrenia'
2026-05-09 12:12:59,917 - INFO - [City population DEBUG] row header='• Mayor' value='Michele Conti'
2026-05-09 12:12:59,917 - INFO - [City population DEBUG] row header='• Total' value='185 km 2 (71 sq mi)'
2026-05-09 12:12:59,917 - INFO - [City population DEBUG] row header='Elevation' value='4 m (13 ft)'
2026-05-09 12:12:59,917 - INFO - [City population DEBUG] row header='• Total' value='98,778 [ 2 ]'
2026-05-09 12:12:59,917 - INFO - [City population] Candidate from row '• Total': 98778
2026-05-09 12:12:59,918 - INFO - [City population DEBUG] row header='• Density' value='534/km 2 (1,380/sq mi)'
2026-05-09 12:12:59,918 - INFO - [City population DEBUG] row header='Demonym(s)' value='Pisano Pisan (English)'
2026-05-09 12:12:59,918 - INFO - [City population DEBUG] row header='Time zone' value='UTC+1 ( CET )'
2026-05-09 12:12:59,918 - INFO - [City population DEBUG] row header='• Summer ( DST )' value='UTC+2 ( CEST )'
2026-05-09 12:12:59,918 - INFO - [City population DEBUG] row header='Postal code' value='56121–56128'
2026-05-09 12:12:59,918 - INFO - [City population DEBUG] row header='ISTAT code' value='050026'
2026-05-09 12:12:59,918 - INFO - [City population DEBUG] row header='Patron saint' value='San Ranieri'
2026-05-09 12:12:59,918 - INFO - [City population DEBUG] row header='Saint day' value='June 17'
2026-05-09 12:12:59,918 - INFO - [City population DEBUG] row header='Website' value='Official website'
2026-05-09 12:12:59,919 - INFO - [City population] Found from municipality/comune candidate: 98778
2026-05-09 12:13:00,716 - INFO - [City: Pisa] population \u2192 98778 (Wikipedia)
2026-05-09 12:13:00,716 - INFO - [City: Pisa] image \u2192 https://upload.wikimedia.org/wikipedia/commons/thumb/d/d3/Italy_-_Pisa.jpg/330px-Italy_-_Pisa.jpg (Wikipedia)
2026-05-09 12:13:00,718 - INFO - Updated city: Pisa
2026-05-09 12:13:01,449 - INFO - ====== WebDriver manager ======
2026-05-09 12:13:02,825 - INFO - Get LATEST chromedriver version for google-chrome
2026-05-09 12:13:02,901 - INFO - Get LATEST chromedriver version for google-chrome
2026-05-09 12:13:02,969 - INFO - Driver [C:\Users\marco\.wdm\drivers\chromedriver\win64\147.0.7727.117\chromedriver-win32/chromedriver.exe] found in cache
2026-05-09 12:13:13,643 - INFO - Accepted consent popup.
2026-05-09 12:13:24,236 - INFO - [Stadium: Cetilar® Arena] capacity \u2192 12508 (Transfermarkt/Wikipedia)
2026-05-09 12:13:24,237 - INFO - [Stadium: Cetilar® Arena] year \u2192 1919 (Transfermarkt/Wikipedia)
2026-05-09 12:13:24,237 - INFO - [Stadium: Cetilar® Arena] latitude \u2192 43.72528 (Wikipedia)
2026-05-09 12:13:24,237 - INFO - [Stadium: Cetilar® Arena] longitude \u2192 10.4 (Wikipedia)
2026-05-09 12:13:24,237 - INFO - [Stadium: Cetilar® Arena] image \u2192 https://upload.wikimedia.org/wikipedia/commons/thumb/3/32/Italy_-_Pisa_-_Stadium.jpg/250px-Italy_-_Pisa_-_Stadium.jpg (Wikipedia)
2026-05-09 12:13:24,237 - INFO - [Stadium: Cetilar® Arena] owner_raw \u2192 Municipality of Pisa (Wikipedia)
2026-05-09 12:13:24,237 - INFO - [Stadium: Cetilar® Arena] ownership \u2192 PUBLIC (Wikipedia)
2026-05-09 12:13:24,240 - INFO - Updated stadium: Cetilar® Arena
2026-05-09 12:13:29,170 - INFO - ====== WebDriver manager ======
2026-05-09 12:13:30,922 - INFO - Get LATEST chromedriver version for google-chrome
2026-05-09 12:13:30,986 - INFO - Get LATEST chromedriver version for google-chrome
2026-05-09 12:13:31,052 - INFO - Driver [C:\Users\marco\.wdm\drivers\chromedriver\win64\147.0.7727.117\chromedriver-win32/chromedriver.exe] found in cache
2026-05-09 12:13:43,471 - INFO - Accepted consent popup.
2026-05-09 12:13:59,838 - INFO - ====== WebDriver manager ======
2026-05-09 12:14:01,687 - INFO - Get LATEST chromedriver version for google-chrome
2026-05-09 12:14:01,777 - INFO - Get LATEST chromedriver version for google-chrome
2026-05-09 12:14:01,851 - INFO - Driver [C:\Users\marco\.wdm\drivers\chromedriver\win64\147.0.7727.117\chromedriver-win32/chromedriver.exe] found in cache
2026-05-09 12:14:14,976 - INFO - Accepted consent popup.
2026-05-09 12:14:17,791 - INFO - Average attendance extracted: 8859
2026-05-09 12:14:24,360 - INFO - [Team: Pisa] manager \u2192 Oscar Hiljemark (Wikipedia)
2026-05-09 12:14:24,360 - INFO - [Team: Pisa] founded \u2192 1909-01-01 (Transfermarkt/Wikipedia)
2026-05-09 12:14:24,360 - INFO - [Team: Pisa] tier \u2192 1 (Transfermarkt/JSON)
2026-05-09 12:14:24,360 - INFO - Updated team: Pisa
2026-05-09 12:14:28,444 - INFO - Finished processing Pisa
2026-05-09 12:14:28,444 - INFO - -----------------------------------------
2026-05-09 12:14:28,444 - INFO - Processing team: Venezia FC
2026-05-09 12:14:29,319 - INFO - [City population DEBUG] row header='Country' value='Italy'
2026-05-09 12:14:29,319 - INFO - [City population DEBUG] row header='Region' value='Veneto'
2026-05-09 12:14:29,319 - INFO - [City population DEBUG] row header='Metropolitan city' value='Venice (VE)'
2026-05-09 12:14:29,319 - INFO - [City population DEBUG] row header='Frazioni' value='Chirignago, Favaro Veneto , Mestre , Marghera , Murano , Burano , Giudecca , Lido , Zelarino'
2026-05-09 12:14:29,319 - INFO - [City population DEBUG] row header='• Mayor' value='Luigi Brugnaro ( CI )'
2026-05-09 12:14:29,320 - INFO - [City population DEBUG] row header='• Total' value='414.57 km 2 (160.07 sq mi)'
2026-05-09 12:14:29,320 - INFO - [City population DEBUG] row header='Elevation' value='1 m (3.3 ft)'
2026-05-09 12:14:29,320 - INFO - [City population DEBUG] row header='• Total' value='249,466'
2026-05-09 12:14:29,320 - INFO - [City population] Candidate from row '• Total': 249466
2026-05-09 12:14:29,320 - INFO - [City population DEBUG] row header='• Density' value='601.75/km 2 (1,558.5/sq mi)'
2026-05-09 12:14:29,320 - INFO - [City population DEBUG] row header='Demonym(s)' value='Veneziano Venetian (English)'
2026-05-09 12:14:29,320 - INFO - [City population DEBUG] row header='Time zone' value='UTC+1 ( CET )'
2026-05-09 12:14:29,321 - INFO - [City population DEBUG] row header='• Summer ( DST )' value='UTC+2 ( CEST )'
2026-05-09 12:14:29,321 - INFO - [City population DEBUG] row header='ISTAT code' value='027042'
2026-05-09 12:14:29,321 - INFO - [City population DEBUG] row header='Patron saint' value='St. Mark the Evangelist'
2026-05-09 12:14:29,321 - INFO - [City population DEBUG] row header='Saint day' value='25 April'
2026-05-09 12:14:29,321 - INFO - [City population DEBUG] row header='Website' value='Official website'
2026-05-09 12:14:29,321 - INFO - [City population] Found from municipality/comune candidate: 249466
2026-05-09 12:14:31,177 - INFO - [City: Venice] population \u2192 249466 (Wikipedia)
2026-05-09 12:14:31,177 - INFO - [City: Venice] image \u2192 https://upload.wikimedia.org/wikipedia/commons/thumb/4/4f/Venezia_aerial_view.jpg/330px-Venezia_aerial_view.jpg (Wikipedia)
2026-05-09 12:14:31,179 - INFO - Updated city: Venice
2026-05-09 12:14:31,666 - INFO - ====== WebDriver manager ======
2026-05-09 12:14:33,007 - INFO - Get LATEST chromedriver version for google-chrome
2026-05-09 12:14:33,098 - INFO - Get LATEST chromedriver version for google-chrome
2026-05-09 12:14:33,167 - INFO - Driver [C:\Users\marco\.wdm\drivers\chromedriver\win64\147.0.7727.117\chromedriver-win32/chromedriver.exe] found in cache
2026-05-09 12:14:43,977 - INFO - Accepted consent popup.
2026-05-09 12:14:48,611 - INFO - [Stadium: Pier Luigi Penzo] capacity \u2192 12048 (Transfermarkt/Wikipedia)
2026-05-09 12:14:48,611 - INFO - [Stadium: Pier Luigi Penzo] year \u2192 1913 (Transfermarkt/Wikipedia)
2026-05-09 12:14:48,611 - INFO - [Stadium: Pier Luigi Penzo] latitude \u2192 45.4277611 (Wikipedia)
2026-05-09 12:14:48,611 - INFO - [Stadium: Pier Luigi Penzo] longitude \u2192 12.3637306 (Wikipedia)
2026-05-09 12:14:48,611 - INFO - [Stadium: Pier Luigi Penzo] image \u2192 https://tmssl.akamaized.net//images/foto/stadionnormal/stadio-pierluigi-penzo-venezia-1627638090-68066.jpg?lm=1627638117 (Wikipedia)
2026-05-09 12:14:48,611 - INFO - [Stadium: Pier Luigi Penzo] owner_raw \u2192 Municipality of Venice (Wikipedia)
2026-05-09 12:14:48,611 - INFO - [Stadium: Pier Luigi Penzo] ownership \u2192 PUBLIC (Wikipedia)
2026-05-09 12:14:48,625 - INFO - Updated stadium: Pier Luigi Penzo
2026-05-09 12:14:53,753 - INFO - ====== WebDriver manager ======
2026-05-09 12:14:55,054 - INFO - Get LATEST chromedriver version for google-chrome
2026-05-09 12:14:55,134 - INFO - Get LATEST chromedriver version for google-chrome
2026-05-09 12:14:55,199 - INFO - Driver [C:\Users\marco\.wdm\drivers\chromedriver\win64\147.0.7727.117\chromedriver-win32/chromedriver.exe] found in cache
2026-05-09 12:15:05,969 - INFO - Accepted consent popup.
2026-05-09 12:15:21,138 - INFO - ====== WebDriver manager ======
2026-05-09 12:15:22,376 - INFO - Get LATEST chromedriver version for google-chrome
2026-05-09 12:15:22,442 - INFO - Get LATEST chromedriver version for google-chrome
2026-05-09 12:15:22,508 - INFO - Driver [C:\Users\marco\.wdm\drivers\chromedriver\win64\147.0.7727.117\chromedriver-win32/chromedriver.exe] found in cache
2026-05-09 12:15:34,612 - INFO - Accepted consent popup.
2026-05-09 12:15:39,968 - INFO - Average attendance extracted: 10379
2026-05-09 12:15:46,551 - INFO - [Team: Venezia FC] manager \u2192 Giovanni Stroppa (Wikipedia)
2026-05-09 12:15:46,551 - INFO - [Team: Venezia FC] founded \u2192 1907-01-01 (Transfermarkt/Wikipedia)
2026-05-09 12:15:46,551 - INFO - [Team: Venezia FC] tier \u2192 2 (Transfermarkt/JSON)
2026-05-09 12:15:46,551 - INFO - Updated team: Venezia FC
2026-05-09 12:15:50,632 - INFO - Finished processing Venezia FC
2026-05-09 12:15:50,632 - INFO - -----------------------------------------
2026-05-09 12:15:50,632 - INFO - Processing team: Monza
2026-05-09 12:15:51,034 - INFO - [City population DEBUG] row header='Country' value='Italy'
2026-05-09 12:15:51,035 - INFO - [City population DEBUG] row header='Region' value='Lombardy'
2026-05-09 12:15:51,035 - INFO - [City population DEBUG] row header='Province' value='Monza and Brianza (MB)'
2026-05-09 12:15:51,035 - INFO - [City population DEBUG] row header='• Mayor' value='Paolo Pilotto ( PD )'
2026-05-09 12:15:51,035 - INFO - [City population DEBUG] row header='• Total' value='33.03 km 2 (12.75 sq mi)'
2026-05-09 12:15:51,035 - INFO - [City population DEBUG] row header='Elevation' value='162 m (531 ft)'
2026-05-09 12:15:51,035 - INFO - [City population DEBUG] row header='• Total' value='124,398'
2026-05-09 12:15:51,036 - INFO - [City population] Candidate from row '• Total': 124398
2026-05-09 12:15:51,036 - INFO - [City population DEBUG] row header='• Density' value='3,766/km 2 (9,754/sq mi)'
2026-05-09 12:15:51,036 - INFO - [City population DEBUG] row header='Demonym' value='Monzesi'
2026-05-09 12:15:51,036 - INFO - [City population DEBUG] row header='Time zone' value='UTC+1 ( CET )'
2026-05-09 12:15:51,036 - INFO - [City population DEBUG] row header='• Summer ( DST )' value='UTC+2 ( CEST )'
2026-05-09 12:15:51,036 - INFO - [City population DEBUG] row header='Postal code' value='20900'
2026-05-09 12:15:51,036 - INFO - [City population DEBUG] row header='Dialing code' value='039'
2026-05-09 12:15:51,037 - INFO - [City population DEBUG] row header='Patron saint' value='John the Baptist ; Gerardo dei Tintori'
2026-05-09 12:15:51,037 - INFO - [City population DEBUG] row header='Saint day' value='24 June; 6 June'
2026-05-09 12:15:51,037 - INFO - [City population DEBUG] row header='Website' value='Official website'
2026-05-09 12:15:51,037 - INFO - [City population] Found from municipality/comune candidate: 124398
2026-05-09 12:15:52,290 - INFO - [City: Monza] population \u2192 124398 (Wikipedia)
2026-05-09 12:15:52,290 - INFO - [City: Monza] image \u2192 https://upload.wikimedia.org/wikipedia/commons/thumb/b/b9/Monza_-_Villa_Reale_di_Monza_-_02.jpg/250px-Monza_-_Villa_Reale_di_Monza_-_02.jpg (Wikipedia)
2026-05-09 12:15:52,303 - INFO - Updated city: Monza
2026-05-09 12:15:52,836 - INFO - ====== WebDriver manager ======
2026-05-09 12:15:54,223 - INFO - Get LATEST chromedriver version for google-chrome
2026-05-09 12:15:54,298 - INFO - Get LATEST chromedriver version for google-chrome
2026-05-09 12:15:54,368 - INFO - Driver [C:\Users\marco\.wdm\drivers\chromedriver\win64\147.0.7727.117\chromedriver-win32/chromedriver.exe] found in cache
2026-05-09 12:16:05,446 - INFO - Accepted consent popup.
2026-05-09 12:16:14,212 - INFO - [Stadium: Brianteo] capacity \u2192 17102 (Transfermarkt/Wikipedia)
2026-05-09 12:16:14,212 - INFO - [Stadium: Brianteo] year \u2192 1988 (Transfermarkt/Wikipedia)
2026-05-09 12:16:14,212 - INFO - [Stadium: Brianteo] latitude \u2192 45.58278 (Wikipedia)
2026-05-09 12:16:14,212 - INFO - [Stadium: Brianteo] longitude \u2192 9.30806 (Wikipedia)
2026-05-09 12:16:14,212 - INFO - [Stadium: Brianteo] image \u2192 https://tmssl.akamaized.net//images/foto/stadionnormal/stadio-brianteo-monza-1680608236-104875.jpg?lm=1680608253 (Wikipedia)
2026-05-09 12:16:14,213 - INFO - [Stadium: Brianteo] owner_raw \u2192 Municipality of Monza (Wikipedia)
2026-05-09 12:16:14,213 - INFO - [Stadium: Brianteo] ownership \u2192 PUBLIC (Wikipedia)
2026-05-09 12:16:14,250 - INFO - Updated stadium: Brianteo
2026-05-09 12:16:19,957 - INFO - ====== WebDriver manager ======
2026-05-09 12:16:21,266 - INFO - Get LATEST chromedriver version for google-chrome
2026-05-09 12:16:21,334 - INFO - Get LATEST chromedriver version for google-chrome
2026-05-09 12:16:21,397 - INFO - Driver [C:\Users\marco\.wdm\drivers\chromedriver\win64\147.0.7727.117\chromedriver-win32/chromedriver.exe] found in cache
2026-05-09 12:16:33,471 - INFO - Accepted consent popup.
2026-05-09 12:16:52,427 - INFO - ====== WebDriver manager ======
2026-05-09 12:16:54,389 - INFO - Get LATEST chromedriver version for google-chrome
2026-05-09 12:16:54,460 - INFO - Get LATEST chromedriver version for google-chrome
2026-05-09 12:16:54,527 - INFO - Driver [C:\Users\marco\.wdm\drivers\chromedriver\win64\147.0.7727.117\chromedriver-win32/chromedriver.exe] found in cache
2026-05-09 12:17:07,488 - INFO - Accepted consent popup.
2026-05-09 12:17:12,596 - INFO - Average attendance extracted: 11104
2026-05-09 12:17:19,460 - INFO - [Team: Monza] manager \u2192 Paolo Bianco (Wikipedia)
2026-05-09 12:17:19,461 - INFO - [Team: Monza] founded \u2192 1912-01-01 (Transfermarkt/Wikipedia)
2026-05-09 12:17:19,461 - INFO - [Team: Monza] tier \u2192 2 (Transfermarkt/JSON)
2026-05-09 12:17:19,461 - INFO - Updated team: Monza
2026-05-09 12:17:23,541 - INFO - Finished processing Monza
2026-05-09 12:17:23,541 - INFO - -----------------------------------------
2026-05-09 12:17:23,541 - INFO - Processing team: Frosinone
2026-05-09 12:17:23,837 - INFO - [City population DEBUG] row header='Country' value='Italy'
2026-05-09 12:17:23,838 - INFO - [City population DEBUG] row header='Region' value='Lazio'
2026-05-09 12:17:23,838 - INFO - [City population DEBUG] row header='Province' value='Frosinone (FR)'
2026-05-09 12:17:23,838 - INFO - [City population DEBUG] row header='Frazioni' value='Capo Barile Nicolia, Colle Cannuccio, Colle Cottorino, Colle Martuccio, Fontana Grande, Frosinone Stazione, La Cervona, La Pescara, Le Pignatelle, Le Rase, Madonna della Neve, Maniano, Pratillo, San Liberatore, Selva dei Muli, Valle Contessa, Vetiche I, Vetiche II'
2026-05-09 12:17:23,839 - INFO - [City population DEBUG] row header='• Mayor' value='Riccardo Mastrangeli ( FI )'
2026-05-09 12:17:23,839 - INFO - [City population DEBUG] row header='• Total' value='47 km 2 (18 sq mi)'
2026-05-09 12:17:23,839 - INFO - [City population DEBUG] row header='Elevation' value='291 m (955 ft)'
2026-05-09 12:17:23,840 - INFO - [City population DEBUG] row header='• Total' value='44,087'
2026-05-09 12:17:23,840 - INFO - [City population] Candidate from row '• Total': 44087
2026-05-09 12:17:23,840 - INFO - [City population DEBUG] row header='• Density' value='940/km 2 (2,400/sq mi)'
2026-05-09 12:17:23,840 - INFO - [City population DEBUG] row header='Demonym' value='Frusinate(i)'
2026-05-09 12:17:23,840 - INFO - [City population DEBUG] row header='Time zone' value='UTC+1 ( CET )'
2026-05-09 12:17:23,840 - INFO - [City population DEBUG] row header='• Summer ( DST )' value='UTC+2 ( CEST )'
2026-05-09 12:17:23,840 - INFO - [City population DEBUG] row header='Postal code' value='03100'
2026-05-09 12:17:23,840 - INFO - [City population DEBUG] row header='Dialing code' value='0775'
2026-05-09 12:17:23,840 - INFO - [City population DEBUG] row header='Patron saint' value='Saints Silverius and Hormisdas'
2026-05-09 12:17:23,841 - INFO - [City population DEBUG] row header='Saint day' value='June 20'
2026-05-09 12:17:23,841 - INFO - [City population DEBUG] row header='Website' value='Official website'
2026-05-09 12:17:23,841 - INFO - [City population] Found from municipality/comune candidate: 44087
2026-05-09 12:17:24,750 - INFO - [City: Frosinone] population \u2192 44087 (Wikipedia)
2026-05-09 12:17:24,750 - INFO - [City: Frosinone] image \u2192 https://upload.wikimedia.org/wikipedia/commons/thumb/6/63/Frosinonealtapanorama2.jpg/250px-Frosinonealtapanorama2.jpg (Wikipedia)
2026-05-09 12:17:24,752 - INFO - Updated city: Frosinone
2026-05-09 12:17:25,359 - INFO - ====== WebDriver manager ======
2026-05-09 12:17:26,631 - INFO - Get LATEST chromedriver version for google-chrome
2026-05-09 12:17:26,703 - INFO - Get LATEST chromedriver version for google-chrome
2026-05-09 12:17:26,767 - INFO - Driver [C:\Users\marco\.wdm\drivers\chromedriver\win64\147.0.7727.117\chromedriver-win32/chromedriver.exe] found in cache
2026-05-09 12:17:36,270 - INFO - Accepted consent popup.
2026-05-09 12:17:43,237 - INFO - [Stadium: Benito Stirpe] capacity \u2192 16227 (Transfermarkt/Wikipedia)
2026-05-09 12:17:43,237 - INFO - [Stadium: Benito Stirpe] year \u2192 1974 (Transfermarkt/Wikipedia)
2026-05-09 12:17:43,237 - INFO - [Stadium: Benito Stirpe] latitude \u2192 41.63417 (Wikipedia)
2026-05-09 12:17:43,237 - INFO - [Stadium: Benito Stirpe] longitude \u2192 13.32194 (Wikipedia)
2026-05-09 12:17:43,237 - INFO - [Stadium: Benito Stirpe] image \u2192 https://tmssl.akamaized.net//images/foto/stadionnormal/stadio-benito-stirpe-frosinone-1694688355-116648.jpg?lm=1694688375 (Wikipedia)
2026-05-09 12:17:43,238 - INFO - [Stadium: Benito Stirpe] owner_raw \u2192 Frosinone Calcio (Wikipedia)
2026-05-09 12:17:43,238 - INFO - [Stadium: Benito Stirpe] ownership \u2192 UNKNOWN (Wikipedia)
2026-05-09 12:17:43,252 - INFO - Updated stadium: Benito Stirpe
2026-05-09 12:17:48,416 - INFO - ====== WebDriver manager ======
2026-05-09 12:17:49,746 - INFO - Get LATEST chromedriver version for google-chrome
2026-05-09 12:17:49,821 - INFO - Get LATEST chromedriver version for google-chrome
2026-05-09 12:17:49,892 - INFO - Driver [C:\Users\marco\.wdm\drivers\chromedriver\win64\147.0.7727.117\chromedriver-win32/chromedriver.exe] found in cache
2026-05-09 12:18:00,926 - INFO - Accepted consent popup.
2026-05-09 12:18:16,234 - INFO - ====== WebDriver manager ======
2026-05-09 12:18:18,009 - INFO - Get LATEST chromedriver version for google-chrome
2026-05-09 12:18:18,105 - INFO - Get LATEST chromedriver version for google-chrome
2026-05-09 12:18:18,187 - INFO - Driver [C:\Users\marco\.wdm\drivers\chromedriver\win64\147.0.7727.117\chromedriver-win32/chromedriver.exe] found in cache
2026-05-09 12:18:32,047 - INFO - Accepted consent popup.
2026-05-09 12:18:34,544 - INFO - Average attendance extracted: 10417
2026-05-09 12:18:40,939 - INFO - [Team: Frosinone] manager \u2192 Massimiliano Alvini (Wikipedia)
2026-05-09 12:18:40,940 - INFO - [Team: Frosinone] founded \u2192 1911-01-01 (Transfermarkt/Wikipedia)
2026-05-09 12:18:40,940 - INFO - [Team: Frosinone] tier \u2192 2 (Transfermarkt/JSON)
2026-05-09 12:18:40,940 - INFO - Updated team: Frosinone
2026-05-09 12:18:45,018 - INFO - Finished processing Frosinone
2026-05-09 12:18:45,018 - INFO - -----------------------------------------
2026-05-09 12:18:45,018 - INFO - Processing team: Spezia Calcio
2026-05-09 12:18:45,351 - INFO - [City population DEBUG] row header='Country' value='Italy'
2026-05-09 12:18:45,351 - INFO - [City population DEBUG] row header='Region' value='Liguria'
2026-05-09 12:18:45,351 - INFO - [City population DEBUG] row header='Province' value='La Spezia (SP)'
2026-05-09 12:18:45,352 - INFO - [City population DEBUG] row header='Frazioni' value='Biassa, Cadimare, Campiglia, Fabiano Alto/Coregna, Isola di Felettino, Marinasco/Sarbia, Marola, Pitelli , San Venerio/Carozzo'
2026-05-09 12:18:45,352 - INFO - [City population DEBUG] row header='• Mayor' value='Pierluigi Peracchini ( centre-right )'
2026-05-09 12:18:45,352 - INFO - [City population DEBUG] row header='• Total' value='51.39 km 2 (19.84 sq mi)'
2026-05-09 12:18:45,352 - INFO - [City population DEBUG] row header='Elevation' value='10 m (33 ft)'
2026-05-09 12:18:45,352 - INFO - [City population DEBUG] row header='• Total' value='92,711'
2026-05-09 12:18:45,352 - INFO - [City population] Candidate from row '• Total': 92711
2026-05-09 12:18:45,352 - INFO - [City population DEBUG] row header='• Density' value='1,804/km 2 (4,673/sq mi)'
2026-05-09 12:18:45,353 - INFO - [City population DEBUG] row header='Demonym' value='Spezzini'
2026-05-09 12:18:45,353 - INFO - [City population DEBUG] row header='Time zone' value='UTC+1 ( CET )'
2026-05-09 12:18:45,353 - INFO - [City population DEBUG] row header='• Summer ( DST )' value='UTC+2 ( CEST )'
2026-05-09 12:18:45,353 - INFO - [City population DEBUG] row header='Postal code' value='19100, 19121–19126, 19131–19139'
2026-05-09 12:18:45,353 - INFO - [City population DEBUG] row header='Dialing code' value='0187'
2026-05-09 12:18:45,353 - INFO - [City population DEBUG] row header='Patron saint' value='Saint Joseph'
2026-05-09 12:18:45,353 - INFO - [City population DEBUG] row header='Saint day' value='19 March'
2026-05-09 12:18:45,353 - INFO - [City population DEBUG] row header='Website' value='Official website'
2026-05-09 12:18:45,354 - INFO - [City population] Found from municipality/comune candidate: 92711
2026-05-09 12:18:45,983 - INFO - [City: La Spezia] population \u2192 92711 (Wikipedia)
2026-05-09 12:18:45,983 - INFO - [City: La Spezia] image \u2192 https://upload.wikimedia.org/wikipedia/commons/thumb/e/ec/Spezia.jpg/250px-Spezia.jpg (Wikipedia)
2026-05-09 12:18:45,985 - INFO - Updated city: La Spezia
2026-05-09 12:18:46,623 - INFO - ====== WebDriver manager ======
2026-05-09 12:18:48,268 - INFO - Get LATEST chromedriver version for google-chrome
2026-05-09 12:18:48,336 - INFO - Get LATEST chromedriver version for google-chrome
2026-05-09 12:18:48,398 - INFO - Driver [C:\Users\marco\.wdm\drivers\chromedriver\win64\147.0.7727.117\chromedriver-win32/chromedriver.exe] found in cache
2026-05-09 12:19:00,375 - INFO - Accepted consent popup.
2026-05-09 12:19:09,589 - INFO - [Stadium: Alberto Picco] capacity \u2192 12273 (Transfermarkt/Wikipedia)
2026-05-09 12:19:09,589 - INFO - [Stadium: Alberto Picco] year \u2192 1919 (Transfermarkt/Wikipedia)
2026-05-09 12:19:09,589 - INFO - [Stadium: Alberto Picco] latitude \u2192 44.10222 (Wikipedia)
2026-05-09 12:19:09,589 - INFO - [Stadium: Alberto Picco] longitude \u2192 9.80861 (Wikipedia)
2026-05-09 12:19:09,589 - INFO - [Stadium: Alberto Picco] image \u2192 https://tmssl.akamaized.net//images/foto/stadionnormal/stadio-alberto-picco-spezia-calcio-1627637785-68065.jpg?lm=1627637819 (Wikipedia)
2026-05-09 12:19:09,589 - INFO - [Stadium: Alberto Picco] owner_raw \u2192 Municipality of La Spezia (Wikipedia)
2026-05-09 12:19:09,589 - INFO - [Stadium: Alberto Picco] ownership \u2192 PUBLIC (Wikipedia)
2026-05-09 12:19:09,606 - INFO - Updated stadium: Alberto Picco
2026-05-09 12:19:14,487 - INFO - ====== WebDriver manager ======
2026-05-09 12:19:15,867 - INFO - Get LATEST chromedriver version for google-chrome
2026-05-09 12:19:15,941 - INFO - Get LATEST chromedriver version for google-chrome
2026-05-09 12:19:16,008 - INFO - Driver [C:\Users\marco\.wdm\drivers\chromedriver\win64\147.0.7727.117\chromedriver-win32/chromedriver.exe] found in cache
2026-05-09 12:19:27,328 - INFO - Accepted consent popup.
2026-05-09 12:19:43,473 - INFO - ====== WebDriver manager ======
2026-05-09 12:19:45,113 - INFO - Get LATEST chromedriver version for google-chrome
2026-05-09 12:19:45,186 - INFO - Get LATEST chromedriver version for google-chrome
2026-05-09 12:19:45,276 - INFO - Driver [C:\Users\marco\.wdm\drivers\chromedriver\win64\147.0.7727.117\chromedriver-win32/chromedriver.exe] found in cache
2026-05-09 12:19:57,784 - INFO - Accepted consent popup.
2026-05-09 12:20:04,686 - INFO - Average attendance extracted: 9102
2026-05-09 12:20:12,447 - INFO - [Team: Spezia Calcio] manager \u2192 Luca D'Angelo (Wikipedia)
2026-05-09 12:20:12,447 - INFO - [Team: Spezia Calcio] founded \u2192 1906-01-01 (Transfermarkt/Wikipedia)
2026-05-09 12:20:12,447 - INFO - [Team: Spezia Calcio] tier \u2192 2 (Transfermarkt/JSON)
2026-05-09 12:20:12,448 - INFO - Updated team: Spezia Calcio
2026-05-09 12:20:16,500 - INFO - Finished processing Spezia Calcio
2026-05-09 12:20:16,500 - INFO - -----------------------------------------
2026-05-09 12:20:16,500 - INFO - Processing team: UC Sampdoria
2026-05-09 12:20:17,485 - INFO - [City population DEBUG] row header='Country' value='Italy'
2026-05-09 12:20:17,486 - INFO - [City population DEBUG] row header='Region' value='Liguria'
2026-05-09 12:20:17,486 - INFO - [City population DEBUG] row header='Metropolitan city' value='Genoa (GE)'
2026-05-09 12:20:17,486 - INFO - [City population DEBUG] row header='• Mayor' value='Silvia Salis [ 1 ] ( Centre-left independent )'
2026-05-09 12:20:17,486 - INFO - [City population DEBUG] row header='• Total' value='240.29 km 2 (92.78 sq mi)'
2026-05-09 12:20:17,487 - INFO - [City population DEBUG] row header='Elevation' value='20 m (66 ft)'
2026-05-09 12:20:17,487 - INFO - [City population DEBUG] row header='• Total' value='565,301 ( 6th )'
2026-05-09 12:20:17,487 - INFO - [City population] Candidate from row '• Total': 565301
2026-05-09 12:20:17,487 - INFO - [City population DEBUG] row header='• Density' value='2,352.6/km 2 (6,093.1/sq mi)'
2026-05-09 12:20:17,487 - INFO - [City population DEBUG] row header='Demonym(s)' value='Genoese, Genovese'
2026-05-09 12:20:17,488 - INFO - [City population DEBUG] row header='Time zone' value='UTC+1 ( CET )'
2026-05-09 12:20:17,488 - INFO - [City population DEBUG] row header='• Summer ( DST )' value='UTC+2 ( CEST )'
2026-05-09 12:20:17,488 - INFO - [City population DEBUG] row header='ISTAT code' value='010025'
2026-05-09 12:20:17,488 - INFO - [City population DEBUG] row header='Patron saint' value='John the Baptist'
2026-05-09 12:20:17,488 - INFO - [City population DEBUG] row header='Saint day' value='24 June'
2026-05-09 12:20:17,488 - INFO - [City population DEBUG] row header='Website' value='comune .genova .it'
2026-05-09 12:20:17,488 - INFO - [City population DEBUG] row header='Official name' value='Genoa: Le Strade Nuove and the system of the Palazzi dei Rolli'
2026-05-09 12:20:17,489 - INFO - [City population DEBUG] row header='Criteria' value='Cultural: (ii)(iv)'
2026-05-09 12:20:17,489 - INFO - [City population DEBUG] row header='Reference' value='1211'
2026-05-09 12:20:17,489 - INFO - [City population DEBUG] row header='Inscription' value='2006 (30th Session )'
2026-05-09 12:20:17,489 - INFO - [City population DEBUG] row header='Area' value='15.777 ha (38.99 acres)'
2026-05-09 12:20:17,489 - INFO - [City population DEBUG] row header='Buffer zone' value='113 ha (280 acres)'
2026-05-09 12:20:17,489 - INFO - [City population] Found from municipality/comune candidate: 565301
2026-05-09 12:20:18,956 - INFO - [City: Genoa] population \u2192 565301 (Wikipedia)
2026-05-09 12:20:18,956 - INFO - [City: Genoa] image \u2192 https://upload.wikimedia.org/wikipedia/commons/thumb/8/86/Genova_panorama_centro_storico_da_villetta_Di_Negro.jpg/330px-Genova_panorama_centro_storico_da_villetta_Di_Negro.jpg (Wikipedia)
2026-05-09 12:20:18,963 - INFO - Updated city: Genoa
2026-05-09 12:20:19,477 - INFO - ====== WebDriver manager ======
2026-05-09 12:20:21,428 - INFO - Get LATEST chromedriver version for google-chrome
2026-05-09 12:20:21,507 - INFO - Get LATEST chromedriver version for google-chrome
2026-05-09 12:20:21,575 - INFO - Driver [C:\Users\marco\.wdm\drivers\chromedriver\win64\147.0.7727.117\chromedriver-win32/chromedriver.exe] found in cache
2026-05-09 12:20:32,889 - INFO - Accepted consent popup.
2026-05-09 12:20:41,383 - INFO - [Stadium: Luigi Ferraris] capacity \u2192 33205 (Transfermarkt/Wikipedia)
2026-05-09 12:20:41,383 - INFO - [Stadium: Luigi Ferraris] year \u2192 1911 (Transfermarkt/Wikipedia)
2026-05-09 12:20:41,383 - INFO - [Stadium: Luigi Ferraris] latitude \u2192 44.41639 (Wikipedia)
2026-05-09 12:20:41,383 - INFO - [Stadium: Luigi Ferraris] longitude \u2192 8.9525 (Wikipedia)
2026-05-09 12:20:41,384 - INFO - [Stadium: Luigi Ferraris] image \u2192 https://tmssl.akamaized.net//images/foto/stadionnormal/uc-sampdoria-fans-2024-25-1747231360-167844.jpg?lm=1747231369 (Wikipedia)
2026-05-09 12:20:41,384 - INFO - [Stadium: Luigi Ferraris] owner_raw \u2192 Municipality of Genoa (Wikipedia)
2026-05-09 12:20:41,384 - INFO - [Stadium: Luigi Ferraris] ownership \u2192 PUBLIC (Wikipedia)
2026-05-09 12:20:41,398 - INFO - Updated stadium: Luigi Ferraris
2026-05-09 12:20:46,951 - INFO - ====== WebDriver manager ======
2026-05-09 12:20:48,210 - INFO - Get LATEST chromedriver version for google-chrome
2026-05-09 12:20:48,335 - INFO - Get LATEST chromedriver version for google-chrome
2026-05-09 12:20:48,473 - INFO - Driver [C:\Users\marco\.wdm\drivers\chromedriver\win64\147.0.7727.117\chromedriver-win32/chromedriver.exe] found in cache
2026-05-09 12:21:00,032 - INFO - Accepted consent popup.
2026-05-09 12:21:09,612 - INFO - ====== WebDriver manager ======
2026-05-09 12:21:10,848 - INFO - Get LATEST chromedriver version for google-chrome
2026-05-09 12:21:10,913 - INFO - Get LATEST chromedriver version for google-chrome
2026-05-09 12:21:10,975 - INFO - Driver [C:\Users\marco\.wdm\drivers\chromedriver\win64\147.0.7727.117\chromedriver-win32/chromedriver.exe] found in cache
2026-05-09 12:21:23,461 - INFO - Accepted consent popup.
2026-05-09 12:21:28,185 - INFO - Average attendance extracted: 23382
2026-05-09 12:21:34,814 - INFO - [Team: UC Sampdoria] manager \u2192 Attilio Lombardo (caretaker) (Wikipedia)
2026-05-09 12:21:34,815 - INFO - [Team: UC Sampdoria] founded \u2192 1946-01-01 (Transfermarkt/Wikipedia)
2026-05-09 12:21:34,815 - INFO - [Team: UC Sampdoria] tier \u2192 2 (Transfermarkt/JSON)
2026-05-09 12:21:34,815 - INFO - Updated team: UC Sampdoria
2026-05-09 12:21:38,866 - INFO - Finished processing UC Sampdoria
2026-05-09 12:21:38,866 - INFO - -----------------------------------------
2026-05-09 12:21:38,866 - INFO - Processing team: Palermo FC
2026-05-09 12:21:39,751 - INFO - [City population DEBUG] row header='Country' value='Italy'
2026-05-09 12:21:39,752 - INFO - [City population DEBUG] row header='Region' value='Sicily'
2026-05-09 12:21:39,752 - INFO - [City population DEBUG] row header='Metropolitan city' value='Palermo (PA)'
2026-05-09 12:21:39,752 - INFO - [City population DEBUG] row header='Founded' value='736 BC'
2026-05-09 12:21:39,752 - INFO - [City population DEBUG] row header='Frazioni' value='Monreale, Cinisi, Terrasini, Villabate'
2026-05-09 12:21:39,752 - INFO - [City population DEBUG] row header='• Mayor' value='Roberto Lagalla ( UDC )'
2026-05-09 12:21:39,753 - INFO - [City population DEBUG] row header='• Total' value='160.59 km 2 (62.00 sq mi)'
2026-05-09 12:21:39,753 - INFO - [City population DEBUG] row header='Elevation' value='14 m (46 ft)'
2026-05-09 12:21:39,753 - INFO - [City population DEBUG] row header='• Total' value='625,956 ( 5th )'
2026-05-09 12:21:39,753 - INFO - [City population] Candidate from row '• Total': 625956
2026-05-09 12:21:39,753 - INFO - [City population DEBUG] row header='• Density' value='3,897.9/km 2 (10,095/sq mi)'
2026-05-09 12:21:39,754 - INFO - [City population DEBUG] row header='Demonyms' value='Palermitano Panormito Palermitan (English)'
2026-05-09 12:21:39,754 - INFO - [City population DEBUG] row header='Time zone' value='UTC+1 ( CET )'
2026-05-09 12:21:39,754 - INFO - [City population DEBUG] row header='• Summer ( DST )' value='UTC+2 ( CEST )'
2026-05-09 12:21:39,754 - INFO - [City population DEBUG] row header='Postal code' value='90100'
2026-05-09 12:21:39,754 - INFO - [City population DEBUG] row header='Dialing code' value='091'
2026-05-09 12:21:39,754 - INFO - [City population DEBUG] row header='ISTAT code' value='082053'
2026-05-09 12:21:39,755 - INFO - [City population DEBUG] row header='Patron saint' value='Saint Rosalia , Saint Agata , Saint Oliva and Saint Benedict the Moor'
2026-05-09 12:21:39,755 - INFO - [City population DEBUG] row header='Saint day' value='15 July'
2026-05-09 12:21:39,755 - INFO - [City population DEBUG] row header='Website' value='Official website'
2026-05-09 12:21:39,755 - INFO - [City population] Found from municipality/comune candidate: 625956
2026-05-09 12:21:41,114 - INFO - [City: Palermo] population \u2192 625956 (Wikipedia)
2026-05-09 12:21:41,114 - INFO - [City: Palermo] image \u2192 https://upload.wikimedia.org/wikipedia/commons/thumb/e/e0/Panoramica_Cattedrale_di_Palermo.jpg/330px-Panoramica_Cattedrale_di_Palermo.jpg (Wikipedia)
2026-05-09 12:21:41,118 - INFO - Updated city: Palermo
2026-05-09 12:21:41,829 - INFO - ====== WebDriver manager ======
2026-05-09 12:21:43,110 - INFO - Get LATEST chromedriver version for google-chrome
2026-05-09 12:21:43,180 - INFO - Get LATEST chromedriver version for google-chrome
2026-05-09 12:21:43,250 - INFO - Driver [C:\Users\marco\.wdm\drivers\chromedriver\win64\147.0.7727.117\chromedriver-win32/chromedriver.exe] found in cache
2026-05-09 12:21:52,965 - INFO - Accepted consent popup.
2026-05-09 12:22:00,537 - INFO - [Stadium: Comunale Renzo Barbera "La Favorita"] capacity \u2192 36365 (Transfermarkt/Wikipedia)
2026-05-09 12:22:00,537 - INFO - [Stadium: Comunale Renzo Barbera "La Favorita"] year \u2192 1932 (Transfermarkt/Wikipedia)
2026-05-09 12:22:00,537 - INFO - [Stadium: Comunale Renzo Barbera "La Favorita"] latitude \u2192 38.1527667 (Wikipedia)
2026-05-09 12:22:00,537 - INFO - [Stadium: Comunale Renzo Barbera "La Favorita"] longitude \u2192 13.342275 (Wikipedia)
2026-05-09 12:22:00,537 - INFO - [Stadium: Comunale Renzo Barbera "La Favorita"] image \u2192 https://tmssl.akamaized.net//images/foto/stadionnormal/palermo-fc-comunale-renzo-barbera-la-favorita-2022-23-1680777146-105015.jpg?lm=1680777156 (Wikipedia)
2026-05-09 12:22:00,537 - INFO - [Stadium: Comunale Renzo Barbera "La Favorita"] owner_raw \u2192 Municipality of Palermo (Wikipedia)
2026-05-09 12:22:00,537 - INFO - [Stadium: Comunale Renzo Barbera "La Favorita"] ownership \u2192 PUBLIC (Wikipedia)
2026-05-09 12:22:00,547 - INFO - Updated stadium: Comunale Renzo Barbera "La Favorita"
2026-05-09 12:22:06,022 - INFO - ====== WebDriver manager ======
2026-05-09 12:22:07,326 - INFO - Get LATEST chromedriver version for google-chrome
2026-05-09 12:22:07,412 - INFO - Get LATEST chromedriver version for google-chrome
2026-05-09 12:22:07,478 - INFO - Driver [C:\Users\marco\.wdm\drivers\chromedriver\win64\147.0.7727.117\chromedriver-win32/chromedriver.exe] found in cache
2026-05-09 12:22:19,175 - INFO - Accepted consent popup.
2026-05-09 12:22:37,965 - INFO - ====== WebDriver manager ======
2026-05-09 12:22:39,784 - INFO - Get LATEST chromedriver version for google-chrome
2026-05-09 12:22:39,876 - INFO - Get LATEST chromedriver version for google-chrome
2026-05-09 12:22:39,950 - INFO - Driver [C:\Users\marco\.wdm\drivers\chromedriver\win64\147.0.7727.117\chromedriver-win32/chromedriver.exe] found in cache
2026-05-09 12:22:51,365 - INFO - Accepted consent popup.
2026-05-09 12:23:02,111 - INFO - Average attendance extracted: 20497
2026-05-09 12:23:09,712 - INFO - [Team: Palermo FC] manager \u2192 Filippo Inzaghi (Wikipedia)
2026-05-09 12:23:09,712 - INFO - [Team: Palermo FC] founded \u2192 1900-01-01 (Transfermarkt/Wikipedia)
2026-05-09 12:23:09,712 - INFO - [Team: Palermo FC] tier \u2192 2 (Transfermarkt/JSON)
2026-05-09 12:23:09,712 - INFO - Updated team: Palermo FC
2026-05-09 12:23:13,796 - INFO - Finished processing Palermo FC
2026-05-09 12:23:13,796 - INFO - -----------------------------------------
2026-05-09 12:23:13,796 - INFO - Processing team: US Catanzaro
2026-05-09 12:23:14,378 - INFO - [City population DEBUG] row header='Country' value='Italy'
2026-05-09 12:23:14,378 - INFO - [City population DEBUG] row header='Region' value='Calabria'
2026-05-09 12:23:14,379 - INFO - [City population DEBUG] row header='Province' value='Catanzaro (CZ)'
2026-05-09 12:23:14,380 - INFO - [City population DEBUG] row header='• Mayor' value='Nicola Fiorita ( PD )'
2026-05-09 12:23:14,380 - INFO - [City population DEBUG] row header='• Total' value='102.3 km 2 (39.5 sq mi)'
2026-05-09 12:23:14,380 - INFO - [City population DEBUG] row header='Highest elevation' value='342 m (1,122 ft)'
2026-05-09 12:23:14,380 - INFO - [City population DEBUG] row header='Lowest elevation' value='0 m (0 ft)'
2026-05-09 12:23:14,381 - INFO - [City population DEBUG] row header='• Total' value='86,186'
2026-05-09 12:23:14,381 - INFO - [City population] Candidate from row '• Total': 86186
2026-05-09 12:23:14,381 - INFO - [City population DEBUG] row header='• Density' value='842.5/km 2 (2,182/sq mi)'
2026-05-09 12:23:14,381 - INFO - [City population DEBUG] row header='Demonym' value='Catanzaresi'
2026-05-09 12:23:14,381 - INFO - [City population DEBUG] row header='Time zone' value='UTC+1 ( CET )'
2026-05-09 12:23:14,381 - INFO - [City population DEBUG] row header='• Summer ( DST )' value='UTC+2 ( CEST )'
2026-05-09 12:23:14,382 - INFO - [City population DEBUG] row header='Postal code' value='88100'
2026-05-09 12:23:14,382 - INFO - [City population DEBUG] row header='Dialing code' value='0961'
2026-05-09 12:23:14,382 - INFO - [City population DEBUG] row header='Patron saint' value='St. Vitalian of Capua and St. Agatius (co-patron)'
2026-05-09 12:23:14,382 - INFO - [City population DEBUG] row header='Saint day' value='16 July'
2026-05-09 12:23:14,382 - INFO - [City population DEBUG] row header='Website' value='Official website'
2026-05-09 12:23:14,383 - INFO - [City population] Found from municipality/comune candidate: 86186
2026-05-09 12:23:15,101 - INFO - [City: Catanzaro] population \u2192 86186 (Wikipedia)
2026-05-09 12:23:15,102 - INFO - [City: Catanzaro] image \u2192 https://upload.wikimedia.org/wikipedia/commons/thumb/4/4b/Collage_-_Catanzaro.png/330px-Collage_-_Catanzaro.png (Wikipedia)
2026-05-09 12:23:15,105 - INFO - Updated city: Catanzaro
2026-05-09 12:23:15,625 - INFO - [Wikipedia] geo class not found
2026-05-09 12:23:15,649 - INFO - [Wikipedia] latitude/longitude span not found
2026-05-09 12:23:15,658 - WARNING - [Wikipedia] Coordinates not found for Stadio Nicola Ceravolo - Wikipedia
2026-05-09 12:23:15,658 - WARNING - [Wikipedia] All coordinate methods failed
2026-05-09 12:23:15,671 - INFO - ====== WebDriver manager ======
2026-05-09 12:23:17,816 - INFO - Get LATEST chromedriver version for google-chrome
2026-05-09 12:23:17,885 - INFO - Get LATEST chromedriver version for google-chrome
2026-05-09 12:23:17,963 - INFO - Driver [C:\Users\marco\.wdm\drivers\chromedriver\win64\147.0.7727.117\chromedriver-win32/chromedriver.exe] found in cache
2026-05-09 12:23:29,551 - INFO - Accepted consent popup.
2026-05-09 12:23:40,958 - INFO - [Stadium: Nicola Ceravolo] capacity \u2192 14650 (Transfermarkt/Wikipedia)
2026-05-09 12:23:40,959 - INFO - [Stadium: Nicola Ceravolo] year \u2192 1919 (Transfermarkt/Wikipedia)
2026-05-09 12:23:40,959 - WARNING - [Stadium: Nicola Ceravolo] latitude \u2192 NOT FOUND
2026-05-09 12:23:40,959 - WARNING - [Stadium: Nicola Ceravolo] longitude \u2192 NOT FOUND
2026-05-09 12:23:40,959 - INFO - [Stadium: Nicola Ceravolo] image \u2192 https://tmssl.akamaized.net//images/foto/stadionnormal/stadio-nicola-ceravolo-2024-1721978047-143449.jpg?lm=1721978067 (Wikipedia)
2026-05-09 12:23:40,959 - INFO - [Stadium: Nicola Ceravolo] owner_raw \u2192 Municipality of Catanzaro (Wikipedia)
2026-05-09 12:23:40,959 - INFO - [Stadium: Nicola Ceravolo] ownership \u2192 PUBLIC (Wikipedia)
2026-05-09 12:23:41,004 - INFO - Updated stadium: Nicola Ceravolo
2026-05-09 12:23:46,500 - INFO - ====== WebDriver manager ======
2026-05-09 12:23:49,707 - INFO - Get LATEST chromedriver version for google-chrome
2026-05-09 12:23:49,776 - INFO - Get LATEST chromedriver version for google-chrome
2026-05-09 12:23:49,850 - INFO - Driver [C:\Users\marco\.wdm\drivers\chromedriver\win64\147.0.7727.117\chromedriver-win32/chromedriver.exe] found in cache
2026-05-09 12:24:05,359 - INFO - Accepted consent popup.
2026-05-09 12:24:21,135 - INFO - ====== WebDriver manager ======
2026-05-09 12:24:23,853 - INFO - Get LATEST chromedriver version for google-chrome
2026-05-09 12:24:23,927 - INFO - Get LATEST chromedriver version for google-chrome
2026-05-09 12:24:23,997 - INFO - Driver [C:\Users\marco\.wdm\drivers\chromedriver\win64\147.0.7727.117\chromedriver-win32/chromedriver.exe] found in cache
2026-05-09 12:24:44,817 - INFO - Accepted consent popup.
2026-05-09 12:24:54,308 - INFO - Average attendance extracted: 9454
2026-05-09 12:25:01,564 - INFO - [Team: US Catanzaro] manager \u2192 Alberto Aquilani (Wikipedia)
2026-05-09 12:25:01,564 - INFO - [Team: US Catanzaro] founded \u2192 1928-01-01 (Transfermarkt/Wikipedia)
2026-05-09 12:25:01,565 - INFO - [Team: US Catanzaro] tier \u2192 2 (Transfermarkt/JSON)
2026-05-09 12:25:01,565 - INFO - Updated team: US Catanzaro
2026-05-09 12:25:05,613 - INFO - Finished processing US Catanzaro
2026-05-09 12:25:05,614 - INFO - -----------------------------------------
2026-05-09 12:25:05,614 - INFO - Processing team: Bari
2026-05-09 12:25:06,523 - INFO - [City population DEBUG] row header='Country' value='Italy'
2026-05-09 12:25:06,524 - INFO - [City population DEBUG] row header='Region' value='Apulia'
2026-05-09 12:25:06,525 - INFO - [City population DEBUG] row header='Metropolitan city' value='Bari (BA)'
2026-05-09 12:25:06,526 - INFO - [City population DEBUG] row header='• Mayor' value='Vito Leccese ( PD )'
2026-05-09 12:25:06,527 - INFO - [City population DEBUG] row header='• Total' value='117 km 2 (45 sq mi)'
2026-05-09 12:25:06,527 - INFO - [City population DEBUG] row header='Elevation' value='5 m (16 ft)'
2026-05-09 12:25:06,527 - INFO - [City population DEBUG] row header='• Total' value='315,473'
2026-05-09 12:25:06,527 - INFO - [City population] Candidate from row '• Total': 315473
2026-05-09 12:25:06,529 - INFO - [City population DEBUG] row header='• Density' value='2,700/km 2 (6,980/sq mi)'
2026-05-09 12:25:06,531 - INFO - [City population DEBUG] row header='Demonym' value='Barese'
2026-05-09 12:25:06,532 - INFO - [City population DEBUG] row header='Time zone' value='UTC+1 ( CET )'
2026-05-09 12:25:06,533 - INFO - [City population DEBUG] row header='• Summer ( DST )' value='UTC+2 ( CEST )'
2026-05-09 12:25:06,534 - INFO - [City population DEBUG] row header='ISTAT code' value='072006'
2026-05-09 12:25:06,534 - INFO - [City population DEBUG] row header='Patron saint' value='St. Nicholas'
2026-05-09 12:25:06,534 - INFO - [City population DEBUG] row header='Saint day' value='8 May'
2026-05-09 12:25:06,535 - INFO - [City population DEBUG] row header='Website' value='www .comune .bari .it'
2026-05-09 12:25:06,535 - INFO - [City population] Found from municipality/comune candidate: 315473
2026-05-09 12:25:07,957 - INFO - [City: Bari] population \u2192 315473 (Wikipedia)
2026-05-09 12:25:07,957 - INFO - [City: Bari] image \u2192 https://upload.wikimedia.org/wikipedia/commons/thumb/4/44/Bari_-_Lungomare_Imperatore_Augusto_%26_Mare.jpg/330px-Bari_-_Lungomare_Imperatore_Augusto_%26_Mare.jpg (Wikipedia)
2026-05-09 12:25:07,961 - INFO - Updated city: Bari
2026-05-09 12:25:08,649 - INFO - ====== WebDriver manager ======
2026-05-09 12:25:11,360 - INFO - Get LATEST chromedriver version for google-chrome
2026-05-09 12:25:11,437 - INFO - Get LATEST chromedriver version for google-chrome
2026-05-09 12:25:11,511 - INFO - Driver [C:\Users\marco\.wdm\drivers\chromedriver\win64\147.0.7727.117\chromedriver-win32/chromedriver.exe] found in cache
2026-05-09 12:25:26,073 - INFO - Accepted consent popup.
2026-05-09 12:25:41,991 - INFO - [Stadium: San Nicola] capacity \u2192 58270 (Transfermarkt/Wikipedia)
2026-05-09 12:25:41,991 - INFO - [Stadium: San Nicola] year \u2192 1990 (Transfermarkt/Wikipedia)
2026-05-09 12:25:41,991 - INFO - [Stadium: San Nicola] latitude \u2192 41.0847361 (Wikipedia)
2026-05-09 12:25:41,991 - INFO - [Stadium: San Nicola] longitude \u2192 16.8400722 (Wikipedia)
2026-05-09 12:25:41,991 - INFO - [Stadium: San Nicola] image \u2192 https://tmssl.akamaized.net//images/foto/stadionnormal/roter-stern-belgrad-champions-league-sieg-1991-1596794698-44954.jpg?lm=1596794665 (Wikipedia)
2026-05-09 12:25:41,992 - INFO - [Stadium: San Nicola] owner_raw \u2192 Municipality of Bari (Wikipedia)
2026-05-09 12:25:41,992 - INFO - [Stadium: San Nicola] ownership \u2192 PUBLIC (Wikipedia)
2026-05-09 12:25:42,008 - INFO - Updated stadium: San Nicola
2026-05-09 12:25:48,043 - INFO - ====== WebDriver manager ======
2026-05-09 12:25:50,309 - INFO - Get LATEST chromedriver version for google-chrome
2026-05-09 12:25:50,386 - INFO - Get LATEST chromedriver version for google-chrome
2026-05-09 12:25:50,461 - INFO - Driver [C:\Users\marco\.wdm\drivers\chromedriver\win64\147.0.7727.117\chromedriver-win32/chromedriver.exe] found in cache
2026-05-09 12:26:04,482 - INFO - Accepted consent popup.
2026-05-09 12:26:26,054 - INFO - ====== WebDriver manager ======
2026-05-09 12:26:27,780 - INFO - Get LATEST chromedriver version for google-chrome
2026-05-09 12:26:27,854 - INFO - Get LATEST chromedriver version for google-chrome
2026-05-09 12:26:27,930 - INFO - Driver [C:\Users\marco\.wdm\drivers\chromedriver\win64\147.0.7727.117\chromedriver-win32/chromedriver.exe] found in cache
2026-05-09 12:26:40,926 - INFO - Accepted consent popup.
2026-05-09 12:27:10,509 - INFO - Average attendance extracted: 15892
2026-05-09 12:27:18,676 - INFO - [Team: Bari] manager \u2192 Moreno Longo (Wikipedia)
2026-05-09 12:27:18,679 - INFO - [Team: Bari] founded \u2192 1908-01-01 (Transfermarkt/Wikipedia)
2026-05-09 12:27:18,679 - INFO - [Team: Bari] tier \u2192 2 (Transfermarkt/JSON)
2026-05-09 12:27:18,679 - INFO - Updated team: Bari
2026-05-09 12:27:22,788 - INFO - Finished processing Bari
2026-05-09 12:27:22,790 - INFO - -----------------------------------------
2026-05-09 12:27:22,790 - INFO - Processing team: FC Empoli
2026-05-09 12:27:23,446 - INFO - [City population DEBUG] row header='Country' value='Italy'
2026-05-09 12:27:23,447 - INFO - [City population DEBUG] row header='Region' value='Tuscany'
2026-05-09 12:27:23,448 - INFO - [City population DEBUG] row header='Metropolitan city' value='Florence (FI)'
2026-05-09 12:27:23,448 - INFO - [City population DEBUG] row header='Frazioni' value='Avane, Casenuove, Corniola, Cortenuova, Fontanella, Marcignana, Monterappoli, Pagnana, Ponte a Elsa , Pontorme, Pozzale , Sant'Andrea, Serravalle, Villanova'
2026-05-09 12:27:23,461 - INFO - [City population DEBUG] row header='• Mayor' value='Alessio Mantellassi (since 26 May 2024)'
2026-05-09 12:27:23,462 - INFO - [City population DEBUG] row header='• Total' value='62.28 km 2 (24.05 sq mi)'
2026-05-09 12:27:23,462 - INFO - [City population DEBUG] row header='Elevation' value='28 m (92 ft)'
2026-05-09 12:27:23,463 - INFO - [City population DEBUG] row header='• Total' value='48,004'
2026-05-09 12:27:23,463 - INFO - [City population] Candidate from row '• Total': 48004
2026-05-09 12:27:23,463 - INFO - [City population DEBUG] row header='• Density' value='770.8/km 2 (1,996/sq mi)'
2026-05-09 12:27:23,464 - INFO - [City population DEBUG] row header='Demonym' value='Empolesi'
2026-05-09 12:27:23,464 - INFO - [City population DEBUG] row header='Time zone' value='UTC+1 ( CET )'
2026-05-09 12:27:23,464 - INFO - [City population DEBUG] row header='• Summer ( DST )' value='UTC+2 ( CEST )'
2026-05-09 12:27:23,465 - INFO - [City population DEBUG] row header='Postal code' value='50053'
2026-05-09 12:27:23,465 - INFO - [City population DEBUG] row header='Dialing code' value='0571'
2026-05-09 12:27:23,465 - INFO - [City population DEBUG] row header='Patron saint' value='St. Andrew'
2026-05-09 12:27:23,465 - INFO - [City population DEBUG] row header='Saint day' value='November 30'
2026-05-09 12:27:23,466 - INFO - [City population DEBUG] row header='Website' value='Official website'
2026-05-09 12:27:23,466 - INFO - [City population] Found from municipality/comune candidate: 48004
2026-05-09 12:27:24,063 - INFO - [City: Empoli] population \u2192 48004 (Wikipedia)
2026-05-09 12:27:24,063 - INFO - [City: Empoli] image \u2192 https://upload.wikimedia.org/wikipedia/commons/thumb/5/5d/Empoli_central_square.jpg/250px-Empoli_central_square.jpg (Wikipedia)
2026-05-09 12:27:24,092 - INFO - Updated city: Empoli
2026-05-09 12:27:24,825 - INFO - ====== WebDriver manager ======
2026-05-09 12:27:26,705 - INFO - Get LATEST chromedriver version for google-chrome
2026-05-09 12:27:26,790 - INFO - Get LATEST chromedriver version for google-chrome
2026-05-09 12:27:26,860 - INFO - Driver [C:\Users\marco\.wdm\drivers\chromedriver\win64\147.0.7727.117\chromedriver-win32/chromedriver.exe] found in cache
2026-05-09 12:27:39,079 - INFO - Accepted consent popup.
2026-05-09 12:27:52,942 - INFO - [Stadium: Carlo Castellani] capacity \u2192 19847 (Transfermarkt/Wikipedia)
2026-05-09 12:27:52,943 - INFO - [Stadium: Carlo Castellani] year \u2192 1965 (Transfermarkt/Wikipedia)
2026-05-09 12:27:52,943 - INFO - [Stadium: Carlo Castellani] latitude \u2192 43.72639 (Wikipedia)
2026-05-09 12:27:52,943 - INFO - [Stadium: Carlo Castellani] longitude \u2192 10.955 (Wikipedia)
2026-05-09 12:27:52,943 - INFO - [Stadium: Carlo Castellani] image \u2192 https://tmssl.akamaized.net//images/foto/stadionnormal/carlo-castellani-1761562604-181349.jpg?lm=1761562616 (Wikipedia)
2026-05-09 12:27:52,943 - INFO - [Stadium: Carlo Castellani] owner_raw \u2192 Municipality of Empoli (Wikipedia)
2026-05-09 12:27:52,944 - INFO - [Stadium: Carlo Castellani] ownership \u2192 PUBLIC (Wikipedia)
2026-05-09 12:27:52,972 - INFO - Updated stadium: Carlo Castellani
2026-05-09 12:27:58,194 - INFO - ====== WebDriver manager ======
2026-05-09 12:27:59,659 - INFO - Get LATEST chromedriver version for google-chrome
2026-05-09 12:27:59,735 - INFO - Get LATEST chromedriver version for google-chrome
2026-05-09 12:27:59,800 - INFO - Driver [C:\Users\marco\.wdm\drivers\chromedriver\win64\147.0.7727.117\chromedriver-win32/chromedriver.exe] found in cache
2026-05-09 12:28:12,510 - INFO - Accepted consent popup.
2026-05-09 12:28:28,005 - INFO - ====== WebDriver manager ======
2026-05-09 12:28:30,294 - INFO - Get LATEST chromedriver version for google-chrome
2026-05-09 12:28:30,370 - INFO - Get LATEST chromedriver version for google-chrome
2026-05-09 12:28:30,451 - INFO - Driver [C:\Users\marco\.wdm\drivers\chromedriver\win64\147.0.7727.117\chromedriver-win32/chromedriver.exe] found in cache
2026-05-09 12:28:42,827 - INFO - Accepted consent popup.
2026-05-09 12:28:47,461 - INFO - Average attendance extracted: 10782
2026-05-09 12:28:54,674 - INFO - [Team: FC Empoli] manager \u2192 Alessio Dionisi (Wikipedia)
2026-05-09 12:28:54,674 - INFO - [Team: FC Empoli] founded \u2192 1920-01-01 (Transfermarkt/Wikipedia)
2026-05-09 12:28:54,674 - INFO - [Team: FC Empoli] tier \u2192 2 (Transfermarkt/JSON)
2026-05-09 12:28:54,674 - INFO - Updated team: FC Empoli
2026-05-09 12:28:58,749 - INFO - Finished processing FC Empoli
2026-05-09 12:28:58,749 - INFO - -----------------------------------------
2026-05-09 12:28:58,749 - INFO - Processing team: Modena FC
2026-05-09 12:28:59,238 - INFO - [City population DEBUG] row header='Country' value='Italy'
2026-05-09 12:28:59,238 - INFO - [City population DEBUG] row header='Region' value='Emilia-Romagna'
2026-05-09 12:28:59,238 - INFO - [City population DEBUG] row header='Province' value='Modena (MO)'
2026-05-09 12:28:59,238 - INFO - [City population DEBUG] row header='Frazioni' value='Albareto, Baggiovara, Ca' Fusara, Cognento, Cittanova, Collegara, Ganaceto, Lesignana, Marzaglia, Navicello, Portile, San Damaso, San Donnino, Tre Olmi, Villanova'
2026-05-09 12:28:59,238 - INFO - [City population DEBUG] row header='• Mayor' value='Massimo Mezzetti ( Ind )'
2026-05-09 12:28:59,238 - INFO - [City population DEBUG] row header='• Total' value='183.19 km 2 (70.73 sq mi)'
2026-05-09 12:28:59,239 - INFO - [City population DEBUG] row header='Elevation' value='34 m (112 ft)'
2026-05-09 12:28:59,239 - INFO - [City population DEBUG] row header='• Total' value='184,739'
2026-05-09 12:28:59,239 - INFO - [City population] Candidate from row '• Total': 184739
2026-05-09 12:28:59,239 - INFO - [City population DEBUG] row header='• Density' value='1,008.5/km 2 (2,611.9/sq mi)'
2026-05-09 12:28:59,239 - INFO - [City population DEBUG] row header='Demonym' value='Modenese'
2026-05-09 12:28:59,239 - INFO - [City population DEBUG] row header='• Official Language' value='Italian'
2026-05-09 12:28:59,239 - INFO - [City population DEBUG] row header='• Regional Language' value='Emilian'
2026-05-09 12:28:59,239 - INFO - [City population DEBUG] row header='Time zone' value='UTC+1 ( CET )'
2026-05-09 12:28:59,239 - INFO - [City population DEBUG] row header='• Summer ( DST )' value='UTC+2 ( CEST )'
2026-05-09 12:28:59,240 - INFO - [City population DEBUG] row header='Postal code' value='41121-41126'
2026-05-09 12:28:59,240 - INFO - [City population DEBUG] row header='Dialing code' value='059'
2026-05-09 12:28:59,240 - INFO - [City population DEBUG] row header='ISTAT code' value='036023'
2026-05-09 12:28:59,240 - INFO - [City population DEBUG] row header='Patron saint' value='San Geminiano'
2026-05-09 12:28:59,240 - INFO - [City population DEBUG] row header='Saint day' value='31 January'
2026-05-09 12:28:59,240 - INFO - [City population DEBUG] row header='Website' value='Official website'
2026-05-09 12:28:59,240 - INFO - [City population] Found from municipality/comune candidate: 184739
2026-05-09 12:29:00,248 - INFO - [City: Modena] population \u2192 184739 (Wikipedia)
2026-05-09 12:29:00,248 - INFO - [City: Modena] image \u2192 https://upload.wikimedia.org/wikipedia/commons/thumb/8/8d/Modena_Motor_Valley_Fest.jpg/330px-Modena_Motor_Valley_Fest.jpg (Wikipedia)
2026-05-09 12:29:00,252 - INFO - Updated city: Modena
2026-05-09 12:29:00,986 - INFO - ====== WebDriver manager ======
2026-05-09 12:29:03,085 - INFO - Get LATEST chromedriver version for google-chrome
2026-05-09 12:29:03,155 - INFO - Get LATEST chromedriver version for google-chrome
2026-05-09 12:29:03,222 - INFO - Driver [C:\Users\marco\.wdm\drivers\chromedriver\win64\147.0.7727.117\chromedriver-win32/chromedriver.exe] found in cache
2026-05-09 12:29:15,422 - INFO - Accepted consent popup.
2026-05-09 12:29:23,496 - INFO - [Stadium: Alberto Braglia] capacity \u2192 21151 (Transfermarkt/Wikipedia)
2026-05-09 12:29:23,496 - INFO - [Stadium: Alberto Braglia] year \u2192 1937 (Transfermarkt/Wikipedia)
2026-05-09 12:29:23,497 - INFO - [Stadium: Alberto Braglia] latitude \u2192 44.65361 (Wikipedia)
2026-05-09 12:29:23,497 - INFO - [Stadium: Alberto Braglia] longitude \u2192 10.92333 (Wikipedia)
2026-05-09 12:29:23,497 - INFO - [Stadium: Alberto Braglia] image \u2192 https://upload.wikimedia.org/wikipedia/commons/thumb/0/0a/Panoramica_stadio_Braglia_Modena_2025.jpg/250px-Panoramica_stadio_Braglia_Modena_2025.jpg (Wikipedia)
2026-05-09 12:29:23,497 - INFO - [Stadium: Alberto Braglia] owner_raw \u2192 Municipality of Modena (Wikipedia)
2026-05-09 12:29:23,497 - INFO - [Stadium: Alberto Braglia] ownership \u2192 PUBLIC (Wikipedia)
2026-05-09 12:29:23,501 - INFO - Updated stadium: Alberto Braglia
2026-05-09 12:29:28,426 - INFO - ====== WebDriver manager ======
2026-05-09 12:29:29,837 - INFO - Get LATEST chromedriver version for google-chrome
2026-05-09 12:29:29,915 - INFO - Get LATEST chromedriver version for google-chrome
2026-05-09 12:29:29,978 - INFO - Driver [C:\Users\marco\.wdm\drivers\chromedriver\win64\147.0.7727.117\chromedriver-win32/chromedriver.exe] found in cache
2026-05-09 12:29:41,844 - INFO - Accepted consent popup.
2026-05-09 12:29:57,605 - INFO - ====== WebDriver manager ======
2026-05-09 12:29:59,172 - INFO - Get LATEST chromedriver version for google-chrome
2026-05-09 12:29:59,244 - INFO - Get LATEST chromedriver version for google-chrome
2026-05-09 12:29:59,314 - INFO - Driver [C:\Users\marco\.wdm\drivers\chromedriver\win64\147.0.7727.117\chromedriver-win32/chromedriver.exe] found in cache
2026-05-09 12:30:12,094 - INFO - Accepted consent popup.
2026-05-09 12:30:15,080 - INFO - Average attendance extracted: 9739
2026-05-09 12:30:22,021 - INFO - [Team: Modena FC] manager \u2192 Andrea Sottil (Wikipedia)
2026-05-09 12:30:22,021 - INFO - [Team: Modena FC] founded \u2192 1912-01-01 (Transfermarkt/Wikipedia)
2026-05-09 12:30:22,021 - INFO - [Team: Modena FC] tier \u2192 2 (Transfermarkt/JSON)
2026-05-09 12:30:22,022 - INFO - Updated team: Modena FC
2026-05-09 12:30:26,057 - INFO - Finished processing Modena FC
2026-05-09 12:30:26,057 - INFO - -----------------------------------------
2026-05-09 12:30:26,058 - INFO - Processing team: Cesena FC
2026-05-09 12:30:26,731 - INFO - [City population DEBUG] row header='Country' value='Italy'
2026-05-09 12:30:26,731 - INFO - [City population DEBUG] row header='Region' value='Emilia-Romagna'
2026-05-09 12:30:26,731 - INFO - [City population DEBUG] row header='Province' value='Forlì-Cesena (FC)'
2026-05-09 12:30:26,731 - INFO - [City population DEBUG] row header='Frazioni' value='see list'
2026-05-09 12:30:26,732 - INFO - [City population DEBUG] row header='• Mayor' value='Enzo Lattuca ( PD )'
2026-05-09 12:30:26,732 - INFO - [City population DEBUG] row header='• Total' value='249.47 km 2 (96.32 sq mi)'
2026-05-09 12:30:26,732 - INFO - [City population DEBUG] row header='Elevation' value='44 m (144 ft)'
2026-05-09 12:30:26,732 - INFO - [City population DEBUG] row header='• Total' value='97,137'
2026-05-09 12:30:26,732 - INFO - [City population] Candidate from row '• Total': 97137
2026-05-09 12:30:26,732 - INFO - [City population DEBUG] row header='• Density' value='389.37/km 2 (1,008.5/sq mi)'
2026-05-09 12:30:26,732 - INFO - [City population DEBUG] row header='Demonym' value='Cesenate'
2026-05-09 12:30:26,733 - INFO - [City population DEBUG] row header='Time zone' value='UTC+1 ( CET )'
2026-05-09 12:30:26,733 - INFO - [City population DEBUG] row header='• Summer ( DST )' value='UTC+2 ( CEST )'
2026-05-09 12:30:26,733 - INFO - [City population DEBUG] row header='Postal code' value='47521–47522, 47023 (old)'
2026-05-09 12:30:26,733 - INFO - [City population DEBUG] row header='Dialing code' value='0547'
2026-05-09 12:30:26,733 - INFO - [City population DEBUG] row header='Patron saint' value='St. John the Baptist'
2026-05-09 12:30:26,733 - INFO - [City population DEBUG] row header='Saint day' value='June 24'
2026-05-09 12:30:26,733 - INFO - [City population DEBUG] row header='Website' value='Official website'
2026-05-09 12:30:26,734 - INFO - [City population] Found from municipality/comune candidate: 97137
2026-05-09 12:30:27,243 - INFO - [City: Cesena] population \u2192 97137 (Wikipedia)
2026-05-09 12:30:27,244 - INFO - [City: Cesena] image \u2192 https://upload.wikimedia.org/wikipedia/commons/thumb/8/8b/Panorama_di_Cesena_e_le_sue_colline.jpg/250px-Panorama_di_Cesena_e_le_sue_colline.jpg (Wikipedia)
2026-05-09 12:30:27,246 - INFO - Updated city: Cesena
2026-05-09 12:30:28,150 - INFO - ====== WebDriver manager ======
2026-05-09 12:30:29,341 - INFO - Get LATEST chromedriver version for google-chrome
2026-05-09 12:30:29,407 - INFO - Get LATEST chromedriver version for google-chrome
2026-05-09 12:30:29,472 - INFO - Driver [C:\Users\marco\.wdm\drivers\chromedriver\win64\147.0.7727.117\chromedriver-win32/chromedriver.exe] found in cache
2026-05-09 12:30:40,158 - INFO - Accepted consent popup.
2026-05-09 12:30:49,470 - INFO - [Stadium: Orogel Stadium - Dino Manuzzi] capacity \u2192 23860 (Transfermarkt/Wikipedia)
2026-05-09 12:30:49,471 - INFO - [Stadium: Orogel Stadium - Dino Manuzzi] year \u2192 1957 (Transfermarkt/Wikipedia)
2026-05-09 12:30:49,471 - INFO - [Stadium: Orogel Stadium - Dino Manuzzi] latitude \u2192 44.14056 (Wikipedia)
2026-05-09 12:30:49,471 - INFO - [Stadium: Orogel Stadium - Dino Manuzzi] longitude \u2192 12.26194 (Wikipedia)
2026-05-09 12:30:49,471 - INFO - [Stadium: Orogel Stadium - Dino Manuzzi] image \u2192 https://upload.wikimedia.org/wikipedia/commons/thumb/b/b7/Orogel_Stadium.jpg/250px-Orogel_Stadium.jpg (Wikipedia)
2026-05-09 12:30:49,471 - INFO - [Stadium: Orogel Stadium - Dino Manuzzi] owner_raw \u2192 Municipality of Cesena (Wikipedia)
2026-05-09 12:30:49,471 - INFO - [Stadium: Orogel Stadium - Dino Manuzzi] ownership \u2192 PUBLIC (Wikipedia)
2026-05-09 12:30:49,475 - INFO - Updated stadium: Orogel Stadium - Dino Manuzzi
2026-05-09 12:30:54,051 - INFO - ====== WebDriver manager ======
2026-05-09 12:30:55,250 - INFO - Get LATEST chromedriver version for google-chrome
2026-05-09 12:30:55,321 - INFO - Get LATEST chromedriver version for google-chrome
2026-05-09 12:30:55,395 - INFO - Driver [C:\Users\marco\.wdm\drivers\chromedriver\win64\147.0.7727.117\chromedriver-win32/chromedriver.exe] found in cache
2026-05-09 12:31:06,712 - INFO - Accepted consent popup.
2026-05-09 12:31:21,877 - INFO - ====== WebDriver manager ======
2026-05-09 12:31:23,092 - INFO - Get LATEST chromedriver version for google-chrome
2026-05-09 12:31:23,181 - INFO - Get LATEST chromedriver version for google-chrome
2026-05-09 12:31:23,247 - INFO - Driver [C:\Users\marco\.wdm\drivers\chromedriver\win64\147.0.7727.117\chromedriver-win32/chromedriver.exe] found in cache
2026-05-09 12:31:35,933 - INFO - Accepted consent popup.
2026-05-09 12:31:38,942 - INFO - Average attendance extracted: 11758
2026-05-09 12:31:46,098 - INFO - [Team: Cesena FC] manager \u2192 Ashley Cole (Wikipedia)
2026-05-09 12:31:46,098 - INFO - [Team: Cesena FC] founded \u2192 2018-01-01 (Transfermarkt/Wikipedia)
2026-05-09 12:31:46,098 - INFO - [Team: Cesena FC] tier \u2192 2 (Transfermarkt/JSON)
2026-05-09 12:31:46,098 - INFO - Updated team: Cesena FC
2026-05-09 12:31:50,145 - INFO - Finished processing Cesena FC
2026-05-09 12:31:50,145 - INFO - -----------------------------------------
2026-05-09 12:31:50,145 - INFO - Processing team: Mantova 1911
2026-05-09 12:31:50,561 - INFO - [City population DEBUG] row header='Country' value='Italy'
2026-05-09 12:31:50,562 - INFO - [City population DEBUG] row header='Region' value='Lombardy'
2026-05-09 12:31:50,562 - INFO - [City population DEBUG] row header='Province' value='Mantua (MN)'
2026-05-09 12:31:50,562 - INFO - [City population DEBUG] row header='Frazioni' value='Castelletto Borgo, Cittadella, Formigosa, Frassino, Gambarara, Lunetta, Virgiliana'
2026-05-09 12:31:50,562 - INFO - [City population DEBUG] row header='• Mayor' value='Mattia Palazzi ( PD )'
2026-05-09 12:31:50,562 - INFO - [City population DEBUG] row header='• Total' value='63.97 km 2 (24.70 sq mi)'
2026-05-09 12:31:50,563 - INFO - [City population DEBUG] row header='Elevation' value='19 m (62 ft)'
2026-05-09 12:31:50,563 - INFO - [City population DEBUG] row header='• Total' value='48,353'
2026-05-09 12:31:50,563 - INFO - [City population] Candidate from row '• Total': 48353
2026-05-09 12:31:50,563 - INFO - [City population DEBUG] row header='• Density' value='755.9/km 2 (1,958/sq mi)'
2026-05-09 12:31:50,563 - INFO - [City population DEBUG] row header='Demonyms' value='Mantovano (plural: mantovani) Virgiliano (plural: virgiliani)'
2026-05-09 12:31:50,563 - INFO - [City population DEBUG] row header='Time zone' value='UTC+1 ( CET )'
2026-05-09 12:31:50,563 - INFO - [City population DEBUG] row header='• Summer ( DST )' value='UTC+2 ( CEST )'
2026-05-09 12:31:50,564 - INFO - [City population DEBUG] row header='Postal code' value='46100'
2026-05-09 12:31:50,564 - INFO - [City population DEBUG] row header='Dialing code' value='0376'
2026-05-09 12:31:50,564 - INFO - [City population DEBUG] row header='Patron saint' value='Saint Anselm'
2026-05-09 12:31:50,564 - INFO - [City population DEBUG] row header='Saint day' value='18 March'
2026-05-09 12:31:50,564 - INFO - [City population DEBUG] row header='Website' value='www .comune .mantova .it'
2026-05-09 12:31:50,565 - INFO - [City population] Found from municipality/comune candidate: 48353
2026-05-09 12:31:51,345 - INFO - [City: Mantua] population \u2192 48353 (Wikipedia)
2026-05-09 12:31:51,345 - INFO - [City: Mantua] image \u2192 https://upload.wikimedia.org/wikipedia/commons/thumb/c/c8/Dsc_1150_Mantua.jpg/250px-Dsc_1150_Mantua.jpg (Wikipedia)
2026-05-09 12:31:51,347 - INFO - Updated city: Mantua
2026-05-09 12:31:51,787 - INFO - ====== WebDriver manager ======
2026-05-09 12:31:53,866 - INFO - Get LATEST chromedriver version for google-chrome
2026-05-09 12:31:53,953 - INFO - Get LATEST chromedriver version for google-chrome
2026-05-09 12:31:54,028 - INFO - Driver [C:\Users\marco\.wdm\drivers\chromedriver\win64\147.0.7727.117\chromedriver-win32/chromedriver.exe] found in cache
2026-05-09 12:32:03,995 - INFO - Accepted consent popup.
2026-05-09 12:32:08,373 - INFO - Year not found on Transfermarkt for stadium Danilo Martelli
2026-05-09 12:32:11,575 - INFO - [Stadium: Danilo Martelli] capacity \u2192 11219 (Transfermarkt/Wikipedia)
2026-05-09 12:32:11,575 - INFO - [Stadium: Danilo Martelli] year \u2192 1949 (Transfermarkt/Wikipedia)
2026-05-09 12:32:11,575 - INFO - [Stadium: Danilo Martelli] latitude \u2192 45.14611 (Wikipedia)
2026-05-09 12:32:11,575 - INFO - [Stadium: Danilo Martelli] longitude \u2192 10.79417 (Wikipedia)
2026-05-09 12:32:11,576 - INFO - [Stadium: Danilo Martelli] image \u2192 https://tmssl.akamaized.net//images/foto/stadionnormal/stadio-danilo-martelli-mantova-1731398577-153940.jpg?lm=1731398601 (Wikipedia)
2026-05-09 12:32:11,576 - INFO - [Stadium: Danilo Martelli] owner_raw \u2192 Municipality of Mantua (Wikipedia)
2026-05-09 12:32:11,576 - INFO - [Stadium: Danilo Martelli] ownership \u2192 PUBLIC (Wikipedia)
2026-05-09 12:32:11,585 - INFO - Updated stadium: Danilo Martelli
2026-05-09 12:32:16,441 - INFO - ====== WebDriver manager ======
2026-05-09 12:32:17,682 - INFO - Get LATEST chromedriver version for google-chrome
2026-05-09 12:32:17,754 - INFO - Get LATEST chromedriver version for google-chrome
2026-05-09 12:32:17,825 - INFO - Driver [C:\Users\marco\.wdm\drivers\chromedriver\win64\147.0.7727.117\chromedriver-win32/chromedriver.exe] found in cache
2026-05-09 12:32:33,976 - INFO - Accepted consent popup.
2026-05-09 12:32:49,751 - INFO - ====== WebDriver manager ======
2026-05-09 12:32:51,392 - INFO - Get LATEST chromedriver version for google-chrome
2026-05-09 12:32:51,472 - INFO - Get LATEST chromedriver version for google-chrome
2026-05-09 12:32:51,541 - INFO - Driver [C:\Users\marco\.wdm\drivers\chromedriver\win64\147.0.7727.117\chromedriver-win32/chromedriver.exe] found in cache
2026-05-09 12:33:04,116 - INFO - Accepted consent popup.
2026-05-09 12:33:06,272 - INFO - Average attendance extracted: 8729
2026-05-09 12:33:14,563 - INFO - [Team: Mantova 1911] manager \u2192 Francesco Modesto (Wikipedia)
2026-05-09 12:33:14,564 - INFO - [Team: Mantova 1911] founded \u2192 1911-01-01 (Transfermarkt/Wikipedia)
2026-05-09 12:33:14,564 - INFO - [Team: Mantova 1911] tier \u2192 2 (Transfermarkt/JSON)
2026-05-09 12:33:14,564 - INFO - Updated team: Mantova 1911
2026-05-09 12:33:18,617 - INFO - Finished processing Mantova 1911
2026-05-09 12:33:18,617 - INFO - -----------------------------------------
2026-05-09 12:33:18,617 - INFO - Processing team: Carrarese Calcio
2026-05-09 12:33:18,915 - INFO - [City population DEBUG] row header='Country' value='Italy'
2026-05-09 12:33:18,915 - INFO - [City population DEBUG] row header='Region' value='Tuscany'
2026-05-09 12:33:18,915 - INFO - [City population DEBUG] row header='Province' value='Massa and Carrara (MS)'
2026-05-09 12:33:18,916 - INFO - [City population DEBUG] row header='Frazioni' value='Avenza, Bedizzano, Bergiola, Bonascola, Castelpoggio , Codena, Colonnata , Fontia, Fossola, Gragnana, Marina di Carrara , Miseglia , Nazzano, Noceto, Sorgnano, Torano'
2026-05-09 12:33:18,916 - INFO - [City population DEBUG] row header='• Mayor' value='Serena Arrighi ( Centre-left )'
2026-05-09 12:33:18,916 - INFO - [City population DEBUG] row header='• Total' value='71 km 2 (27 sq mi)'
2026-05-09 12:33:18,916 - INFO - [City population DEBUG] row header='Elevation' value='100 m (330 ft)'
2026-05-09 12:33:18,917 - INFO - [City population DEBUG] row header='• Total' value='62,923'
2026-05-09 12:33:18,917 - INFO - [City population] Candidate from row '• Total': 62923
2026-05-09 12:33:18,917 - INFO - [City population DEBUG] row header='• Density' value='890/km 2 (2,300/sq mi)'
2026-05-09 12:33:18,917 - INFO - [City population DEBUG] row header='Demonym(s)' value='Carraresi, Carrarini'
2026-05-09 12:33:18,917 - INFO - [City population DEBUG] row header='Time zone' value='UTC+1 ( CET )'
2026-05-09 12:33:18,917 - INFO - [City population DEBUG] row header='• Summer ( DST )' value='UTC+2 ( CEST )'
2026-05-09 12:33:18,917 - INFO - [City population DEBUG] row header='Postal code' value='54033'
2026-05-09 12:33:18,917 - INFO - [City population DEBUG] row header='Dialing code' value='0585'
2026-05-09 12:33:18,917 - INFO - [City population DEBUG] row header='Patron saint' value='San Ceccardo'
2026-05-09 12:33:18,918 - INFO - [City population DEBUG] row header='Saint day' value='16 June'
2026-05-09 12:33:18,918 - INFO - [City population] Found from municipality/comune candidate: 62923
2026-05-09 12:33:19,383 - INFO - [City: Carrara] population \u2192 62923 (Wikipedia)
2026-05-09 12:33:19,383 - INFO - [City: Carrara] image \u2192 https://upload.wikimedia.org/wikipedia/commons/thumb/b/b6/Carrara%2C_veduta_verso_il_centro_storico%2C_avenza_e_il_mare_da_via_salita_sponda_04.jpg/250px-Carrara%2C_veduta_verso_il_centro_storico%2C_avenza_e_il_mare_da_via_salita_sponda_04.jpg (Wikipedia)
2026-05-09 12:33:19,385 - INFO - Updated city: Carrara
2026-05-09 12:33:22,235 - INFO - ====== WebDriver manager ======
2026-05-09 12:33:23,431 - INFO - Get LATEST chromedriver version for google-chrome
2026-05-09 12:33:23,514 - INFO - Get LATEST chromedriver version for google-chrome
2026-05-09 12:33:23,584 - INFO - Driver [C:\Users\marco\.wdm\drivers\chromedriver\win64\147.0.7727.117\chromedriver-win32/chromedriver.exe] found in cache
2026-05-09 12:33:34,770 - INFO - Accepted consent popup.
2026-05-09 12:33:42,496 - INFO - [Stadium: Comunale dei Marmi] capacity \u2192 5587 (Transfermarkt/Wikipedia)
2026-05-09 12:33:42,496 - INFO - [Stadium: Comunale dei Marmi] year \u2192 1955 (Transfermarkt/Wikipedia)
2026-05-09 12:33:42,496 - INFO - [Stadium: Comunale dei Marmi] latitude \u2192 41.93429 (Wikipedia)
2026-05-09 12:33:42,497 - INFO - [Stadium: Comunale dei Marmi] longitude \u2192 12.45738 (Wikipedia)
2026-05-09 12:33:42,497 - INFO - [Stadium: Comunale dei Marmi] image \u2192 https://upload.wikimedia.org/wikipedia/commons/thumb/c/c3/Stadio_dei_Marmi_%28cropped%29.jpg/330px-Stadio_dei_Marmi_%28cropped%29.jpg (Wikipedia)
2026-05-09 12:33:42,497 - WARNING - [Stadium: Comunale dei Marmi] owner_raw \u2192 NOT FOUND
2026-05-09 12:33:42,497 - INFO - [Stadium: Comunale dei Marmi] ownership \u2192 UNKNOWN (Wikipedia)
2026-05-09 12:33:42,506 - INFO - Updated stadium: Comunale dei Marmi
2026-05-09 12:33:47,518 - INFO - ====== WebDriver manager ======
2026-05-09 12:33:48,949 - INFO - Get LATEST chromedriver version for google-chrome
2026-05-09 12:33:49,018 - INFO - Get LATEST chromedriver version for google-chrome
2026-05-09 12:33:49,081 - INFO - Driver [C:\Users\marco\.wdm\drivers\chromedriver\win64\147.0.7727.117\chromedriver-win32/chromedriver.exe] found in cache
2026-05-09 12:34:01,305 - INFO - Accepted consent popup.
2026-05-09 12:34:16,592 - INFO - ====== WebDriver manager ======
2026-05-09 12:34:17,950 - INFO - Get LATEST chromedriver version for google-chrome
2026-05-09 12:34:18,021 - INFO - Get LATEST chromedriver version for google-chrome
2026-05-09 12:34:18,095 - INFO - Driver [C:\Users\marco\.wdm\drivers\chromedriver\win64\147.0.7727.117\chromedriver-win32/chromedriver.exe] found in cache
2026-05-09 12:34:37,239 - INFO - Accepted consent popup.
2026-05-09 12:34:39,350 - INFO - Average attendance extracted: 3566
2026-05-09 12:34:46,978 - INFO - [Team: Carrarese Calcio] manager \u2192 Nicola Antonio Calabro (Wikipedia)
2026-05-09 12:34:46,979 - INFO - [Team: Carrarese Calcio] founded \u2192 1908-01-01 (Transfermarkt/Wikipedia)
2026-05-09 12:34:46,979 - INFO - [Team: Carrarese Calcio] tier \u2192 2 (Transfermarkt/JSON)
2026-05-09 12:34:46,979 - INFO - Updated team: Carrarese Calcio
2026-05-09 12:34:51,052 - INFO - Finished processing Carrarese Calcio
2026-05-09 12:34:51,052 - INFO - -----------------------------------------
2026-05-09 12:34:51,052 - INFO - Processing team: SS Juve Stabia
2026-05-09 12:34:51,318 - INFO - [City population DEBUG] row header='Country' value='Italy'
2026-05-09 12:34:51,318 - INFO - [City population DEBUG] row header='Region' value='Campania'
2026-05-09 12:34:51,318 - INFO - [City population DEBUG] row header='Metropolitan city' value='Naples (NA)'
2026-05-09 12:34:51,319 - INFO - [City population DEBUG] row header='Frazioni' value='Fratte, Madonna della Libera, Pioppaino, Ponte Persica, Pozzano, Privati, Quisisana, Scanzano, Varano'
2026-05-09 12:34:51,319 - INFO - [City population DEBUG] row header='• Mayor' value='Luigi Vicinanza [ 1 ]'
2026-05-09 12:34:51,319 - INFO - [City population DEBUG] row header='• Total' value='17.71 km 2 (6.84 sq mi)'
2026-05-09 12:34:51,319 - INFO - [City population DEBUG] row header='Elevation' value='6 m (20 ft)'
2026-05-09 12:34:51,319 - INFO - [City population DEBUG] row header='• Total' value='62,157'
2026-05-09 12:34:51,320 - INFO - [City population] Candidate from row '• Total': 62157
2026-05-09 12:34:51,320 - INFO - [City population DEBUG] row header='• Density' value='3,510/km 2 (9,090/sq mi)'
2026-05-09 12:34:51,320 - INFO - [City population DEBUG] row header='Demonym' value='Stabiesi'
2026-05-09 12:34:51,320 - INFO - [City population DEBUG] row header='Time zone' value='UTC+1 ( CET )'
2026-05-09 12:34:51,320 - INFO - [City population DEBUG] row header='• Summer ( DST )' value='UTC+2 ( CEST )'
2026-05-09 12:34:51,321 - INFO - [City population DEBUG] row header='Postal code' value='80053'
2026-05-09 12:34:51,321 - INFO - [City population DEBUG] row header='Dialing code' value='081'
2026-05-09 12:34:51,321 - INFO - [City population DEBUG] row header='Patron saint' value='Saint Catellus'
2026-05-09 12:34:51,321 - INFO - [City population DEBUG] row header='Saint day' value='19 January'
2026-05-09 12:34:51,321 - INFO - [City population DEBUG] row header='Website' value='Official website'
2026-05-09 12:34:51,321 - INFO - [City population] Found from municipality/comune candidate: 62157
2026-05-09 12:34:51,884 - INFO - [City: Castellammare di Stabia] population \u2192 62157 (Wikipedia)
2026-05-09 12:34:51,884 - INFO - [City: Castellammare di Stabia] image \u2192 https://upload.wikimedia.org/wikipedia/commons/thumb/1/19/Castellammare_di_Stabia_3.JPG/250px-Castellammare_di_Stabia_3.JPG (Wikipedia)
2026-05-09 12:34:51,887 - INFO - Updated city: Castellammare di Stabia
2026-05-09 12:34:52,485 - ERROR - Error loading Wikipedia page https://en.wikipedia.org/wiki/Stadio_Romeo_Menti_(Castellammare_di_Stabia)i: 404 Client Error: Not Found for url: https://en.wikipedia.org/wiki/Stadio_Romeo_Menti_(Castellammare_di_Stabia)i
2026-05-09 12:34:53,439 - INFO - ====== WebDriver manager ======
2026-05-09 12:34:55,464 - INFO - Get LATEST chromedriver version for google-chrome
2026-05-09 12:34:55,530 - INFO - Get LATEST chromedriver version for google-chrome
2026-05-09 12:34:55,600 - INFO - Driver [C:\Users\marco\.wdm\drivers\chromedriver\win64\147.0.7727.117\chromedriver-win32/chromedriver.exe] found in cache
2026-05-09 12:35:07,725 - INFO - Accepted consent popup.
2026-05-09 12:35:15,518 - INFO - [Stadium: Romeo Menti] capacity \u2192 7114 (Transfermarkt/Wikipedia)
2026-05-09 12:35:15,519 - INFO - [Stadium: Romeo Menti] year \u2192 1984 (Transfermarkt/Wikipedia)
2026-05-09 12:35:15,519 - WARNING - [Stadium: Romeo Menti] latitude \u2192 NOT FOUND
2026-05-09 12:35:15,519 - WARNING - [Stadium: Romeo Menti] longitude \u2192 NOT FOUND
2026-05-09 12:35:15,519 - WARNING - [Stadium: Romeo Menti] image \u2192 NOT FOUND
2026-05-09 12:35:15,519 - WARNING - [Stadium: Romeo Menti] owner_raw \u2192 NOT FOUND
2026-05-09 12:35:15,519 - WARNING - [Stadium: Romeo Menti] ownership \u2192 NOT FOUND
2026-05-09 12:35:15,539 - INFO - Created stadium: Romeo Menti
2026-05-09 12:35:20,550 - INFO - ====== WebDriver manager ======
2026-05-09 12:35:22,074 - INFO - Get LATEST chromedriver version for google-chrome
2026-05-09 12:35:22,153 - INFO - Get LATEST chromedriver version for google-chrome
2026-05-09 12:35:22,224 - INFO - Driver [C:\Users\marco\.wdm\drivers\chromedriver\win64\147.0.7727.117\chromedriver-win32/chromedriver.exe] found in cache
2026-05-09 12:35:33,489 - INFO - Accepted consent popup.
2026-05-09 12:35:49,044 - INFO - ====== WebDriver manager ======
2026-05-09 12:35:50,432 - INFO - Get LATEST chromedriver version for google-chrome
2026-05-09 12:35:50,498 - INFO - Get LATEST chromedriver version for google-chrome
2026-05-09 12:35:50,564 - INFO - Driver [C:\Users\marco\.wdm\drivers\chromedriver\win64\147.0.7727.117\chromedriver-win32/chromedriver.exe] found in cache
2026-05-09 12:36:03,295 - INFO - Accepted consent popup.
2026-05-09 12:36:06,157 - INFO - Average attendance extracted: 4559
2026-05-09 12:36:12,830 - INFO - [Team: SS Juve Stabia] manager \u2192 Ignazio Abate (Wikipedia)
2026-05-09 12:36:12,831 - INFO - [Team: SS Juve Stabia] founded \u2192 1907-01-01 (Transfermarkt/Wikipedia)
2026-05-09 12:36:12,831 - INFO - [Team: SS Juve Stabia] tier \u2192 2 (Transfermarkt/JSON)
2026-05-09 12:36:12,831 - INFO - Updated team: SS Juve Stabia
2026-05-09 12:36:16,876 - INFO - Finished processing SS Juve Stabia
2026-05-09 12:36:16,876 - INFO - -----------------------------------------
2026-05-09 12:36:16,876 - INFO - Processing team: US Avellino 1912
2026-05-09 12:36:17,256 - INFO - [City population DEBUG] row header='Country' value='Italy'
2026-05-09 12:36:17,256 - INFO - [City population DEBUG] row header='Region' value='Campania'
2026-05-09 12:36:17,256 - INFO - [City population DEBUG] row header='Province' value='Avellino (AV)'
2026-05-09 12:36:17,256 - INFO - [City population DEBUG] row header='Frazioni' value='Bellizzi Irpino , Pianodardine, Picarelli, Valle-Ponticelli'
2026-05-09 12:36:17,256 - INFO - [City population DEBUG] row header='• Mayor' value='Laura Nargi'
2026-05-09 12:36:17,257 - INFO - [City population DEBUG] row header='• Total' value='30.55 km 2 (11.80 sq mi)'
2026-05-09 12:36:17,257 - INFO - [City population DEBUG] row header='Elevation' value='348 m (1,142 ft)'
2026-05-09 12:36:17,257 - INFO - [City population DEBUG] row header='• Total' value='54,515'
2026-05-09 12:36:17,257 - INFO - [City population] Candidate from row '• Total': 54515
2026-05-09 12:36:17,257 - INFO - [City population DEBUG] row header='• Density' value='1,784/km 2 (4,622/sq mi)'
2026-05-09 12:36:17,257 - INFO - [City population DEBUG] row header='Demonym' value='Avellinese'
2026-05-09 12:36:17,257 - INFO - [City population DEBUG] row header='Time zone' value='UTC+1 ( CET )'
2026-05-09 12:36:17,257 - INFO - [City population DEBUG] row header='• Summer ( DST )' value='UTC+2 ( CEST )'
2026-05-09 12:36:17,258 - INFO - [City population DEBUG] row header='ISTAT code' value='064008'
2026-05-09 12:36:17,258 - INFO - [City population DEBUG] row header='Patron saint' value='St. Modestinus'
2026-05-09 12:36:17,258 - INFO - [City population DEBUG] row header='Saint day' value='14 February'
2026-05-09 12:36:17,258 - INFO - [City population DEBUG] row header='Website' value='Official website'
2026-05-09 12:36:17,258 - INFO - [City population] Found from municipality/comune candidate: 54515
2026-05-09 12:36:17,769 - INFO - [City: Avellino] population \u2192 54515 (Wikipedia)
2026-05-09 12:36:17,769 - INFO - [City: Avellino] image \u2192 https://upload.wikimedia.org/wikipedia/commons/thumb/4/47/Avellino1.JPG/250px-Avellino1.JPG (Wikipedia)
2026-05-09 12:36:17,770 - INFO - Updated city: Avellino
2026-05-09 12:36:18,416 - INFO - ====== WebDriver manager ======
2026-05-09 12:36:19,658 - INFO - Get LATEST chromedriver version for google-chrome
2026-05-09 12:36:19,728 - INFO - Get LATEST chromedriver version for google-chrome
2026-05-09 12:36:19,797 - INFO - Driver [C:\Users\marco\.wdm\drivers\chromedriver\win64\147.0.7727.117\chromedriver-win32/chromedriver.exe] found in cache
2026-05-09 12:36:30,477 - INFO - Accepted consent popup.
2026-05-09 12:36:35,128 - INFO - [Stadium: Partenio-Adriano Lombardi] capacity \u2192 11688 (Transfermarkt/Wikipedia)
2026-05-09 12:36:35,128 - INFO - [Stadium: Partenio-Adriano Lombardi] year \u2192 1970 (Transfermarkt/Wikipedia)
2026-05-09 12:36:35,128 - INFO - [Stadium: Partenio-Adriano Lombardi] latitude \u2192 40.92694 (Wikipedia)
2026-05-09 12:36:35,128 - INFO - [Stadium: Partenio-Adriano Lombardi] longitude \u2192 14.7925 (Wikipedia)
2026-05-09 12:36:35,128 - INFO - [Stadium: Partenio-Adriano Lombardi] image \u2192 https://upload.wikimedia.org/wikipedia/commons/thumb/1/11/Avellino_Reggiana_Coppa_Italia_2008-2009.jpg/250px-Avellino_Reggiana_Coppa_Italia_2008-2009.jpg (Wikipedia)
2026-05-09 12:36:35,128 - INFO - [Stadium: Partenio-Adriano Lombardi] owner_raw \u2192 Municipality of Avellino (Wikipedia)
2026-05-09 12:36:35,129 - INFO - [Stadium: Partenio-Adriano Lombardi] ownership \u2192 PUBLIC (Wikipedia)
2026-05-09 12:36:35,132 - INFO - Updated stadium: Partenio-Adriano Lombardi
2026-05-09 12:36:40,154 - INFO - ====== WebDriver manager ======
2026-05-09 12:36:41,383 - INFO - Get LATEST chromedriver version for google-chrome
2026-05-09 12:36:41,486 - INFO - Get LATEST chromedriver version for google-chrome
2026-05-09 12:36:41,550 - INFO - Driver [C:\Users\marco\.wdm\drivers\chromedriver\win64\147.0.7727.117\chromedriver-win32/chromedriver.exe] found in cache
2026-05-09 12:36:54,072 - INFO - Accepted consent popup.
2026-05-09 12:37:08,970 - INFO - ====== WebDriver manager ======
2026-05-09 12:37:10,292 - INFO - Get LATEST chromedriver version for google-chrome
2026-05-09 12:37:10,356 - INFO - Get LATEST chromedriver version for google-chrome
2026-05-09 12:37:10,420 - INFO - Driver [C:\Users\marco\.wdm\drivers\chromedriver\win64\147.0.7727.117\chromedriver-win32/chromedriver.exe] found in cache
2026-05-09 12:37:22,641 - INFO - Accepted consent popup.
2026-05-09 12:37:24,704 - INFO - Average attendance extracted: 7556
2026-05-09 12:37:31,327 - INFO - [Team: US Avellino 1912] manager \u2192 Davide Ballardini (Wikipedia)
2026-05-09 12:37:31,327 - INFO - [Team: US Avellino 1912] founded \u2192 1912-01-01 (Transfermarkt/Wikipedia)
2026-05-09 12:37:31,327 - INFO - [Team: US Avellino 1912] tier \u2192 2 (Transfermarkt/JSON)
2026-05-09 12:37:31,327 - INFO - Updated team: US Avellino 1912
2026-05-09 12:37:35,379 - INFO - Finished processing US Avellino 1912
2026-05-09 12:37:35,379 - INFO - -----------------------------------------
2026-05-09 12:37:35,379 - INFO - Processing team: Delfino Pescara 1936
2026-05-09 12:37:35,713 - INFO - [City population DEBUG] row header='Country' value='Italy'
2026-05-09 12:37:35,713 - INFO - [City population DEBUG] row header='Region' value='Abruzzo'
2026-05-09 12:37:35,713 - INFO - [City population DEBUG] row header='Province' value='Pescara (PE)'
2026-05-09 12:37:35,713 - INFO - [City population DEBUG] row header='Founded' value='1811'
2026-05-09 12:37:35,714 - INFO - [City population DEBUG] row header='Frazioni' value='San Silvestro'
2026-05-09 12:37:35,714 - INFO - [City population DEBUG] row header='• Mayor' value='Carlo Masci ( FI )'
2026-05-09 12:37:35,714 - INFO - [City population DEBUG] row header='• Total' value='34.36 km 2 (13.27 sq mi)'
2026-05-09 12:37:35,714 - INFO - [City population DEBUG] row header='Highest elevation' value='180 m (590 ft)'
2026-05-09 12:37:35,714 - INFO - [City population DEBUG] row header='Lowest elevation' value='0 m (0 ft)'
2026-05-09 12:37:35,714 - INFO - [City population DEBUG] row header='• Total' value='119,554'
2026-05-09 12:37:35,714 - INFO - [City population] Candidate from row '• Total': 119554
2026-05-09 12:37:35,714 - INFO - [City population DEBUG] row header='• Density' value='3,479/km 2 (9,012/sq mi)'
2026-05-09 12:37:35,714 - INFO - [City population DEBUG] row header='Demonym' value='Pescaresi'
2026-05-09 12:37:35,715 - INFO - [City population DEBUG] row header='Time zone' value='UTC+1 ( CET )'
2026-05-09 12:37:35,715 - INFO - [City population DEBUG] row header='• Summer ( DST )' value='UTC+2 ( CEST )'
2026-05-09 12:37:35,715 - INFO - [City population DEBUG] row header='Postal code' value='65100'
2026-05-09 12:37:35,715 - INFO - [City population DEBUG] row header='Dialing code' value='085'
2026-05-09 12:37:35,715 - INFO - [City population DEBUG] row header='ISTAT code' value='068028'
2026-05-09 12:37:35,716 - INFO - [City population DEBUG] row header='Patron saint' value='Saint Cetteus'
2026-05-09 12:37:35,716 - INFO - [City population DEBUG] row header='Saint day' value='10 October'
2026-05-09 12:37:35,716 - INFO - [City population DEBUG] row header='Website' value='Official website'
2026-05-09 12:37:35,716 - INFO - [City population] Found from municipality/comune candidate: 119554
2026-05-09 12:37:36,554 - INFO - [City: Pescara] population \u2192 119554 (Wikipedia)
2026-05-09 12:37:36,554 - INFO - [City: Pescara] image \u2192 https://upload.wikimedia.org/wikipedia/commons/thumb/d/d0/Pescara_Montage_2018.png/250px-Pescara_Montage_2018.png (Wikipedia)
2026-05-09 12:37:36,555 - INFO - Updated city: Pescara
2026-05-09 12:37:37,428 - INFO - ====== WebDriver manager ======
2026-05-09 12:37:38,841 - INFO - Get LATEST chromedriver version for google-chrome
2026-05-09 12:37:38,905 - INFO - Get LATEST chromedriver version for google-chrome
2026-05-09 12:37:38,966 - INFO - Driver [C:\Users\marco\.wdm\drivers\chromedriver\win64\147.0.7727.117\chromedriver-win32/chromedriver.exe] found in cache
2026-05-09 12:37:49,905 - INFO - Accepted consent popup.
2026-05-09 12:37:59,831 - INFO - [Stadium: Adriatico] capacity \u2192 20476 (Transfermarkt/Wikipedia)
2026-05-09 12:37:59,831 - INFO - [Stadium: Adriatico] year \u2192 1955 (Transfermarkt/Wikipedia)
2026-05-09 12:37:59,831 - INFO - [Stadium: Adriatico] latitude \u2192 42.455 (Wikipedia)
2026-05-09 12:37:59,831 - INFO - [Stadium: Adriatico] longitude \u2192 14.23 (Wikipedia)
2026-05-09 12:37:59,831 - INFO - [Stadium: Adriatico] image \u2192 https://upload.wikimedia.org/wikipedia/commons/thumb/2/24/Pescara_-_Stadio_Adriatico_01.JPG/250px-Pescara_-_Stadio_Adriatico_01.JPG (Wikipedia)
2026-05-09 12:37:59,831 - INFO - [Stadium: Adriatico] owner_raw \u2192 Comune of Pescara (Wikipedia)
2026-05-09 12:37:59,831 - INFO - [Stadium: Adriatico] ownership \u2192 PUBLIC (Wikipedia)
2026-05-09 12:37:59,852 - INFO - Updated stadium: Adriatico
2026-05-09 12:38:04,801 - INFO - ====== WebDriver manager ======
2026-05-09 12:38:06,186 - INFO - Get LATEST chromedriver version for google-chrome
2026-05-09 12:38:06,256 - INFO - Get LATEST chromedriver version for google-chrome
2026-05-09 12:38:06,326 - INFO - Driver [C:\Users\marco\.wdm\drivers\chromedriver\win64\147.0.7727.117\chromedriver-win32/chromedriver.exe] found in cache
2026-05-09 12:38:17,968 - INFO - Accepted consent popup.
2026-05-09 12:38:33,125 - INFO - ====== WebDriver manager ======
2026-05-09 12:38:34,538 - INFO - Get LATEST chromedriver version for google-chrome
2026-05-09 12:38:34,616 - INFO - Get LATEST chromedriver version for google-chrome
2026-05-09 12:38:34,686 - INFO - Driver [C:\Users\marco\.wdm\drivers\chromedriver\win64\147.0.7727.117\chromedriver-win32/chromedriver.exe] found in cache
2026-05-09 12:38:47,683 - INFO - Accepted consent popup.
2026-05-09 12:38:54,160 - INFO - Average attendance extracted: 4642
2026-05-09 12:39:01,236 - INFO - [Team: Delfino Pescara 1936] manager \u2192 Giorgio Gorgone (Wikipedia)
2026-05-09 12:39:01,236 - INFO - [Team: Delfino Pescara 1936] founded \u2192 1936-01-01 (Transfermarkt/Wikipedia)
2026-05-09 12:39:01,236 - INFO - [Team: Delfino Pescara 1936] tier \u2192 2 (Transfermarkt/JSON)
2026-05-09 12:39:01,236 - INFO - Updated team: Delfino Pescara 1936
2026-05-09 12:39:05,288 - INFO - Finished processing Delfino Pescara 1936
2026-05-09 12:39:05,288 - INFO - -----------------------------------------
2026-05-09 12:39:05,288 - INFO - Processing team: FC Sudtrol
2026-05-09 12:39:05,782 - INFO - [City population DEBUG] row header='Country' value='Italy'
2026-05-09 12:39:05,783 - INFO - [City population DEBUG] row header='Region' value='Trentino-Alto Adige/Südtirol'
2026-05-09 12:39:05,783 - INFO - [City population DEBUG] row header='Province' value='Bolzano (BZ)'
2026-05-09 12:39:05,783 - INFO - [City population DEBUG] row header='• Mayor' value='Claudio Corrarati ( Independent ; Centre-right coalition )'
2026-05-09 12:39:05,783 - INFO - [City population DEBUG] row header='• Total' value='52.3 km 2 (20.2 sq mi)'
2026-05-09 12:39:05,784 - INFO - [City population DEBUG] row header='Elevation' value='262 m (860 ft)'
2026-05-09 12:39:05,784 - INFO - [City population DEBUG] row header='• Total' value='106,177'
2026-05-09 12:39:05,784 - INFO - [City population] Candidate from row '• Total': 106177
2026-05-09 12:39:05,784 - INFO - [City population DEBUG] row header='• Density' value='2,030/km 2 (5,260/sq mi)'
2026-05-09 12:39:05,784 - INFO - [City population DEBUG] row header='Demonym(s)' value='Italian: bolzanini German: Bozner/Boznerin or Bozener/Bozenerin Ladin: bulsanins'
2026-05-09 12:39:05,785 - INFO - [City population DEBUG] row header='Time zone' value='UTC+1 ( CET )'
2026-05-09 12:39:05,785 - INFO - [City population DEBUG] row header='• Summer ( DST )' value='UTC+2 ( CEST )'
2026-05-09 12:39:05,785 - INFO - [City population DEBUG] row header='Postal code' value='39100'
2026-05-09 12:39:05,785 - INFO - [City population DEBUG] row header='Dialing code' value='0471'
2026-05-09 12:39:05,785 - INFO - [City population DEBUG] row header='ISTAT code' value='021008'
2026-05-09 12:39:05,785 - INFO - [City population DEBUG] row header='Website' value='Official website'
2026-05-09 12:39:05,785 - INFO - [City population] Found from municipality/comune candidate: 106177
2026-05-09 12:39:06,951 - INFO - [City: Bolzano] population \u2192 106177 (Wikipedia)
2026-05-09 12:39:06,951 - INFO - [City: Bolzano] image \u2192 https://upload.wikimedia.org/wikipedia/commons/thumb/1/14/Bozen-Bolzano_from_the_Oswaldpromenade.jpg/330px-Bozen-Bolzano_from_the_Oswaldpromenade.jpg (Wikipedia)
2026-05-09 12:39:06,954 - INFO - Updated city: Bolzano
2026-05-09 12:39:07,620 - INFO - ====== WebDriver manager ======
2026-05-09 12:39:08,834 - INFO - Get LATEST chromedriver version for google-chrome
2026-05-09 12:39:08,906 - INFO - Get LATEST chromedriver version for google-chrome
2026-05-09 12:39:08,989 - INFO - Driver [C:\Users\marco\.wdm\drivers\chromedriver\win64\147.0.7727.117\chromedriver-win32/chromedriver.exe] found in cache
2026-05-09 12:39:19,606 - INFO - Accepted consent popup.
2026-05-09 12:39:28,685 - INFO - [Stadium: Druso] capacity \u2192 5500 (Transfermarkt/Wikipedia)
2026-05-09 12:39:28,685 - INFO - [Stadium: Druso] year \u2192 1936 (Transfermarkt/Wikipedia)
2026-05-09 12:39:28,685 - INFO - [Stadium: Druso] latitude \u2192 46.492 (Wikipedia)
2026-05-09 12:39:28,686 - INFO - [Stadium: Druso] longitude \u2192 11.346 (Wikipedia)
2026-05-09 12:39:28,686 - INFO - [Stadium: Druso] image \u2192 https://tmssl.akamaized.net//images/foto/stadionnormal/stadio-druso-fc-sudtirol-1682756059-106289.jpg?lm=1682756066 (Wikipedia)
2026-05-09 12:39:28,686 - WARNING - [Stadium: Druso] owner_raw \u2192 NOT FOUND
2026-05-09 12:39:28,686 - INFO - [Stadium: Druso] ownership \u2192 UNKNOWN (Wikipedia)
2026-05-09 12:39:28,698 - INFO - Updated stadium: Druso
2026-05-09 12:39:33,728 - INFO - ====== WebDriver manager ======
2026-05-09 12:39:35,091 - INFO - Get LATEST chromedriver version for google-chrome
2026-05-09 12:39:35,160 - INFO - Get LATEST chromedriver version for google-chrome
2026-05-09 12:39:35,225 - INFO - Driver [C:\Users\marco\.wdm\drivers\chromedriver\win64\147.0.7727.117\chromedriver-win32/chromedriver.exe] found in cache
2026-05-09 12:39:46,263 - INFO - Accepted consent popup.
2026-05-09 12:40:01,315 - INFO - ====== WebDriver manager ======
2026-05-09 12:40:02,598 - INFO - Get LATEST chromedriver version for google-chrome
2026-05-09 12:40:02,681 - INFO - Get LATEST chromedriver version for google-chrome
2026-05-09 12:40:02,753 - INFO - Driver [C:\Users\marco\.wdm\drivers\chromedriver\win64\147.0.7727.117\chromedriver-win32/chromedriver.exe] found in cache
2026-05-09 12:40:14,985 - INFO - Accepted consent popup.
2026-05-09 12:40:19,676 - INFO - Average attendance extracted: 3877
2026-05-09 12:40:26,436 - INFO - [Team: FC Sudtrol] manager \u2192 Fabrizio Castori (Wikipedia)
2026-05-09 12:40:26,437 - INFO - [Team: FC Sudtrol] founded \u2192 1974-01-01 (Transfermarkt/Wikipedia)
2026-05-09 12:40:26,437 - INFO - [Team: FC Sudtrol] tier \u2192 2 (Transfermarkt/JSON)
2026-05-09 12:40:26,437 - INFO - Updated team: FC Sudtrol
2026-05-09 12:40:30,510 - INFO - Finished processing FC Sudtrol
2026-05-09 12:40:30,510 - INFO - -----------------------------------------
2026-05-09 12:40:30,510 - INFO - Processing team: AC Reggiana 1919
2026-05-09 12:40:30,883 - INFO - [City population DEBUG] row header='Country' value='Italy'
2026-05-09 12:40:30,883 - INFO - [City population DEBUG] row header='Region' value='Emilia-Romagna'
2026-05-09 12:40:30,883 - INFO - [City population DEBUG] row header='Province' value='Reggio Emilia (RE)'
2026-05-09 12:40:30,884 - INFO - [City population DEBUG] row header='Frazioni' value='see list'
2026-05-09 12:40:30,884 - INFO - [City population DEBUG] row header='• Mayor' value='Marco Massari ( PD )'
2026-05-09 12:40:30,884 - INFO - [City population DEBUG] row header='• Total' value='230.66 km 2 (89.06 sq mi)'
2026-05-09 12:40:30,884 - INFO - [City population DEBUG] row header='Elevation' value='58 m (190 ft)'
2026-05-09 12:40:30,884 - INFO - [City population DEBUG] row header='• Total' value='172,518'
2026-05-09 12:40:30,885 - INFO - [City population] Candidate from row '• Total': 172518
2026-05-09 12:40:30,885 - INFO - [City population DEBUG] row header='• Density' value='747.93/km 2 (1,937.1/sq mi)'
2026-05-09 12:40:30,885 - INFO - [City population DEBUG] row header='Demonym' value='Reggiano'
2026-05-09 12:40:30,885 - INFO - [City population DEBUG] row header='Time zone' value='UTC+1 ( CET )'
2026-05-09 12:40:30,885 - INFO - [City population DEBUG] row header='• Summer ( DST )' value='UTC+2 ( CEST )'
2026-05-09 12:40:30,886 - INFO - [City population DEBUG] row header='Postal code' value='42121-42122-42123-42124'
2026-05-09 12:40:30,886 - INFO - [City population DEBUG] row header='Dialing code' value='0522'
2026-05-09 12:40:30,886 - INFO - [City population DEBUG] row header='Patron saint' value='San Prospero'
2026-05-09 12:40:30,886 - INFO - [City population DEBUG] row header='Saint day' value='November 24'
2026-05-09 12:40:30,886 - INFO - [City population DEBUG] row header='Website' value='Official website'
2026-05-09 12:40:30,886 - INFO - [City population] Found from municipality/comune candidate: 172518
2026-05-09 12:40:31,644 - INFO - [City: Reggio Emilia] population \u2192 172518 (Wikipedia)
2026-05-09 12:40:31,644 - INFO - [City: Reggio Emilia] image \u2192 https://upload.wikimedia.org/wikipedia/commons/thumb/0/04/Reggio_emilia_panorama_e_Ghiara.jpg/250px-Reggio_emilia_panorama_e_Ghiara.jpg (Wikipedia)
2026-05-09 12:40:31,647 - INFO - Updated city: Reggio Emilia
2026-05-09 12:40:32,187 - INFO - ====== WebDriver manager ======
2026-05-09 12:40:34,919 - INFO - Get LATEST chromedriver version for google-chrome
2026-05-09 12:40:34,989 - INFO - Get LATEST chromedriver version for google-chrome
2026-05-09 12:40:35,054 - INFO - Driver [C:\Users\marco\.wdm\drivers\chromedriver\win64\147.0.7727.117\chromedriver-win32/chromedriver.exe] found in cache
2026-05-09 12:40:47,607 - INFO - Accepted consent popup.
2026-05-09 12:41:00,440 - INFO - [Stadium: Mapei Stadium - Città del Tricolore] capacity \u2192 21584 (Transfermarkt/Wikipedia)
2026-05-09 12:41:00,440 - INFO - [Stadium: Mapei Stadium - Città del Tricolore] year \u2192 1995 (Transfermarkt/Wikipedia)
2026-05-09 12:41:00,440 - INFO - [Stadium: Mapei Stadium - Città del Tricolore] latitude \u2192 44.71472 (Wikipedia)
2026-05-09 12:41:00,441 - INFO - [Stadium: Mapei Stadium - Città del Tricolore] longitude \u2192 10.64972 (Wikipedia)
2026-05-09 12:41:00,441 - INFO - [Stadium: Mapei Stadium - Città del Tricolore] image \u2192 https://tmssl.akamaized.net//images/foto/stadionnormal/default.jpg?lm=1520607007 (Wikipedia)
2026-05-09 12:41:00,441 - INFO - [Stadium: Mapei Stadium - Città del Tricolore] owner_raw \u2192 Mapei S.p.A. (Wikipedia)
2026-05-09 12:41:00,441 - INFO - [Stadium: Mapei Stadium - Città del Tricolore] ownership \u2192 PRIVATE (Wikipedia)
2026-05-09 12:41:00,453 - INFO - Updated stadium: Mapei Stadium - Città del Tricolore
2026-05-09 12:41:13,054 - INFO - ====== WebDriver manager ======
2026-05-09 12:41:14,791 - INFO - Get LATEST chromedriver version for google-chrome
2026-05-09 12:41:14,876 - INFO - Get LATEST chromedriver version for google-chrome
2026-05-09 12:41:14,944 - INFO - Driver [C:\Users\marco\.wdm\drivers\chromedriver\win64\147.0.7727.117\chromedriver-win32/chromedriver.exe] found in cache
2026-05-09 12:41:28,601 - INFO - Accepted consent popup.
2026-05-09 12:41:49,005 - INFO - ====== WebDriver manager ======
2026-05-09 12:41:51,023 - INFO - Get LATEST chromedriver version for google-chrome
2026-05-09 12:41:51,106 - INFO - Get LATEST chromedriver version for google-chrome
2026-05-09 12:41:51,185 - INFO - Driver [C:\Users\marco\.wdm\drivers\chromedriver\win64\147.0.7727.117\chromedriver-win32/chromedriver.exe] found in cache
2026-05-09 12:42:04,938 - INFO - Accepted consent popup.
2026-05-09 12:42:14,471 - INFO - Average attendance extracted: 9788
2026-05-09 12:42:22,034 - INFO - [Team: AC Reggiana 1919] manager \u2192 Pierpaolo Bisoli (Wikipedia)
2026-05-09 12:42:22,037 - INFO - [Team: AC Reggiana 1919] founded \u2192 1919-01-01 (Transfermarkt/Wikipedia)
2026-05-09 12:42:22,037 - INFO - [Team: AC Reggiana 1919] tier \u2192 2 (Transfermarkt/JSON)
2026-05-09 12:42:22,038 - INFO - Updated team: AC Reggiana 1919
2026-05-09 12:42:26,124 - INFO - Finished processing AC Reggiana 1919
2026-05-09 12:42:26,124 - INFO - -----------------------------------------
2026-05-09 12:42:26,124 - INFO - Processing team: Calcio Padova
2026-05-09 12:42:27,179 - INFO - [City population DEBUG] row header='Country' value='Italy'
2026-05-09 12:42:27,182 - INFO - [City population DEBUG] row header='Region' value='Veneto'
2026-05-09 12:42:27,182 - INFO - [City population DEBUG] row header='Province' value='Padua (PD)'
2026-05-09 12:42:27,184 - INFO - [City population DEBUG] row header='Frazioni' value='Altichiero, Arcella , Bassanello, Brusegana, Camin, Chiesanuova, Forcellini, Guizza, Mandria, Montà, Mortise, Paltana, Ponte di Brenta, Ponterotto, Pontevigodarzere, Sacra Famiglia, Salboro, Stanga, Terranegra, Volta Brusegana'
2026-05-09 12:42:27,184 - INFO - [City population DEBUG] row header='• Mayor' value='Sergio Giordani ( PD )'
2026-05-09 12:42:27,185 - INFO - [City population DEBUG] row header='• Total' value='93.03 km 2 (35.92 sq mi)'
2026-05-09 12:42:27,185 - INFO - [City population DEBUG] row header='Elevation' value='12 m (39 ft)'
2026-05-09 12:42:27,185 - INFO - [City population DEBUG] row header='• Total' value='207,694'
2026-05-09 12:42:27,185 - INFO - [City population] Candidate from row '• Total': 207694
2026-05-09 12:42:27,186 - INFO - [City population DEBUG] row header='• Density' value='2,233/km 2 (5,782/sq mi)'
2026-05-09 12:42:27,186 - INFO - [City population DEBUG] row header='Demonym(s)' value='Padovano Patavino'
2026-05-09 12:42:27,186 - INFO - [City population DEBUG] row header='Time zone' value='UTC+1 ( CET )'
2026-05-09 12:42:27,186 - INFO - [City population DEBUG] row header='• Summer ( DST )' value='UTC+2 ( CEST )'
2026-05-09 12:42:27,187 - INFO - [City population DEBUG] row header='Postal code' value='35100'
2026-05-09 12:42:27,188 - INFO - [City population DEBUG] row header='Dialing code' value='049'
2026-05-09 12:42:27,188 - INFO - [City population DEBUG] row header='Patron saint' value='Saint Anthony of Padua'
2026-05-09 12:42:27,188 - INFO - [City population DEBUG] row header='Saint day' value='13 June'
2026-05-09 12:42:27,189 - INFO - [City population DEBUG] row header='Website' value='www .comune .padova .it'
2026-05-09 12:42:27,189 - INFO - [City population] Found from municipality/comune candidate: 207694
2026-05-09 12:42:28,465 - INFO - [City: Padua] population \u2192 207694 (Wikipedia)
2026-05-09 12:42:28,465 - INFO - [City: Padua] image \u2192 https://upload.wikimedia.org/wikipedia/commons/thumb/e/ee/View_of_Padua_from_La_Specola.jpg/330px-View_of_Padua_from_La_Specola.jpg (Wikipedia)
2026-05-09 12:42:28,504 - INFO - Updated city: Padua
2026-05-09 12:42:32,033 - INFO - ====== WebDriver manager ======
2026-05-09 12:42:34,315 - INFO - Get LATEST chromedriver version for google-chrome
2026-05-09 12:42:34,387 - INFO - Get LATEST chromedriver version for google-chrome
2026-05-09 12:42:34,460 - INFO - Driver [C:\Users\marco\.wdm\drivers\chromedriver\win64\147.0.7727.117\chromedriver-win32/chromedriver.exe] found in cache
2026-05-09 12:42:46,703 - INFO - Accepted consent popup.
2026-05-09 12:42:55,721 - INFO - [Stadium: Euganeo] capacity \u2192 11671 (Transfermarkt/Wikipedia)
2026-05-09 12:42:55,721 - INFO - [Stadium: Euganeo] year \u2192 1994 (Transfermarkt/Wikipedia)
2026-05-09 12:42:55,721 - INFO - [Stadium: Euganeo] latitude \u2192 45.43222 (Wikipedia)
2026-05-09 12:42:55,721 - INFO - [Stadium: Euganeo] longitude \u2192 11.85833 (Wikipedia)
2026-05-09 12:42:55,721 - INFO - [Stadium: Euganeo] image \u2192 https://tmssl.akamaized.net//images/foto/stadionnormal/stadio-euganeo-1710888425-132140.jpg?lm=1710888449 (Wikipedia)
2026-05-09 12:42:55,721 - INFO - [Stadium: Euganeo] owner_raw \u2192 Municipality of Padua (Wikipedia)
2026-05-09 12:42:55,721 - INFO - [Stadium: Euganeo] ownership \u2192 PUBLIC (Wikipedia)
2026-05-09 12:42:55,734 - INFO - Updated stadium: Euganeo
2026-05-09 12:43:00,547 - INFO - ====== WebDriver manager ======
2026-05-09 12:43:01,936 - INFO - Get LATEST chromedriver version for google-chrome
2026-05-09 12:43:02,004 - INFO - Get LATEST chromedriver version for google-chrome
2026-05-09 12:43:02,077 - INFO - Driver [C:\Users\marco\.wdm\drivers\chromedriver\win64\147.0.7727.117\chromedriver-win32/chromedriver.exe] found in cache
2026-05-09 12:43:13,724 - INFO - Accepted consent popup.
2026-05-09 12:43:30,688 - INFO - ====== WebDriver manager ======
2026-05-09 12:43:32,733 - INFO - Get LATEST chromedriver version for google-chrome
2026-05-09 12:43:32,826 - INFO - Get LATEST chromedriver version for google-chrome
2026-05-09 12:43:32,901 - INFO - Driver [C:\Users\marco\.wdm\drivers\chromedriver\win64\147.0.7727.117\chromedriver-win32/chromedriver.exe] found in cache
2026-05-09 12:43:47,320 - INFO - Accepted consent popup.
2026-05-09 12:43:50,825 - INFO - Average attendance extracted: 3303
2026-05-09 12:43:57,712 - INFO - [Team: Calcio Padova] manager \u2192 Roberto Breda (Wikipedia)
2026-05-09 12:43:57,713 - INFO - [Team: Calcio Padova] founded \u2192 1910-01-01 (Transfermarkt/Wikipedia)
2026-05-09 12:43:57,713 - INFO - [Team: Calcio Padova] tier \u2192 2 (Transfermarkt/JSON)
2026-05-09 12:43:57,713 - INFO - Updated team: Calcio Padova
2026-05-09 12:44:01,767 - INFO - Finished processing Calcio Padova
2026-05-09 12:44:01,768 - INFO - -----------------------------------------
2026-05-09 12:44:01,768 - INFO - Processing team: Virtus Entella
2026-05-09 12:44:01,999 - INFO - [City population DEBUG] row header='Country' value='Italy'
2026-05-09 12:44:01,999 - INFO - [City population DEBUG] row header='Region' value='Liguria'
2026-05-09 12:44:01,999 - INFO - [City population DEBUG] row header='Metropolitan city' value='Genoa (GE)'
2026-05-09 12:44:01,999 - INFO - [City population DEBUG] row header='Frazioni' value='Campodonico, Sanguineto, Sant'Andrea di Rovereto, Caperana, Maxena, Ri, San Pier di Canne'
2026-05-09 12:44:01,999 - INFO - [City population DEBUG] row header='• Mayor' value='Federico Messuti'
2026-05-09 12:44:02,000 - INFO - [City population DEBUG] row header='• Total' value='12.23 km 2 (4.72 sq mi)'
2026-05-09 12:44:02,000 - INFO - [City population DEBUG] row header='Elevation' value='5 m (16 ft)'
2026-05-09 12:44:02,000 - INFO - [City population DEBUG] row header='• Total' value='27,442'
2026-05-09 12:44:02,000 - INFO - [City population] Candidate from row '• Total': 27442
2026-05-09 12:44:02,000 - INFO - [City population DEBUG] row header='• Density' value='2,244/km 2 (5,811/sq mi)'
2026-05-09 12:44:02,000 - INFO - [City population DEBUG] row header='Demonym' value='Chiavaresi'
2026-05-09 12:44:02,000 - INFO - [City population DEBUG] row header='Time zone' value='UTC+1 ( CET )'
2026-05-09 12:44:02,000 - INFO - [City population DEBUG] row header='• Summer ( DST )' value='UTC+2 ( CEST )'
2026-05-09 12:44:02,001 - INFO - [City population DEBUG] row header='Postal code' value='16043'
2026-05-09 12:44:02,001 - INFO - [City population DEBUG] row header='Dialing code' value='0185'
2026-05-09 12:44:02,001 - INFO - [City population DEBUG] row header='Website' value='Official website'
2026-05-09 12:44:02,001 - INFO - [City population] Found from municipality/comune candidate: 27442
2026-05-09 12:44:02,461 - INFO - [City: Chiavari] population \u2192 27442 (Wikipedia)
2026-05-09 12:44:02,461 - INFO - [City: Chiavari] image \u2192 https://upload.wikimedia.org/wikipedia/commons/thumb/9/90/Chiavari-panorama_dalla_ss1_%282020%29.jpg/250px-Chiavari-panorama_dalla_ss1_%282020%29.jpg (Wikipedia)
2026-05-09 12:44:02,463 - INFO - Updated city: Chiavari
2026-05-09 12:44:03,065 - INFO - ====== WebDriver manager ======
2026-05-09 12:44:04,769 - INFO - Get LATEST chromedriver version for google-chrome
2026-05-09 12:44:04,852 - INFO - Get LATEST chromedriver version for google-chrome
2026-05-09 12:44:04,923 - INFO - Driver [C:\Users\marco\.wdm\drivers\chromedriver\win64\147.0.7727.117\chromedriver-win32/chromedriver.exe] found in cache
2026-05-09 12:44:14,782 - INFO - Accepted consent popup.
2026-05-09 12:44:22,147 - INFO - [Stadium: Enrico Sannazzari] capacity \u2192 5535 (Transfermarkt/Wikipedia)
2026-05-09 12:44:22,147 - INFO - [Stadium: Enrico Sannazzari] year \u2192 1933 (Transfermarkt/Wikipedia)
2026-05-09 12:44:22,147 - INFO - [Stadium: Enrico Sannazzari] latitude \u2192 44.31556 (Wikipedia)
2026-05-09 12:44:22,148 - INFO - [Stadium: Enrico Sannazzari] longitude \u2192 9.33722 (Wikipedia)
2026-05-09 12:44:22,148 - INFO - [Stadium: Enrico Sannazzari] image \u2192 https://upload.wikimedia.org/wikipedia/commons/thumb/6/6d/Stadio_Chiavari_2025_01.jpg/250px-Stadio_Chiavari_2025_01.jpg (Wikipedia)
2026-05-09 12:44:22,148 - INFO - [Stadium: Enrico Sannazzari] owner_raw \u2192 City of Chiavari (Wikipedia)
2026-05-09 12:44:22,148 - INFO - [Stadium: Enrico Sannazzari] ownership \u2192 PUBLIC (Wikipedia)
2026-05-09 12:44:22,163 - INFO - Updated stadium: Enrico Sannazzari
2026-05-09 12:44:27,126 - INFO - ====== WebDriver manager ======
2026-05-09 12:44:28,403 - INFO - Get LATEST chromedriver version for google-chrome
2026-05-09 12:44:28,472 - INFO - Get LATEST chromedriver version for google-chrome
2026-05-09 12:44:28,538 - INFO - Driver [C:\Users\marco\.wdm\drivers\chromedriver\win64\147.0.7727.117\chromedriver-win32/chromedriver.exe] found in cache
2026-05-09 12:44:40,338 - INFO - Accepted consent popup.
2026-05-09 12:44:55,658 - INFO - ====== WebDriver manager ======
2026-05-09 12:44:57,025 - INFO - Get LATEST chromedriver version for google-chrome
2026-05-09 12:44:57,102 - INFO - Get LATEST chromedriver version for google-chrome
2026-05-09 12:44:57,173 - INFO - Driver [C:\Users\marco\.wdm\drivers\chromedriver\win64\147.0.7727.117\chromedriver-win32/chromedriver.exe] found in cache
2026-05-09 12:45:11,976 - INFO - Accepted consent popup.
2026-05-09 12:45:15,479 - INFO - Average attendance extracted: 1727
2026-05-09 12:45:22,306 - INFO - [Team: Virtus Entella] manager \u2192 Andrea Chiappella (Wikipedia)
2026-05-09 12:45:22,307 - INFO - [Team: Virtus Entella] founded \u2192 1914-01-01 (Transfermarkt/Wikipedia)
2026-05-09 12:45:22,307 - INFO - [Team: Virtus Entella] tier \u2192 2 (Transfermarkt/JSON)
2026-05-09 12:45:22,307 - INFO - Updated team: Virtus Entella
2026-05-09 12:45:26,368 - INFO - Finished processing Virtus Entella
2026-05-09 12:45:26,369 - INFO - -----------------------------------------
2026-05-09 12:45:26,369 - INFO - Processing team: Inter U23
2026-05-09 12:45:27,405 - INFO - [City population DEBUG] row header='Country' value='Italy'
2026-05-09 12:45:27,406 - INFO - [City population DEBUG] row header='Region' value='Lombardy'
2026-05-09 12:45:27,406 - INFO - [City population DEBUG] row header='Metropolitan city' value='Milan'
2026-05-09 12:45:27,406 - INFO - [City population DEBUG] row header='• Type' value='Strong Mayor–Council'
2026-05-09 12:45:27,406 - INFO - [City population DEBUG] row header='• Mayor' value='Giuseppe Sala'
2026-05-09 12:45:27,406 - INFO - [City population DEBUG] row header='• Legislature' value='Milan City Council'
2026-05-09 12:45:27,407 - INFO - [City population DEBUG] row header='• Comune' value='181.67 km 2 (70.14 sq mi)'
2026-05-09 12:45:27,407 - INFO - [City population DEBUG] row header='• Metro' value='3,632 km 2 (1,402 sq mi)'
2026-05-09 12:45:27,407 - INFO - [City population DEBUG] row header='Elevation' value='120 m (390 ft)'
2026-05-09 12:45:27,408 - INFO - [City population DEBUG] row header='• Comune' value='1,362,863'
2026-05-09 12:45:27,408 - INFO - [City population] Candidate from row '• Comune': 1362863
2026-05-09 12:45:27,408 - INFO - [City population DEBUG] row header='• Rank' value='2nd in Italy'
2026-05-09 12:45:27,408 - INFO - [City population DEBUG] row header='• Density' value='7,501.9/km 2 (19,430/sq mi)'
2026-05-09 12:45:27,409 - INFO - [City population DEBUG] row header='• Metro [ 4 ]' value='6,550,000'
2026-05-09 12:45:27,409 - INFO - [City population DEBUG] row header='Demonym(s)' value='Milanese Meneghino [ 5 ]'
2026-05-09 12:45:27,409 - INFO - [City population DEBUG] row header='• Metro' value='€328 billion (2024)'
2026-05-09 12:45:27,410 - INFO - [City population DEBUG] row header='Time zone' value='UTC+1 ( CET )'
2026-05-09 12:45:27,410 - INFO - [City population DEBUG] row header='• Summer ( DST )' value='UTC+2 ( CEST )'
2026-05-09 12:45:27,410 - INFO - [City population DEBUG] row header='Postal code' value='20121–20162'
2026-05-09 12:45:27,410 - INFO - [City population DEBUG] row header='Area code' value='0039 02'
2026-05-09 12:45:27,411 - INFO - [City population DEBUG] row header='Climate' value='Humid subtropical climate (Cfa)'
2026-05-09 12:45:27,411 - INFO - [City population DEBUG] row header='Website' value='www.comune.milano.it'
2026-05-09 12:45:27,411 - INFO - [City population] Found from municipality/comune candidate: 1362863
2026-05-09 12:45:29,662 - INFO - [City: Milan] population \u2192 1362863 (Wikipedia)
2026-05-09 12:45:29,663 - INFO - [City: Milan] image \u2192 https://upload.wikimedia.org/wikipedia/commons/thumb/c/c3/Milan_skyline_skyscrapers_of_Porta_Nuova_business_district_%28cropped%29.jpg/330px-Milan_skyline_skyscrapers_of_Porta_Nuova_business_district_%28cropped%29.jpg (Wikipedia)
2026-05-09 12:45:29,664 - INFO - Updated city: Milan
2026-05-09 12:45:30,314 - INFO - ====== WebDriver manager ======
2026-05-09 12:45:31,532 - INFO - Get LATEST chromedriver version for google-chrome
2026-05-09 12:45:31,605 - INFO - Get LATEST chromedriver version for google-chrome
2026-05-09 12:45:31,678 - INFO - Driver [C:\Users\marco\.wdm\drivers\chromedriver\win64\147.0.7727.117\chromedriver-win32/chromedriver.exe] found in cache
2026-05-09 12:45:42,327 - INFO - Accepted consent popup.
2026-05-09 12:45:50,485 - INFO - [Stadium: U-Power Stadium] capacity \u2192 18568 (Transfermarkt/Wikipedia)
2026-05-09 12:45:50,485 - INFO - [Stadium: U-Power Stadium] year \u2192 1988 (Transfermarkt/Wikipedia)
2026-05-09 12:45:50,485 - INFO - [Stadium: U-Power Stadium] latitude \u2192 45.58277777777778 (Wikipedia)
2026-05-09 12:45:50,485 - INFO - [Stadium: U-Power Stadium] longitude \u2192 9.308055555555557 (Wikipedia)
2026-05-09 12:45:50,485 - INFO - [Stadium: U-Power Stadium] image \u2192 https://tmssl.akamaized.net//images/foto/stadionnormal/stadio-brianteo-monza-1680608236-104875.jpg?lm=1680608253 (Wikipedia)
2026-05-09 12:45:50,485 - WARNING - [Stadium: U-Power Stadium] owner_raw \u2192 NOT FOUND
2026-05-09 12:45:50,485 - INFO - [Stadium: U-Power Stadium] ownership \u2192 UNKNOWN (Wikipedia)
2026-05-09 12:45:50,501 - INFO - Updated stadium: U-Power Stadium
2026-05-09 12:45:55,686 - INFO - ====== WebDriver manager ======
2026-05-09 12:45:56,971 - INFO - Get LATEST chromedriver version for google-chrome
2026-05-09 12:45:57,054 - INFO - Get LATEST chromedriver version for google-chrome
2026-05-09 12:45:57,124 - INFO - Driver [C:\Users\marco\.wdm\drivers\chromedriver\win64\147.0.7727.117\chromedriver-win32/chromedriver.exe] found in cache
2026-05-09 12:46:11,058 - INFO - Accepted consent popup.
2026-05-09 12:46:23,472 - INFO - Founded date not found on Transfermarkt for Inter U23; using Wikipedia/JSON fallback
2026-05-09 12:46:26,131 - INFO - ====== WebDriver manager ======
2026-05-09 12:46:28,936 - INFO - Get LATEST chromedriver version for google-chrome
2026-05-09 12:46:29,019 - INFO - Get LATEST chromedriver version for google-chrome
2026-05-09 12:46:29,087 - INFO - Driver [C:\Users\marco\.wdm\drivers\chromedriver\win64\147.0.7727.117\chromedriver-win32/chromedriver.exe] found in cache
2026-05-09 12:46:40,542 - INFO - Accepted consent popup.
2026-05-09 12:46:57,686 - ERROR - Error scraping attendance from https://www.transfermarkt.com/inter-mailand-weitere/besucherzahlenentwicklung/verein/41119: Message: 
Stacktrace:
	chromedriver!GetHandleVerifier [0x12bb373+10553]
	chromedriver!GetHandleVerifier [0x12bb4a4+10684]
	chromedriver!(No symbol) [0x10c1e10]
	chromedriver!(No symbol) [0x110a9da]
	chromedriver!(No symbol) [0x110ac7b]
	chromedriver!(No symbol) [0x114d162]
	chromedriver!(No symbol) [0x112d8b4]
	chromedriver!(No symbol) [0x114aa36]
	chromedriver!(No symbol) [0x112d606]
	chromedriver!(No symbol) [0x1100039]
	chromedriver!(No symbol) [0x1100df4]
	chromedriver!GetHandleVerifier [0x153ddb4+292f94]
	chromedriver!GetHandleVerifier [0x153937d+28e55d]
	chromedriver!GetHandleVerifier [0x1558215+2ad3f5]
	chromedriver!GetHandleVerifier [0x12d4c18+29df8]
	chromedriver!GetHandleVerifier [0x12dc6fd+318dd]
	chromedriver!GetHandleVerifier [0x12c3c78+18e58]
	chromedriver!GetHandleVerifier [0x12c3e42+19022]
	chromedriver!GetHandleVerifier [0x12ad45f+263f]
	KERNEL32!BaseThreadInitThunk [0x75f75d49+19]
	ntdll!RtlInitializeExceptionChain [0x7790d83b+6b]
	ntdll!RtlGetAppContainerNamedObjectPath [0x7790d7c1+231]

2026-05-09 12:47:04,889 - WARNING - [Team: Inter U23] manager \u2192 NOT FOUND
2026-05-09 12:47:04,889 - WARNING - [Team: Inter U23] founded \u2192 NOT FOUND
2026-05-09 12:47:04,889 - INFO - [Team: Inter U23] tier \u2192 3 (Transfermarkt/JSON)
2026-05-09 12:47:04,890 - INFO - Updated team: Inter U23
2026-05-09 12:47:08,959 - INFO - Finished processing Inter U23
2026-05-09 12:47:08,959 - INFO - -----------------------------------------
2026-05-09 12:47:08,959 - INFO - Processing team: LR Vicenza
2026-05-09 12:47:09,352 - INFO - [City population DEBUG] row header='Country' value='Italy'
2026-05-09 12:47:09,353 - INFO - [City population DEBUG] row header='Region' value='Veneto'
2026-05-09 12:47:09,353 - INFO - [City population DEBUG] row header='Province' value='Province of Vicenza (VI)'
2026-05-09 12:47:09,353 - INFO - [City population DEBUG] row header='• Mayor' value='Giacomo Possamai ( Centre-left )'
2026-05-09 12:47:09,353 - INFO - [City population DEBUG] row header='• Total' value='80 km 2 (31 sq mi)'
2026-05-09 12:47:09,353 - INFO - [City population DEBUG] row header='Elevation' value='39 m (128 ft)'
2026-05-09 12:47:09,354 - INFO - [City population DEBUG] row header='• Total' value='111,980'
2026-05-09 12:47:09,354 - INFO - [City population] Candidate from row '• Total': 111980
2026-05-09 12:47:09,354 - INFO - [City population DEBUG] row header='• Density' value='1,400/km 2 (3,600/sq mi)'
2026-05-09 12:47:09,354 - INFO - [City population DEBUG] row header='Demonym' value='Vicentini'
2026-05-09 12:47:09,354 - INFO - [City population DEBUG] row header='Time zone' value='UTC+1 ( CET )'
2026-05-09 12:47:09,354 - INFO - [City population DEBUG] row header='• Summer ( DST )' value='UTC+2 ( CEST )'
2026-05-09 12:47:09,354 - INFO - [City population DEBUG] row header='Postal code' value='36100'
2026-05-09 12:47:09,355 - INFO - [City population DEBUG] row header='Dialing code' value='0444'
2026-05-09 12:47:09,355 - INFO - [City population DEBUG] row header='Patron saint' value='Madonna of Monte Berico'
2026-05-09 12:47:09,355 - INFO - [City population DEBUG] row header='Saint day' value='September 8'
2026-05-09 12:47:09,355 - INFO - [City population DEBUG] row header='Website' value='Official website'
2026-05-09 12:47:09,355 - INFO - [City population] Found from municipality/comune candidate: 111980
2026-05-09 12:47:10,363 - INFO - [City: Vicenza] population \u2192 111980 (Wikipedia)
2026-05-09 12:47:10,363 - INFO - [City: Vicenza] image \u2192 https://upload.wikimedia.org/wikipedia/commons/thumb/b/b4/Collage_Vicenza.jpg/250px-Collage_Vicenza.jpg (Wikipedia)
2026-05-09 12:47:10,364 - INFO - Updated city: Vicenza
2026-05-09 12:47:11,183 - INFO - ====== WebDriver manager ======
2026-05-09 12:47:12,531 - INFO - Get LATEST chromedriver version for google-chrome
2026-05-09 12:47:12,601 - INFO - Get LATEST chromedriver version for google-chrome
2026-05-09 12:47:12,683 - INFO - Driver [C:\Users\marco\.wdm\drivers\chromedriver\win64\147.0.7727.117\chromedriver-win32/chromedriver.exe] found in cache
2026-05-09 12:47:23,351 - INFO - Accepted consent popup.
2026-05-09 12:47:31,206 - INFO - [Stadium: Romeo Menti] capacity \u2192 13173 (Transfermarkt/Wikipedia)
2026-05-09 12:47:31,207 - INFO - [Stadium: Romeo Menti] year \u2192 1935 (Transfermarkt/Wikipedia)
2026-05-09 12:47:31,207 - INFO - [Stadium: Romeo Menti] latitude \u2192 45.54417 (Wikipedia)
2026-05-09 12:47:31,207 - INFO - [Stadium: Romeo Menti] longitude \u2192 11.55556 (Wikipedia)
2026-05-09 12:47:31,207 - INFO - [Stadium: Romeo Menti] image \u2192 https://upload.wikimedia.org/wikipedia/commons/thumb/9/9a/Stadio_Romeo_Menti_2021_-_lato_tribuna.jpg/250px-Stadio_Romeo_Menti_2021_-_lato_tribuna.jpg (Wikipedia)
2026-05-09 12:47:31,207 - INFO - [Stadium: Romeo Menti] owner_raw \u2192 Municipality of Vicenza (Wikipedia)
2026-05-09 12:47:31,207 - INFO - [Stadium: Romeo Menti] ownership \u2192 PUBLIC (Wikipedia)
2026-05-09 12:47:31,212 - INFO - Updated stadium: Romeo Menti
2026-05-09 12:47:36,396 - INFO - ====== WebDriver manager ======
2026-05-09 12:47:37,712 - INFO - Get LATEST chromedriver version for google-chrome
2026-05-09 12:47:37,776 - INFO - Get LATEST chromedriver version for google-chrome
2026-05-09 12:47:37,840 - INFO - Driver [C:\Users\marco\.wdm\drivers\chromedriver\win64\147.0.7727.117\chromedriver-win32/chromedriver.exe] found in cache
2026-05-09 12:47:48,975 - INFO - Accepted consent popup.
2026-05-09 12:48:04,100 - INFO - ====== WebDriver manager ======
2026-05-09 12:48:05,379 - INFO - Get LATEST chromedriver version for google-chrome
2026-05-09 12:48:05,454 - INFO - Get LATEST chromedriver version for google-chrome
2026-05-09 12:48:05,527 - INFO - Driver [C:\Users\marco\.wdm\drivers\chromedriver\win64\147.0.7727.117\chromedriver-win32/chromedriver.exe] found in cache
2026-05-09 12:48:18,298 - INFO - Accepted consent popup.
2026-05-09 12:48:22,922 - INFO - Average attendance extracted: 9084
2026-05-09 12:48:29,733 - INFO - [Team: LR Vicenza] manager \u2192 Fabio Gallo (Wikipedia)
2026-05-09 12:48:29,733 - INFO - [Team: LR Vicenza] founded \u2192 1902-01-01 (Transfermarkt/Wikipedia)
2026-05-09 12:48:29,733 - INFO - [Team: LR Vicenza] tier \u2192 3 (Transfermarkt/JSON)
2026-05-09 12:48:29,733 - INFO - Updated team: LR Vicenza
2026-05-09 12:48:33,815 - INFO - Finished processing LR Vicenza
2026-05-09 12:48:33,815 - INFO - -----------------------------------------
2026-05-09 12:48:33,816 - INFO - Processing team: Union Brescia
2026-05-09 12:48:34,400 - INFO - [City population DEBUG] row header='Country' value='Italy'
2026-05-09 12:48:34,401 - INFO - [City population DEBUG] row header='Region' value='Lombardy'
2026-05-09 12:48:34,401 - INFO - [City population DEBUG] row header='Province' value='Province of Brescia (BS)'
2026-05-09 12:48:34,401 - INFO - [City population DEBUG] row header='First settlement: Celtic settlement: Roman settlement:' value='1200 BC 7th century BC 89 BC'
2026-05-09 12:48:34,401 - INFO - [City population DEBUG] row header='• Mayor' value='Laura Castelletti ( I )'
2026-05-09 12:48:34,402 - INFO - [City population DEBUG] row header='• Total' value='90.34 km 2 (34.88 sq mi)'
2026-05-09 12:48:34,402 - INFO - [City population DEBUG] row header='Elevation' value='149 m (489 ft)'
2026-05-09 12:48:34,402 - INFO - [City population DEBUG] row header='Highest elevation' value='874 m (2,867 ft)'
2026-05-09 12:48:34,402 - INFO - [City population DEBUG] row header='Lowest elevation' value='104 m (341 ft)'
2026-05-09 12:48:34,403 - INFO - [City population DEBUG] row header='• Total' value='201,342'
2026-05-09 12:48:34,403 - INFO - [City population] Candidate from row '• Total': 201342
2026-05-09 12:48:34,403 - INFO - [City population DEBUG] row header='• Density' value='2,229/km 2 (5,772/sq mi)'
2026-05-09 12:48:34,403 - INFO - [City population DEBUG] row header='Demonyms' value='English: Brescian Italian: bresciano ( m. ), bresciana ( f. ) Brescian: bresà ( m. ), bresàna ( f.'
2026-05-09 12:48:34,403 - INFO - [City population DEBUG] row header='Time zone' value='UTC+1 ( CET )'
2026-05-09 12:48:34,404 - INFO - [City population DEBUG] row header='• Summer ( DST )' value='UTC+2 ( CEST )'
2026-05-09 12:48:34,404 - INFO - [City population DEBUG] row header='Postal code' value='25121-25136'
2026-05-09 12:48:34,404 - INFO - [City population DEBUG] row header='Dialing code' value='030'
2026-05-09 12:48:34,404 - INFO - [City population DEBUG] row header='Patron saint' value='Sts. Faustino and Giovita'
2026-05-09 12:48:34,405 - INFO - [City population DEBUG] row header='Saint day' value='15 February'
2026-05-09 12:48:34,405 - INFO - [City population DEBUG] row header='Website' value='www .comune .brescia .it'
2026-05-09 12:48:34,405 - INFO - [City population] Found from municipality/comune candidate: 201342
2026-05-09 12:48:35,424 - INFO - [City: Brescia] population \u2192 201342 (Wikipedia)
2026-05-09 12:48:35,424 - INFO - [City: Brescia] image \u2192 https://upload.wikimedia.org/wikipedia/commons/thumb/6/66/Brescia_-_Duomo_Nuovo_visto_dal_castello.jpg/250px-Brescia_-_Duomo_Nuovo_visto_dal_castello.jpg (Wikipedia)
2026-05-09 12:48:35,426 - INFO - Updated city: Brescia
2026-05-09 12:48:35,963 - INFO - ====== WebDriver manager ======
2026-05-09 12:48:37,397 - INFO - Get LATEST chromedriver version for google-chrome
2026-05-09 12:48:37,475 - INFO - Get LATEST chromedriver version for google-chrome
2026-05-09 12:48:37,539 - INFO - Driver [C:\Users\marco\.wdm\drivers\chromedriver\win64\147.0.7727.117\chromedriver-win32/chromedriver.exe] found in cache
2026-05-09 12:48:47,429 - INFO - Accepted consent popup.
2026-05-09 12:48:54,694 - INFO - [Stadium: Mario Rigamonti] capacity \u2192 23072 (Transfermarkt/Wikipedia)
2026-05-09 12:48:54,694 - INFO - [Stadium: Mario Rigamonti] year \u2192 1959 (Transfermarkt/Wikipedia)
2026-05-09 12:48:54,695 - INFO - [Stadium: Mario Rigamonti] latitude \u2192 45.57056 (Wikipedia)
2026-05-09 12:48:54,695 - INFO - [Stadium: Mario Rigamonti] longitude \u2192 10.23694 (Wikipedia)
2026-05-09 12:48:54,695 - INFO - [Stadium: Mario Rigamonti] image \u2192 https://tmssl.akamaized.net//images/foto/stadionnormal/mario-rigamonti-brescia-1581428173-31579.jpg?lm=1581428185 (Wikipedia)
2026-05-09 12:48:54,695 - INFO - [Stadium: Mario Rigamonti] owner_raw \u2192 Municipality of Brescia (Wikipedia)
2026-05-09 12:48:54,695 - INFO - [Stadium: Mario Rigamonti] ownership \u2192 PUBLIC (Wikipedia)
2026-05-09 12:48:54,721 - INFO - Updated stadium: Mario Rigamonti
2026-05-09 12:48:59,459 - INFO - ====== WebDriver manager ======
2026-05-09 12:49:00,722 - INFO - Get LATEST chromedriver version for google-chrome
2026-05-09 12:49:00,788 - INFO - Get LATEST chromedriver version for google-chrome
2026-05-09 12:49:00,860 - INFO - Driver [C:\Users\marco\.wdm\drivers\chromedriver\win64\147.0.7727.117\chromedriver-win32/chromedriver.exe] found in cache
2026-05-09 12:49:12,344 - INFO - Accepted consent popup.
2026-05-09 12:49:27,539 - INFO - ====== WebDriver manager ======
2026-05-09 12:49:29,590 - INFO - Get LATEST chromedriver version for google-chrome
2026-05-09 12:49:29,672 - INFO - Get LATEST chromedriver version for google-chrome
2026-05-09 12:49:29,751 - INFO - Driver [C:\Users\marco\.wdm\drivers\chromedriver\win64\147.0.7727.117\chromedriver-win32/chromedriver.exe] found in cache
2026-05-09 12:49:41,943 - INFO - Accepted consent popup.
2026-05-09 12:49:59,069 - ERROR - Error scraping attendance from https://www.transfermarkt.com/union-brescia/besucherzahlenentwicklung/verein/132806: Message: 
Stacktrace:
	chromedriver!GetHandleVerifier [0x12bb373+10553]
	chromedriver!GetHandleVerifier [0x12bb4a4+10684]
	chromedriver!(No symbol) [0x10c1e10]
	chromedriver!(No symbol) [0x110a9da]
	chromedriver!(No symbol) [0x110ac7b]
	chromedriver!(No symbol) [0x114d162]
	chromedriver!(No symbol) [0x112d8b4]
	chromedriver!(No symbol) [0x114aa36]
	chromedriver!(No symbol) [0x112d606]
	chromedriver!(No symbol) [0x1100039]
	chromedriver!(No symbol) [0x1100df4]
	chromedriver!GetHandleVerifier [0x153ddb4+292f94]
	chromedriver!GetHandleVerifier [0x153937d+28e55d]
	chromedriver!GetHandleVerifier [0x1558215+2ad3f5]
	chromedriver!GetHandleVerifier [0x12d4c18+29df8]
	chromedriver!GetHandleVerifier [0x12dc6fd+318dd]
	chromedriver!GetHandleVerifier [0x12c3c78+18e58]
	chromedriver!GetHandleVerifier [0x12c3e42+19022]
	chromedriver!GetHandleVerifier [0x12ad45f+263f]
	KERNEL32!BaseThreadInitThunk [0x75f75d49+19]
	ntdll!RtlInitializeExceptionChain [0x7790d83b+6b]
	ntdll!RtlGetAppContainerNamedObjectPath [0x7790d7c1+231]

2026-05-09 12:50:05,708 - INFO - [Team: Union Brescia] manager \u2192 Eugenio Corini (Wikipedia)
2026-05-09 12:50:05,708 - INFO - [Team: Union Brescia] founded \u2192 2025-01-01 (Transfermarkt/Wikipedia)
2026-05-09 12:50:05,708 - INFO - [Team: Union Brescia] tier \u2192 3 (Transfermarkt/JSON)
2026-05-09 12:50:05,708 - INFO - Updated team: Union Brescia
2026-05-09 12:50:09,768 - INFO - Finished processing Union Brescia
2026-05-09 12:50:09,768 - INFO - -----------------------------------------
2026-05-09 12:50:09,768 - INFO - Processing team: AS Cittadella
2026-05-09 12:50:09,954 - INFO - [City population DEBUG] row header='Country' value='Italy'
2026-05-09 12:50:09,954 - INFO - [City population DEBUG] row header='Region' value='Veneto'
2026-05-09 12:50:09,954 - INFO - [City population DEBUG] row header='Province' value='Padua (PD)'
2026-05-09 12:50:09,955 - INFO - [City population DEBUG] row header='Frazioni' value='Ca' Onorai, Facca, Pozzetto, San Donato, Santa Croce Bigolina, Santa Maria'
2026-05-09 12:50:09,955 - INFO - [City population DEBUG] row header='• Mayor' value='Luca Pierobon'
2026-05-09 12:50:09,955 - INFO - [City population DEBUG] row header='• Total' value='36 km 2 (14 sq mi)'
2026-05-09 12:50:09,955 - INFO - [City population DEBUG] row header='Elevation' value='48 m (157 ft)'
2026-05-09 12:50:09,955 - INFO - [City population DEBUG] row header='• Total' value='20,133'
2026-05-09 12:50:09,955 - INFO - [City population] Candidate from row '• Total': 20133
2026-05-09 12:50:09,955 - INFO - [City population DEBUG] row header='• Density' value='560/km 2 (1,400/sq mi)'
2026-05-09 12:50:09,955 - INFO - [City population DEBUG] row header='Demonym' value='Cittadellesi'
2026-05-09 12:50:09,956 - INFO - [City population DEBUG] row header='Time zone' value='UTC+1 ( CET )'
2026-05-09 12:50:09,956 - INFO - [City population DEBUG] row header='• Summer ( DST )' value='UTC+2 ( CEST )'
2026-05-09 12:50:09,956 - INFO - [City population DEBUG] row header='Postal code' value='35013'
2026-05-09 12:50:09,956 - INFO - [City population DEBUG] row header='Dialing code' value='049'
2026-05-09 12:50:09,956 - INFO - [City population DEBUG] row header='Patron saint' value='San Prosdocimo, San Donato'
2026-05-09 12:50:09,956 - INFO - [City population DEBUG] row header='Website' value='Official website'
2026-05-09 12:50:09,956 - INFO - [City population] Found from municipality/comune candidate: 20133
2026-05-09 12:50:10,347 - INFO - [City: Cittadella] population \u2192 20133 (Wikipedia)
2026-05-09 12:50:10,348 - INFO - [City: Cittadella] image \u2192 https://upload.wikimedia.org/wikipedia/commons/thumb/4/44/Cittadella_view_from_the_walls.jpg/250px-Cittadella_view_from_the_walls.jpg (Wikipedia)
2026-05-09 12:50:10,350 - INFO - Updated city: Cittadella
2026-05-09 12:50:10,838 - INFO - ====== WebDriver manager ======
2026-05-09 12:50:12,172 - INFO - Get LATEST chromedriver version for google-chrome
2026-05-09 12:50:12,241 - INFO - Get LATEST chromedriver version for google-chrome
2026-05-09 12:50:12,312 - INFO - Driver [C:\Users\marco\.wdm\drivers\chromedriver\win64\147.0.7727.117\chromedriver-win32/chromedriver.exe] found in cache
2026-05-09 12:50:21,871 - INFO - Accepted consent popup.
2026-05-09 12:50:28,998 - INFO - [Stadium: Piercesare Tombolato] capacity \u2192 7623 (Transfermarkt/Wikipedia)
2026-05-09 12:50:28,998 - INFO - [Stadium: Piercesare Tombolato] year \u2192 1981 (Transfermarkt/Wikipedia)
2026-05-09 12:50:28,998 - INFO - [Stadium: Piercesare Tombolato] latitude \u2192 45.64278 (Wikipedia)
2026-05-09 12:50:28,998 - INFO - [Stadium: Piercesare Tombolato] longitude \u2192 11.78111 (Wikipedia)
2026-05-09 12:50:28,998 - INFO - [Stadium: Piercesare Tombolato] image \u2192 https://upload.wikimedia.org/wikipedia/commons/thumb/d/d4/Stadio_Tombolato_2.jpg/250px-Stadio_Tombolato_2.jpg (Wikipedia)
2026-05-09 12:50:28,998 - INFO - [Stadium: Piercesare Tombolato] owner_raw \u2192 Municipality of Cittadella (Wikipedia)
2026-05-09 12:50:28,998 - INFO - [Stadium: Piercesare Tombolato] ownership \u2192 PUBLIC (Wikipedia)
2026-05-09 12:50:29,003 - INFO - Updated stadium: Piercesare Tombolato
2026-05-09 12:50:33,826 - INFO - ====== WebDriver manager ======
2026-05-09 12:50:35,082 - INFO - Get LATEST chromedriver version for google-chrome
2026-05-09 12:50:35,166 - INFO - Get LATEST chromedriver version for google-chrome
2026-05-09 12:50:35,227 - INFO - Driver [C:\Users\marco\.wdm\drivers\chromedriver\win64\147.0.7727.117\chromedriver-win32/chromedriver.exe] found in cache
2026-05-09 12:50:46,854 - INFO - Accepted consent popup.
2026-05-09 12:51:02,911 - INFO - ====== WebDriver manager ======
2026-05-09 12:51:04,131 - INFO - Get LATEST chromedriver version for google-chrome
2026-05-09 12:51:04,198 - INFO - Get LATEST chromedriver version for google-chrome
2026-05-09 12:51:04,281 - INFO - Driver [C:\Users\marco\.wdm\drivers\chromedriver\win64\147.0.7727.117\chromedriver-win32/chromedriver.exe] found in cache
2026-05-09 12:51:16,769 - INFO - Accepted consent popup.
2026-05-09 12:51:21,206 - INFO - Average attendance extracted: 3552
2026-05-09 12:51:27,923 - INFO - [Team: AS Cittadella] manager \u2192 Manuel Iori (Wikipedia)
2026-05-09 12:51:27,924 - INFO - [Team: AS Cittadella] founded \u2192 1973-01-01 (Transfermarkt/Wikipedia)
2026-05-09 12:51:27,924 - INFO - [Team: AS Cittadella] tier \u2192 3 (Transfermarkt/JSON)
2026-05-09 12:51:27,924 - INFO - Updated team: AS Cittadella
2026-05-09 12:51:32,008 - INFO - Finished processing AS Cittadella
2026-05-09 12:51:32,008 - INFO - -----------------------------------------
2026-05-09 12:51:32,008 - INFO - Processing team: Calcio Lecco 1912
2026-05-09 12:51:32,396 - INFO - [City population DEBUG] row header='Country' value='Italy'
2026-05-09 12:51:32,397 - INFO - [City population DEBUG] row header='Region' value='Lombardy'
2026-05-09 12:51:32,397 - INFO - [City population DEBUG] row header='Province' value='Lecco (LC)'
2026-05-09 12:51:32,397 - INFO - [City population DEBUG] row header='Frazioni' value='Acquate , Belledo, Bonacina, Castello, Chiuso, Germanedo, Laorca, Lecco, Maggianico, Malavedo, Olate, Pescarenico, Rancio, San Giovanni, Santo Stefano'
2026-05-09 12:51:32,397 - INFO - [City population DEBUG] row header='• Mayor' value='Mauro Gattinoni ( PD )'
2026-05-09 12:51:32,397 - INFO - [City population DEBUG] row header='• Total' value='45.14 km 2 (17.43 sq mi)'
2026-05-09 12:51:32,397 - INFO - [City population DEBUG] row header='Elevation' value='214 m (702 ft)'
2026-05-09 12:51:32,398 - INFO - [City population DEBUG] row header='• Total' value='46,831'
2026-05-09 12:51:32,398 - INFO - [City population] Candidate from row '• Total': 46831
2026-05-09 12:51:32,398 - INFO - [City population DEBUG] row header='• Density' value='1,037/km 2 (2,687/sq mi)'
2026-05-09 12:51:32,398 - INFO - [City population DEBUG] row header='Demonym' value='Lecchesi'
2026-05-09 12:51:32,398 - INFO - [City population DEBUG] row header='Time zone' value='UTC+1 ( CET )'
2026-05-09 12:51:32,398 - INFO - [City population DEBUG] row header='• Summer ( DST )' value='UTC+2 ( CEST )'
2026-05-09 12:51:32,398 - INFO - [City population DEBUG] row header='Postal code' value='23900'
2026-05-09 12:51:32,399 - INFO - [City population DEBUG] row header='Dialing code' value='0341'
2026-05-09 12:51:32,399 - INFO - [City population DEBUG] row header='ISTAT code' value='097042'
2026-05-09 12:51:32,399 - INFO - [City population DEBUG] row header='Patron saint' value='San Nicolò'
2026-05-09 12:51:32,399 - INFO - [City population DEBUG] row header='Saint day' value='December 6'
2026-05-09 12:51:32,399 - INFO - [City population DEBUG] row header='Website' value='www .comune .lecco .it'
2026-05-09 12:51:32,399 - INFO - [City population] Found from municipality/comune candidate: 46831
2026-05-09 12:51:33,030 - INFO - [City: Lecco] population \u2192 46831 (Wikipedia)
2026-05-09 12:51:33,030 - INFO - [City: Lecco] image \u2192 https://upload.wikimedia.org/wikipedia/commons/thumb/2/2a/Lecco_Grigna.jpg/250px-Lecco_Grigna.jpg (Wikipedia)
2026-05-09 12:51:33,033 - INFO - Updated city: Lecco
2026-05-09 12:51:33,721 - INFO - ====== WebDriver manager ======
2026-05-09 12:51:35,022 - INFO - Get LATEST chromedriver version for google-chrome
2026-05-09 12:51:35,090 - INFO - Get LATEST chromedriver version for google-chrome
2026-05-09 12:51:35,157 - INFO - Driver [C:\Users\marco\.wdm\drivers\chromedriver\win64\147.0.7727.117\chromedriver-win32/chromedriver.exe] found in cache
2026-05-09 12:51:46,545 - INFO - Accepted consent popup.
2026-05-09 12:51:53,888 - INFO - [Stadium: Rigamonti-Ceppi] capacity \u2192 4997 (Transfermarkt/Wikipedia)
2026-05-09 12:51:53,888 - INFO - [Stadium: Rigamonti-Ceppi] year \u2192 1922 (Transfermarkt/Wikipedia)
2026-05-09 12:51:53,889 - INFO - [Stadium: Rigamonti-Ceppi] latitude \u2192 45.8578306 (Wikipedia)
2026-05-09 12:51:53,889 - INFO - [Stadium: Rigamonti-Ceppi] longitude \u2192 9.3989194 (Wikipedia)
2026-05-09 12:51:53,889 - INFO - [Stadium: Rigamonti-Ceppi] image \u2192 https://maps.wikimedia.org/img/osm-intl,13,a,a,250x200.png?lang=en&domain=en.wikipedia.org&title=Stadio_Rigamonti-Ceppi&revid=1329949211&groups=_16b34956c4b6e3e4fa3cbcd6cd5663fc8d662ebd&parser=legacy (Wikipedia)
2026-05-09 12:51:53,889 - INFO - [Stadium: Rigamonti-Ceppi] owner_raw \u2192 Municipality of Lecco (Wikipedia)
2026-05-09 12:51:53,889 - INFO - [Stadium: Rigamonti-Ceppi] ownership \u2192 PUBLIC (Wikipedia)
2026-05-09 12:51:53,897 - INFO - Updated stadium: Rigamonti-Ceppi
2026-05-09 12:51:58,670 - INFO - ====== WebDriver manager ======
2026-05-09 12:51:59,954 - INFO - Get LATEST chromedriver version for google-chrome
2026-05-09 12:52:00,021 - INFO - Get LATEST chromedriver version for google-chrome
2026-05-09 12:52:00,092 - INFO - Driver [C:\Users\marco\.wdm\drivers\chromedriver\win64\147.0.7727.117\chromedriver-win32/chromedriver.exe] found in cache
2026-05-09 12:52:14,482 - INFO - Accepted consent popup.
2026-05-09 12:52:31,700 - INFO - ====== WebDriver manager ======
2026-05-09 12:52:33,273 - INFO - Get LATEST chromedriver version for google-chrome
2026-05-09 12:52:33,356 - INFO - Get LATEST chromedriver version for google-chrome
2026-05-09 12:52:33,440 - INFO - Driver [C:\Users\marco\.wdm\drivers\chromedriver\win64\147.0.7727.117\chromedriver-win32/chromedriver.exe] found in cache
2026-05-09 12:52:45,986 - INFO - Accepted consent popup.
2026-05-09 12:52:55,816 - INFO - Average attendance extracted: 2837
2026-05-09 12:53:03,204 - INFO - [Team: Calcio Lecco 1912] manager \u2192 Federico Valente (Wikipedia)
2026-05-09 12:53:03,204 - INFO - [Team: Calcio Lecco 1912] founded \u2192 1912-01-01 (Transfermarkt/Wikipedia)
2026-05-09 12:53:03,205 - INFO - [Team: Calcio Lecco 1912] tier \u2192 3 (Transfermarkt/JSON)
2026-05-09 12:53:03,205 - INFO - Updated team: Calcio Lecco 1912
2026-05-09 12:53:07,296 - INFO - Finished processing Calcio Lecco 1912
2026-05-09 12:53:07,296 - INFO - -----------------------------------------
2026-05-09 12:53:07,296 - INFO - Processing team: AC Trento
2026-05-09 12:53:07,808 - INFO - [City population DEBUG] row header='Country' value='Italy'
2026-05-09 12:53:07,809 - INFO - [City population DEBUG] row header='Region' value='Trentino-Alto Adige/Südtirol'
2026-05-09 12:53:07,809 - INFO - [City population DEBUG] row header='Province' value='Trentino (TN)'
2026-05-09 12:53:07,809 - INFO - [City population DEBUG] row header='Frazioni' value='see list'
2026-05-09 12:53:07,809 - INFO - [City population DEBUG] row header='• Mayor' value='Franco Ianeselli (centre-left independent)'
2026-05-09 12:53:07,809 - INFO - [City population DEBUG] row header='• Total' value='157.9 km 2 (61.0 sq mi)'
2026-05-09 12:53:07,810 - INFO - [City population DEBUG] row header='Elevation' value='194 m (636 ft)'
2026-05-09 12:53:07,810 - INFO - [City population DEBUG] row header='• Total' value='120,709'
2026-05-09 12:53:07,810 - INFO - [City population] Candidate from row '• Total': 120709
2026-05-09 12:53:07,810 - INFO - [City population DEBUG] row header='• Density' value='764.5/km 2 (1,980/sq mi)'
2026-05-09 12:53:07,810 - INFO - [City population DEBUG] row header='Demonym(s)' value='Trentini, Tridentini'
2026-05-09 12:53:07,810 - INFO - [City population DEBUG] row header='Time zone' value='UTC+1 ( CET )'
2026-05-09 12:53:07,811 - INFO - [City population DEBUG] row header='• Summer ( DST )' value='UTC+2 ( CEST )'
2026-05-09 12:53:07,811 - INFO - [City population DEBUG] row header='Postal code' value='38121-38122-38123'
2026-05-09 12:53:07,811 - INFO - [City population DEBUG] row header='Patron saint' value='Saint Vigilius'
2026-05-09 12:53:07,811 - INFO - [City population DEBUG] row header='Saint day' value='June 26'
2026-05-09 12:53:07,811 - INFO - [City population DEBUG] row header='Website' value='Official website'
2026-05-09 12:53:07,811 - INFO - [City population] Found from municipality/comune candidate: 120709
2026-05-09 12:53:09,174 - INFO - [City: Trento] population \u2192 120709 (Wikipedia)
2026-05-09 12:53:09,175 - INFO - [City: Trento] image \u2192 https://upload.wikimedia.org/wikipedia/commons/thumb/0/00/Trento_visione_d%27insieme_6.jpg/330px-Trento_visione_d%27insieme_6.jpg (Wikipedia)
2026-05-09 12:53:09,178 - INFO - Updated city: Trento
2026-05-09 12:53:10,063 - INFO - ====== WebDriver manager ======
2026-05-09 12:53:11,663 - INFO - Get LATEST chromedriver version for google-chrome
2026-05-09 12:53:11,734 - INFO - Get LATEST chromedriver version for google-chrome
2026-05-09 12:53:11,805 - INFO - Driver [C:\Users\marco\.wdm\drivers\chromedriver\win64\147.0.7727.117\chromedriver-win32/chromedriver.exe] found in cache
2026-05-09 12:53:22,173 - INFO - Accepted consent popup.
2026-05-09 12:53:31,360 - INFO - [Stadium: Briamasco] capacity \u2192 4200 (Transfermarkt/Wikipedia)
2026-05-09 12:53:31,360 - INFO - [Stadium: Briamasco] year \u2192 1922 (Transfermarkt/Wikipedia)
2026-05-09 12:53:31,360 - INFO - [Stadium: Briamasco] latitude \u2192 46.0642111 (Wikipedia)
2026-05-09 12:53:31,360 - INFO - [Stadium: Briamasco] longitude \u2192 11.1143139 (Wikipedia)
2026-05-09 12:53:31,361 - INFO - [Stadium: Briamasco] image \u2192 https://upload.wikimedia.org/wikipedia/commons/thumb/0/0a/Trento_Stadio_Briamasco_3.jpg/330px-Trento_Stadio_Briamasco_3.jpg (Wikipedia)
2026-05-09 12:53:31,361 - INFO - [Stadium: Briamasco] owner_raw \u2192 Comune di Trento (Wikipedia)
2026-05-09 12:53:31,361 - INFO - [Stadium: Briamasco] ownership \u2192 PUBLIC (Wikipedia)
2026-05-09 12:53:31,365 - INFO - Updated stadium: Briamasco
2026-05-09 12:53:36,139 - INFO - ====== WebDriver manager ======
2026-05-09 12:53:37,635 - INFO - Get LATEST chromedriver version for google-chrome
2026-05-09 12:53:37,708 - INFO - Get LATEST chromedriver version for google-chrome
2026-05-09 12:53:37,775 - INFO - Driver [C:\Users\marco\.wdm\drivers\chromedriver\win64\147.0.7727.117\chromedriver-win32/chromedriver.exe] found in cache
2026-05-09 12:53:52,849 - INFO - Accepted consent popup.
2026-05-09 12:54:08,438 - INFO - ====== WebDriver manager ======
2026-05-09 12:54:09,728 - INFO - Get LATEST chromedriver version for google-chrome
2026-05-09 12:54:09,799 - INFO - Get LATEST chromedriver version for google-chrome
2026-05-09 12:54:09,863 - INFO - Driver [C:\Users\marco\.wdm\drivers\chromedriver\win64\147.0.7727.117\chromedriver-win32/chromedriver.exe] found in cache
2026-05-09 12:54:22,006 - INFO - Accepted consent popup.
2026-05-09 12:54:27,826 - INFO - Average attendance extracted: 1318
2026-05-09 12:54:34,579 - INFO - [Team: AC Trento] manager \u2192 Mauro Giacca (Wikipedia)
2026-05-09 12:54:34,579 - INFO - [Team: AC Trento] founded \u2192 1921-01-01 (Transfermarkt/Wikipedia)
2026-05-09 12:54:34,579 - INFO - [Team: AC Trento] tier \u2192 3 (Transfermarkt/JSON)
2026-05-09 12:54:34,579 - INFO - Updated team: AC Trento
2026-05-09 12:54:38,664 - INFO - Finished processing AC Trento
2026-05-09 12:54:38,664 - INFO - -----------------------------------------
2026-05-09 12:54:38,665 - INFO - Processing team: Dolomiti Bellunesi
2026-05-09 12:54:39,033 - INFO - [City population DEBUG] row header='Country' value='Italy'
2026-05-09 12:54:39,033 - INFO - [City population DEBUG] row header='Region' value='Veneto'
2026-05-09 12:54:39,033 - INFO - [City population DEBUG] row header='Province' value='Belluno (BL)'
2026-05-09 12:54:39,033 - INFO - [City population DEBUG] row header='Frazioni' value='see list'
2026-05-09 12:54:39,034 - INFO - [City population DEBUG] row header='• Mayor' value='Oscar de Pellegrin'
2026-05-09 12:54:39,034 - INFO - [City population DEBUG] row header='• Total' value='147.22 km 2 (56.84 sq mi)'
2026-05-09 12:54:39,034 - INFO - [City population DEBUG] row header='Elevation' value='390 m (1,280 ft)'
2026-05-09 12:54:39,034 - INFO - [City population DEBUG] row header='• Total' value='35,543'
2026-05-09 12:54:39,035 - INFO - [City population] Candidate from row '• Total': 35543
2026-05-09 12:54:39,035 - INFO - [City population DEBUG] row header='• Density' value='241.43/km 2 (625.30/sq mi)'
2026-05-09 12:54:39,035 - INFO - [City population DEBUG] row header='Demonym' value='Bellunesi'
2026-05-09 12:54:39,036 - INFO - [City population DEBUG] row header='Time zone' value='UTC+1 ( CET )'
2026-05-09 12:54:39,036 - INFO - [City population DEBUG] row header='• Summer ( DST )' value='UTC+2 ( CEST )'
2026-05-09 12:54:39,036 - INFO - [City population DEBUG] row header='Postal code' value='32100'
2026-05-09 12:54:39,037 - INFO - [City population DEBUG] row header='Dialing code' value='0437'
2026-05-09 12:54:39,037 - INFO - [City population DEBUG] row header='Patron saint' value='Saint Martin'
2026-05-09 12:54:39,037 - INFO - [City population DEBUG] row header='Saint day' value='11 November'
2026-05-09 12:54:39,038 - INFO - [City population DEBUG] row header='Website' value='Official website'
2026-05-09 12:54:39,038 - INFO - [City population] Found from municipality/comune candidate: 35543
2026-05-09 12:54:39,633 - INFO - [City: Belluno] population \u2192 35543 (Wikipedia)
2026-05-09 12:54:39,633 - INFO - [City: Belluno] image \u2192 https://upload.wikimedia.org/wikipedia/commons/thumb/6/63/Belluno_5042.jpg/250px-Belluno_5042.jpg (Wikipedia)
2026-05-09 12:54:39,636 - INFO - Updated city: Belluno
2026-05-09 12:54:39,636 - INFO - ====== WebDriver manager ======
2026-05-09 12:54:41,012 - INFO - Get LATEST chromedriver version for google-chrome
2026-05-09 12:54:41,083 - INFO - Get LATEST chromedriver version for google-chrome
2026-05-09 12:54:41,148 - INFO - Driver [C:\Users\marco\.wdm\drivers\chromedriver\win64\147.0.7727.117\chromedriver-win32/chromedriver.exe] found in cache
2026-05-09 12:54:52,060 - INFO - Accepted consent popup.
2026-05-09 12:54:58,664 - INFO - [Stadium: Zugni Tauro] capacity \u2192 1766 (Transfermarkt/Wikipedia)
2026-05-09 12:54:58,664 - INFO - [Stadium: Zugni Tauro] year \u2192 1910 (Transfermarkt/Wikipedia)
2026-05-09 12:54:58,665 - WARNING - [Stadium: Zugni Tauro] latitude \u2192 NOT FOUND
2026-05-09 12:54:58,665 - WARNING - [Stadium: Zugni Tauro] longitude \u2192 NOT FOUND
2026-05-09 12:54:58,665 - WARNING - [Stadium: Zugni Tauro] image \u2192 NOT FOUND
2026-05-09 12:54:58,665 - WARNING - [Stadium: Zugni Tauro] owner_raw \u2192 NOT FOUND
2026-05-09 12:54:58,665 - WARNING - [Stadium: Zugni Tauro] ownership \u2192 NOT FOUND
2026-05-09 12:54:58,674 - INFO - Updated stadium: Zugni Tauro
2026-05-09 12:55:02,733 - INFO - ====== WebDriver manager ======
2026-05-09 12:55:04,026 - INFO - Get LATEST chromedriver version for google-chrome
2026-05-09 12:55:04,111 - INFO - Get LATEST chromedriver version for google-chrome
2026-05-09 12:55:04,178 - INFO - Driver [C:\Users\marco\.wdm\drivers\chromedriver\win64\147.0.7727.117\chromedriver-win32/chromedriver.exe] found in cache
2026-05-09 12:55:18,172 - INFO - Accepted consent popup.
2026-05-09 12:55:36,562 - INFO - ====== WebDriver manager ======
2026-05-09 12:55:38,673 - INFO - Get LATEST chromedriver version for google-chrome
2026-05-09 12:55:38,783 - INFO - Get LATEST chromedriver version for google-chrome
2026-05-09 12:55:38,863 - INFO - Driver [C:\Users\marco\.wdm\drivers\chromedriver\win64\147.0.7727.117\chromedriver-win32/chromedriver.exe] found in cache
2026-05-09 12:55:50,168 - INFO - Accepted consent popup.
2026-05-09 12:55:57,594 - INFO - Average attendance extracted: 579
2026-05-09 12:56:05,138 - WARNING - [Team: Dolomiti Bellunesi] manager \u2192 NOT FOUND
2026-05-09 12:56:05,138 - INFO - [Team: Dolomiti Bellunesi] founded \u2192 2021-01-01 (Transfermarkt/Wikipedia)
2026-05-09 12:56:05,138 - INFO - [Team: Dolomiti Bellunesi] tier \u2192 3 (Transfermarkt/JSON)
2026-05-09 12:56:05,139 - INFO - Updated team: Dolomiti Bellunesi
2026-05-09 12:56:09,205 - INFO - Finished processing Dolomiti Bellunesi
2026-05-09 12:56:09,206 - INFO - -----------------------------------------
2026-05-09 12:56:09,206 - INFO - Processing team: Alcione Milano
2026-05-09 12:56:10,282 - INFO - [City population DEBUG] row header='Country' value='Italy'
2026-05-09 12:56:10,282 - INFO - [City population DEBUG] row header='Region' value='Lombardy'
2026-05-09 12:56:10,282 - INFO - [City population DEBUG] row header='Metropolitan city' value='Milan'
2026-05-09 12:56:10,283 - INFO - [City population DEBUG] row header='• Type' value='Strong Mayor–Council'
2026-05-09 12:56:10,283 - INFO - [City population DEBUG] row header='• Mayor' value='Giuseppe Sala'
2026-05-09 12:56:10,283 - INFO - [City population DEBUG] row header='• Legislature' value='Milan City Council'
2026-05-09 12:56:10,283 - INFO - [City population DEBUG] row header='• Comune' value='181.67 km 2 (70.14 sq mi)'
2026-05-09 12:56:10,283 - INFO - [City population DEBUG] row header='• Metro' value='3,632 km 2 (1,402 sq mi)'
2026-05-09 12:56:10,284 - INFO - [City population DEBUG] row header='Elevation' value='120 m (390 ft)'
2026-05-09 12:56:10,284 - INFO - [City population DEBUG] row header='• Comune' value='1,362,863'
2026-05-09 12:56:10,284 - INFO - [City population] Candidate from row '• Comune': 1362863
2026-05-09 12:56:10,284 - INFO - [City population DEBUG] row header='• Rank' value='2nd in Italy'
2026-05-09 12:56:10,284 - INFO - [City population DEBUG] row header='• Density' value='7,501.9/km 2 (19,430/sq mi)'
2026-05-09 12:56:10,284 - INFO - [City population DEBUG] row header='• Metro [ 4 ]' value='6,550,000'
2026-05-09 12:56:10,284 - INFO - [City population DEBUG] row header='Demonym(s)' value='Milanese Meneghino [ 5 ]'
2026-05-09 12:56:10,285 - INFO - [City population DEBUG] row header='• Metro' value='€328 billion (2024)'
2026-05-09 12:56:10,285 - INFO - [City population DEBUG] row header='Time zone' value='UTC+1 ( CET )'
2026-05-09 12:56:10,285 - INFO - [City population DEBUG] row header='• Summer ( DST )' value='UTC+2 ( CEST )'
2026-05-09 12:56:10,285 - INFO - [City population DEBUG] row header='Postal code' value='20121–20162'
2026-05-09 12:56:10,285 - INFO - [City population DEBUG] row header='Area code' value='0039 02'
2026-05-09 12:56:10,285 - INFO - [City population DEBUG] row header='Climate' value='Humid subtropical climate (Cfa)'
2026-05-09 12:56:10,285 - INFO - [City population DEBUG] row header='Website' value='www.comune.milano.it'
2026-05-09 12:56:10,285 - INFO - [City population] Found from municipality/comune candidate: 1362863
2026-05-09 12:56:13,319 - INFO - [City: Milan] population \u2192 1362863 (Wikipedia)
2026-05-09 12:56:13,319 - INFO - [City: Milan] image \u2192 https://upload.wikimedia.org/wikipedia/commons/thumb/c/c3/Milan_skyline_skyscrapers_of_Porta_Nuova_business_district_%28cropped%29.jpg/330px-Milan_skyline_skyscrapers_of_Porta_Nuova_business_district_%28cropped%29.jpg (Wikipedia)
2026-05-09 12:56:13,321 - INFO - Updated city: Milan
2026-05-09 12:56:13,321 - INFO - ====== WebDriver manager ======
2026-05-09 12:56:14,926 - INFO - Get LATEST chromedriver version for google-chrome
2026-05-09 12:56:14,994 - INFO - Get LATEST chromedriver version for google-chrome
2026-05-09 12:56:15,064 - INFO - Driver [C:\Users\marco\.wdm\drivers\chromedriver\win64\147.0.7727.117\chromedriver-win32/chromedriver.exe] found in cache
2026-05-09 12:56:26,478 - INFO - Accepted consent popup.
2026-05-09 12:56:34,465 - INFO - [Stadium: Stadio Breda] capacity \u2192 3500 (Transfermarkt/Wikipedia)
2026-05-09 12:56:34,465 - INFO - [Stadium: Stadio Breda] year \u2192 1939 (Transfermarkt/Wikipedia)
2026-05-09 12:56:34,465 - WARNING - [Stadium: Stadio Breda] latitude \u2192 NOT FOUND
2026-05-09 12:56:34,465 - WARNING - [Stadium: Stadio Breda] longitude \u2192 NOT FOUND
2026-05-09 12:56:34,465 - WARNING - [Stadium: Stadio Breda] image \u2192 NOT FOUND
2026-05-09 12:56:34,465 - WARNING - [Stadium: Stadio Breda] owner_raw \u2192 NOT FOUND
2026-05-09 12:56:34,465 - WARNING - [Stadium: Stadio Breda] ownership \u2192 NOT FOUND
2026-05-09 12:56:34,470 - INFO - Updated stadium: Stadio Breda
2026-05-09 12:56:39,057 - INFO - ====== WebDriver manager ======
2026-05-09 12:56:40,555 - INFO - Get LATEST chromedriver version for google-chrome
2026-05-09 12:56:40,636 - INFO - Get LATEST chromedriver version for google-chrome
2026-05-09 12:56:40,703 - INFO - Driver [C:\Users\marco\.wdm\drivers\chromedriver\win64\147.0.7727.117\chromedriver-win32/chromedriver.exe] found in cache
2026-05-09 12:56:52,903 - INFO - Accepted consent popup.
2026-05-09 12:57:08,199 - INFO - ====== WebDriver manager ======
2026-05-09 12:57:09,538 - INFO - Get LATEST chromedriver version for google-chrome
2026-05-09 12:57:09,607 - INFO - Get LATEST chromedriver version for google-chrome
2026-05-09 12:57:09,675 - INFO - Driver [C:\Users\marco\.wdm\drivers\chromedriver\win64\147.0.7727.117\chromedriver-win32/chromedriver.exe] found in cache
2026-05-09 12:57:21,753 - INFO - Accepted consent popup.
2026-05-09 12:57:25,736 - INFO - Average attendance extracted: 479
2026-05-09 12:57:32,522 - INFO - [Team: Alcione Milano] manager \u2192 Giovanni Cusatis (Wikipedia)
2026-05-09 12:57:32,522 - INFO - [Team: Alcione Milano] founded \u2192 1952-01-01 (Transfermarkt/Wikipedia)
2026-05-09 12:57:32,522 - INFO - [Team: Alcione Milano] tier \u2192 3 (Transfermarkt/JSON)
2026-05-09 12:57:32,523 - INFO - Updated team: Alcione Milano
2026-05-09 12:57:36,593 - INFO - Finished processing Alcione Milano
2026-05-09 12:57:36,594 - INFO - -----------------------------------------
2026-05-09 12:57:36,594 - INFO - Processing team: Juventus Next Gen
2026-05-09 12:57:37,082 - INFO - [City population DEBUG] row header='Country' value='Italy'
2026-05-09 12:57:37,083 - INFO - [City population DEBUG] row header='Region' value='Piedmont'
2026-05-09 12:57:37,083 - INFO - [City population DEBUG] row header='Province' value='Alessandria (AL)'
2026-05-09 12:57:37,083 - INFO - [City population DEBUG] row header='Frazioni' value='Spinetta Marengo , Cantalupo, Casalbagliano, Cascina Morione, Cascinagrossa, Castelceriolo, Cornaglie, Cristo, Filippona, Gerlotti, Litta Parodi, Lobbi, Mandrogne, Molinetto, Orti, Pagella, Porrona, Profumati, San Giuliano, San Giuliano Nuovo, San Giuliano Vecchio, San Michele, Settimio, Valle San Bartolomeo, Valmadonna, Villa Del Foro'
2026-05-09 12:57:37,084 - INFO - [City population DEBUG] row header='• Mayor' value='Giorgio Abonante (PD)'
2026-05-09 12:57:37,085 - INFO - [City population DEBUG] row header='• Total' value='203.57 km 2 (78.60 sq mi)'
2026-05-09 12:57:37,085 - INFO - [City population DEBUG] row header='Elevation' value='95 m (312 ft)'
2026-05-09 12:57:37,086 - INFO - [City population DEBUG] row header='• Total' value='93,409'
2026-05-09 12:57:37,086 - INFO - [City population] Candidate from row '• Total': 93409
2026-05-09 12:57:37,086 - INFO - [City population DEBUG] row header='• Density' value='458.85/km 2 (1,188.4/sq mi)'
2026-05-09 12:57:37,086 - INFO - [City population DEBUG] row header='Demonyms' value='Alessandrini, nickname: Mandrogni'
2026-05-09 12:57:37,087 - INFO - [City population DEBUG] row header='Time zone' value='UTC+1 ( CET )'
2026-05-09 12:57:37,087 - INFO - [City population DEBUG] row header='• Summer ( DST )' value='UTC+2 ( CEST )'
2026-05-09 12:57:37,087 - INFO - [City population DEBUG] row header='Postal code' value='15121–15122'
2026-05-09 12:57:37,087 - INFO - [City population DEBUG] row header='Dialing code' value='0131'
2026-05-09 12:57:37,087 - INFO - [City population DEBUG] row header='Patron saint' value='San Baudolino'
2026-05-09 12:57:37,088 - INFO - [City population DEBUG] row header='Saint day' value='10 November'
2026-05-09 12:57:37,088 - INFO - [City population DEBUG] row header='Website' value='Official website'
2026-05-09 12:57:37,088 - INFO - [City population] Found from municipality/comune candidate: 93409
2026-05-09 12:57:38,024 - INFO - [City: Alessandria] population \u2192 93409 (Wikipedia)
2026-05-09 12:57:38,024 - INFO - [City: Alessandria] image \u2192 https://upload.wikimedia.org/wikipedia/commons/thumb/5/54/Alessandria_panorama_landscape_pontemeier_mandrogni_lisondria_tanaro.jpg/250px-Alessandria_panorama_landscape_pontemeier_mandrogni_lisondria_tanaro.jpg (Wikipedia)
2026-05-09 12:57:38,027 - INFO - Updated city: Alessandria
2026-05-09 12:57:38,614 - INFO - ====== WebDriver manager ======
2026-05-09 12:57:39,946 - INFO - Get LATEST chromedriver version for google-chrome
2026-05-09 12:57:40,011 - INFO - Get LATEST chromedriver version for google-chrome
2026-05-09 12:57:40,079 - INFO - Driver [C:\Users\marco\.wdm\drivers\chromedriver\win64\147.0.7727.117\chromedriver-win32/chromedriver.exe] found in cache
2026-05-09 12:57:49,665 - INFO - Accepted consent popup.
2026-05-09 12:57:54,692 - INFO - [Stadium: Giuseppe Moccagatta] capacity \u2192 5827 (Transfermarkt/Wikipedia)
2026-05-09 12:57:54,692 - INFO - [Stadium: Giuseppe Moccagatta] year \u2192 1929 (Transfermarkt/Wikipedia)
2026-05-09 12:57:54,693 - INFO - [Stadium: Giuseppe Moccagatta] latitude \u2192 44.92 (Wikipedia)
2026-05-09 12:57:54,693 - INFO - [Stadium: Giuseppe Moccagatta] longitude \u2192 8.61694 (Wikipedia)
2026-05-09 12:57:54,693 - INFO - [Stadium: Giuseppe Moccagatta] image \u2192 https://tmssl.akamaized.net//images/foto/stadionnormal/stadium-giuseppe-moccagatta-curcio-gol-casertana-2024-1718787447-140342.jpg?lm=1718787469 (Wikipedia)
2026-05-09 12:57:54,693 - INFO - [Stadium: Giuseppe Moccagatta] owner_raw \u2192 Municipality of Alessandria (Wikipedia)
2026-05-09 12:57:54,693 - INFO - [Stadium: Giuseppe Moccagatta] ownership \u2192 PUBLIC (Wikipedia)
2026-05-09 12:57:54,703 - INFO - Updated stadium: Giuseppe Moccagatta
2026-05-09 12:57:59,723 - INFO - ====== WebDriver manager ======
2026-05-09 12:58:01,135 - INFO - Get LATEST chromedriver version for google-chrome
2026-05-09 12:58:01,214 - INFO - Get LATEST chromedriver version for google-chrome
2026-05-09 12:58:01,282 - INFO - Driver [C:\Users\marco\.wdm\drivers\chromedriver\win64\147.0.7727.117\chromedriver-win32/chromedriver.exe] found in cache
2026-05-09 12:58:13,083 - INFO - Accepted consent popup.
2026-05-09 12:58:31,505 - INFO - ====== WebDriver manager ======
2026-05-09 12:58:33,006 - INFO - Get LATEST chromedriver version for google-chrome
2026-05-09 12:58:33,092 - INFO - Get LATEST chromedriver version for google-chrome
2026-05-09 12:58:33,163 - INFO - Driver [C:\Users\marco\.wdm\drivers\chromedriver\win64\147.0.7727.117\chromedriver-win32/chromedriver.exe] found in cache
2026-05-09 12:58:44,376 - INFO - Accepted consent popup.
2026-05-09 12:58:52,632 - INFO - Average attendance extracted: 734
2026-05-09 12:58:59,625 - INFO - [Team: Juventus Next Gen] manager \u2192 Massimo Brambilla (Wikipedia)
2026-05-09 12:58:59,626 - INFO - [Team: Juventus Next Gen] founded \u2192 2018-01-01 (Transfermarkt/Wikipedia)
2026-05-09 12:58:59,626 - INFO - [Team: Juventus Next Gen] tier \u2192 3 (Transfermarkt/JSON)
2026-05-09 12:58:59,626 - INFO - Updated team: Juventus Next Gen
2026-05-09 12:59:03,684 - INFO - Finished processing Juventus Next Gen
2026-05-09 12:59:03,684 - INFO - -----------------------------------------
2026-05-09 12:59:03,684 - INFO - Processing team: SS Arezzo
2026-05-09 12:59:04,092 - INFO - [City population DEBUG] row header='Country' value='Italy'
2026-05-09 12:59:04,092 - INFO - [City population DEBUG] row header='Region' value='Tuscany'
2026-05-09 12:59:04,093 - INFO - [City population DEBUG] row header='Province' value='Arezzo (AR)'
2026-05-09 12:59:04,093 - INFO - [City population DEBUG] row header='Frazioni' value='see list'
2026-05-09 12:59:04,093 - INFO - [City population DEBUG] row header='• Mayor' value='Alessandro Ghinelli'
2026-05-09 12:59:04,093 - INFO - [City population DEBUG] row header='• Total' value='386.25 km 2 (149.13 sq mi)'
2026-05-09 12:59:04,093 - INFO - [City population DEBUG] row header='Elevation' value='296 m (971 ft)'
2026-05-09 12:59:04,093 - INFO - [City population DEBUG] row header='• Total' value='100,734'
2026-05-09 12:59:04,094 - INFO - [City population] Candidate from row '• Total': 100734
2026-05-09 12:59:04,094 - INFO - [City population DEBUG] row header='• Density' value='260.80/km 2 (675.47/sq mi)'
2026-05-09 12:59:04,094 - INFO - [City population DEBUG] row header='Demonym' value='Aretini'
2026-05-09 12:59:04,094 - INFO - [City population DEBUG] row header='Time zone' value='UTC+1 ( CET )'
2026-05-09 12:59:04,094 - INFO - [City population DEBUG] row header='• Summer ( DST )' value='UTC+2 ( CEST )'
2026-05-09 12:59:04,094 - INFO - [City population DEBUG] row header='Postal code' value='52100'
2026-05-09 12:59:04,094 - INFO - [City population DEBUG] row header='Dialing code' value='0575'
2026-05-09 12:59:04,094 - INFO - [City population DEBUG] row header='Patron saint' value='Saint Donatus of Arezzo'
2026-05-09 12:59:04,095 - INFO - [City population DEBUG] row header='Saint day' value='7 August'
2026-05-09 12:59:04,095 - INFO - [City population DEBUG] row header='Website' value='Official website'
2026-05-09 12:59:04,095 - INFO - [City population] Found from municipality/comune candidate: 100734
2026-05-09 12:59:04,835 - INFO - [City: Arezzo] population \u2192 100734 (Wikipedia)
2026-05-09 12:59:04,836 - INFO - [City: Arezzo] image \u2192 https://upload.wikimedia.org/wikipedia/commons/thumb/3/3f/Piazza_Grande%2C_Arezzo.JPG/330px-Piazza_Grande%2C_Arezzo.JPG (Wikipedia)
2026-05-09 12:59:04,840 - INFO - Updated city: Arezzo
2026-05-09 12:59:05,369 - INFO - ====== WebDriver manager ======
2026-05-09 12:59:06,718 - INFO - Get LATEST chromedriver version for google-chrome
2026-05-09 12:59:06,791 - INFO - Get LATEST chromedriver version for google-chrome
2026-05-09 12:59:06,875 - INFO - Driver [C:\Users\marco\.wdm\drivers\chromedriver\win64\147.0.7727.117\chromedriver-win32/chromedriver.exe] found in cache
2026-05-09 12:59:18,860 - INFO - Accepted consent popup.
2026-05-09 12:59:25,338 - INFO - [Stadium: Città di Arezzo] capacity \u2192 13128 (Transfermarkt/Wikipedia)
2026-05-09 12:59:25,338 - INFO - [Stadium: Città di Arezzo] year \u2192 1961 (Transfermarkt/Wikipedia)
2026-05-09 12:59:25,339 - INFO - [Stadium: Città di Arezzo] latitude \u2192 43.45111 (Wikipedia)
2026-05-09 12:59:25,339 - INFO - [Stadium: Città di Arezzo] longitude \u2192 11.89444 (Wikipedia)
2026-05-09 12:59:25,339 - INFO - [Stadium: Città di Arezzo] image \u2192 https://upload.wikimedia.org/wikipedia/commons/thumb/9/9a/Stadio_Citt%C3%A0_di_Arezzo.jpg/250px-Stadio_Citt%C3%A0_di_Arezzo.jpg (Wikipedia)
2026-05-09 12:59:25,339 - INFO - [Stadium: Città di Arezzo] owner_raw \u2192 Municipality of Arezzo (Wikipedia)
2026-05-09 12:59:25,339 - INFO - [Stadium: Città di Arezzo] ownership \u2192 PUBLIC (Wikipedia)
2026-05-09 12:59:25,343 - INFO - Updated stadium: Città di Arezzo
2026-05-09 12:59:30,138 - INFO - ====== WebDriver manager ======
2026-05-09 12:59:31,441 - INFO - Get LATEST chromedriver version for google-chrome
2026-05-09 12:59:31,511 - INFO - Get LATEST chromedriver version for google-chrome
2026-05-09 12:59:31,580 - INFO - Driver [C:\Users\marco\.wdm\drivers\chromedriver\win64\147.0.7727.117\chromedriver-win32/chromedriver.exe] found in cache
2026-05-09 12:59:43,234 - INFO - Accepted consent popup.
2026-05-09 12:59:58,743 - INFO - ====== WebDriver manager ======
2026-05-09 13:00:00,241 - INFO - Get LATEST chromedriver version for google-chrome
2026-05-09 13:00:00,310 - INFO - Get LATEST chromedriver version for google-chrome
2026-05-09 13:00:00,386 - INFO - Driver [C:\Users\marco\.wdm\drivers\chromedriver\win64\147.0.7727.117\chromedriver-win32/chromedriver.exe] found in cache
2026-05-09 13:00:13,156 - INFO - Accepted consent popup.
2026-05-09 13:00:15,344 - INFO - Average attendance extracted: 2761
2026-05-09 13:00:23,931 - INFO - [Team: SS Arezzo] manager \u2192 Cristian Bucchi (Wikipedia)
2026-05-09 13:00:23,931 - INFO - [Team: SS Arezzo] founded \u2192 1923-01-01 (Transfermarkt/Wikipedia)
2026-05-09 13:00:23,932 - INFO - [Team: SS Arezzo] tier \u2192 3 (Transfermarkt/JSON)
2026-05-09 13:00:23,932 - INFO - Updated team: SS Arezzo
2026-05-09 13:00:28,008 - INFO - Finished processing SS Arezzo
2026-05-09 13:00:28,008 - INFO - -----------------------------------------
2026-05-09 13:00:28,008 - INFO - Processing team: Ascoli Calcio
2026-05-09 13:00:28,408 - INFO - [City population DEBUG] row header='Country' value='Italy'
2026-05-09 13:00:28,408 - INFO - [City population DEBUG] row header='Region' value='Marche'
2026-05-09 13:00:28,408 - INFO - [City population DEBUG] row header='Province' value='Ascoli Piceno (AP)'
2026-05-09 13:00:28,409 - INFO - [City population DEBUG] row header='Frazioni' value='see list'
2026-05-09 13:00:28,409 - INFO - [City population DEBUG] row header='• Total' value='160 km 2 (62 sq mi)'
2026-05-09 13:00:28,409 - INFO - [City population DEBUG] row header='Elevation' value='154 m (505 ft)'
2026-05-09 13:00:28,409 - INFO - [City population DEBUG] row header='• Total' value='45,193'
2026-05-09 13:00:28,409 - INFO - [City population] Candidate from row '• Total': 45193
2026-05-09 13:00:28,409 - INFO - [City population DEBUG] row header='• Density' value='280/km 2 (730/sq mi)'
2026-05-09 13:00:28,410 - INFO - [City population DEBUG] row header='Demonym' value='Ascolani'
2026-05-09 13:00:28,410 - INFO - [City population DEBUG] row header='Time zone' value='UTC+1 ( CET )'
2026-05-09 13:00:28,410 - INFO - [City population DEBUG] row header='• Summer ( DST )' value='UTC+2 ( CEST )'
2026-05-09 13:00:28,410 - INFO - [City population DEBUG] row header='Patron saint' value='St. Emygdius'
2026-05-09 13:00:28,410 - INFO - [City population DEBUG] row header='Saint day' value='5 August'
2026-05-09 13:00:28,410 - INFO - [City population DEBUG] row header='Website' value='Official website'
2026-05-09 13:00:28,411 - INFO - [City population] Found from municipality/comune candidate: 45193
2026-05-09 13:00:28,890 - INFO - [City: Ascoli Piceno] population \u2192 45193 (Wikipedia)
2026-05-09 13:00:28,890 - INFO - [City: Ascoli Piceno] image \u2192 https://upload.wikimedia.org/wikipedia/commons/thumb/c/ce/Centro_storico%2C_63100_Ascoli_Piceno_AP%2C_Italy_-_panoramio_%2817%29.jpg/250px-Centro_storico%2C_63100_Ascoli_Piceno_AP%2C_Italy_-_panoramio_%2817%29.jpg (Wikipedia)
2026-05-09 13:00:28,892 - INFO - Updated city: Ascoli Piceno
2026-05-09 13:00:29,445 - INFO - ====== WebDriver manager ======
2026-05-09 13:00:30,730 - INFO - Get LATEST chromedriver version for google-chrome
2026-05-09 13:00:30,799 - INFO - Get LATEST chromedriver version for google-chrome
2026-05-09 13:00:30,870 - INFO - Driver [C:\Users\marco\.wdm\drivers\chromedriver\win64\147.0.7727.117\chromedriver-win32/chromedriver.exe] found in cache
2026-05-09 13:00:42,280 - INFO - Accepted consent popup.
2026-05-09 13:00:50,101 - INFO - [Stadium: Cino e Lillo Del Duca] capacity \u2192 20550 (Transfermarkt/Wikipedia)
2026-05-09 13:00:50,101 - INFO - [Stadium: Cino e Lillo Del Duca] year \u2192 1962 (Transfermarkt/Wikipedia)
2026-05-09 13:00:50,101 - INFO - [Stadium: Cino e Lillo Del Duca] latitude \u2192 42.86111 (Wikipedia)
2026-05-09 13:00:50,101 - INFO - [Stadium: Cino e Lillo Del Duca] longitude \u2192 13.59417 (Wikipedia)
2026-05-09 13:00:50,102 - INFO - [Stadium: Cino e Lillo Del Duca] image \u2192 https://upload.wikimedia.org/wikipedia/commons/thumb/5/5a/Del_dica.jpeg/250px-Del_dica.jpeg (Wikipedia)
2026-05-09 13:00:50,102 - INFO - [Stadium: Cino e Lillo Del Duca] owner_raw \u2192 Municipality of Ascoli Piceno (Wikipedia)
2026-05-09 13:00:50,102 - INFO - [Stadium: Cino e Lillo Del Duca] ownership \u2192 PUBLIC (Wikipedia)
2026-05-09 13:00:50,105 - INFO - Updated stadium: Cino e Lillo Del Duca
2026-05-09 13:00:54,955 - INFO - ====== WebDriver manager ======
2026-05-09 13:00:56,293 - INFO - Get LATEST chromedriver version for google-chrome
2026-05-09 13:00:56,365 - INFO - Get LATEST chromedriver version for google-chrome
2026-05-09 13:00:56,428 - INFO - Driver [C:\Users\marco\.wdm\drivers\chromedriver\win64\147.0.7727.117\chromedriver-win32/chromedriver.exe] found in cache
2026-05-09 13:01:06,202 - INFO - Accepted consent popup.
2026-05-09 13:01:21,515 - INFO - ====== WebDriver manager ======
2026-05-09 13:01:22,884 - INFO - Get LATEST chromedriver version for google-chrome
2026-05-09 13:01:22,961 - INFO - Get LATEST chromedriver version for google-chrome
2026-05-09 13:01:23,036 - INFO - Driver [C:\Users\marco\.wdm\drivers\chromedriver\win64\147.0.7727.117\chromedriver-win32/chromedriver.exe] found in cache
2026-05-09 13:01:34,999 - INFO - Accepted consent popup.
2026-05-09 13:01:39,024 - INFO - Average attendance extracted: 4686
2026-05-09 13:01:45,876 - INFO - [Team: Ascoli Calcio] manager \u2192 Francesco Tomei (Wikipedia)
2026-05-09 13:01:45,876 - INFO - [Team: Ascoli Calcio] founded \u2192 1898-01-01 (Transfermarkt/Wikipedia)
2026-05-09 13:01:45,876 - INFO - [Team: Ascoli Calcio] tier \u2192 3 (Transfermarkt/JSON)
2026-05-09 13:01:45,876 - INFO - Updated team: Ascoli Calcio
2026-05-09 13:01:49,913 - INFO - Finished processing Ascoli Calcio
2026-05-09 13:01:49,913 - INFO - -----------------------------------------
2026-05-09 13:01:49,913 - INFO - Processing team: Ternana Calcio
2026-05-09 13:01:50,462 - INFO - [City population DEBUG] row header='Country' value='Italy'
2026-05-09 13:01:50,462 - INFO - [City population DEBUG] row header='Region' value='Umbria'
2026-05-09 13:01:50,463 - INFO - [City population DEBUG] row header='Province' value='Terni (TR)'
2026-05-09 13:01:50,463 - INFO - [City population DEBUG] row header='Frazioni' value='Acquapalombo, Appecano, Battiferro, Cecalocco, Cesi, Collegiacone, Collescipoli, Collestatte, Giuncano Alto, Giuncano Scalo, Marmore, Miranda, Papigno, Piediluco, Poggio Lavarino, Polenaco, Porzano, Pracchia, Rocca San Zenone, San Carlo, San Liberatore, Titurano, Torreorsina'
2026-05-09 13:01:50,463 - INFO - [City population DEBUG] row header='• Mayor' value='Stefano Bandecchi'
2026-05-09 13:01:50,463 - INFO - [City population DEBUG] row header='• Total' value='211.9 km 2 (81.8 sq mi)'
2026-05-09 13:01:50,463 - INFO - [City population DEBUG] row header='Elevation' value='130 m (430 ft)'
2026-05-09 13:01:50,463 - INFO - [City population DEBUG] row header='• Total' value='106,065'
2026-05-09 13:01:50,464 - INFO - [City population] Candidate from row '• Total': 106065
2026-05-09 13:01:50,464 - INFO - [City population DEBUG] row header='• Density' value='500.5/km 2 (1,296/sq mi)'
2026-05-09 13:01:50,464 - INFO - [City population DEBUG] row header='Demonym' value='Ternani'
2026-05-09 13:01:50,464 - INFO - [City population DEBUG] row header='Time zone' value='UTC+1 ( CET )'
2026-05-09 13:01:50,464 - INFO - [City population DEBUG] row header='• Summer ( DST )' value='UTC+2 ( CEST )'
2026-05-09 13:01:50,464 - INFO - [City population DEBUG] row header='Patron saint' value='Saint Valentine'
2026-05-09 13:01:50,464 - INFO - [City population DEBUG] row header='Saint day' value='February 14'
2026-05-09 13:01:50,465 - INFO - [City population DEBUG] row header='Website' value='Official website'
2026-05-09 13:01:50,465 - INFO - [City population] Found from municipality/comune candidate: 106065
2026-05-09 13:01:51,061 - INFO - [City: Terni] population \u2192 106065 (Wikipedia)
2026-05-09 13:01:51,061 - INFO - [City: Terni] image \u2192 https://upload.wikimedia.org/wikipedia/commons/thumb/4/44/Terni_Collage.png/500px-Terni_Collage.png (Wikipedia)
2026-05-09 13:01:51,063 - INFO - Updated city: Terni
2026-05-09 13:01:51,657 - INFO - ====== WebDriver manager ======
2026-05-09 13:01:53,170 - INFO - Get LATEST chromedriver version for google-chrome
2026-05-09 13:01:53,252 - INFO - Get LATEST chromedriver version for google-chrome
2026-05-09 13:01:53,326 - INFO - Driver [C:\Users\marco\.wdm\drivers\chromedriver\win64\147.0.7727.117\chromedriver-win32/chromedriver.exe] found in cache
2026-05-09 13:02:05,223 - INFO - Accepted consent popup.
2026-05-09 13:02:17,490 - INFO - [Stadium: Libero Liberati] capacity \u2192 14995 (Transfermarkt/Wikipedia)
2026-05-09 13:02:17,490 - INFO - [Stadium: Libero Liberati] year \u2192 1969 (Transfermarkt/Wikipedia)
2026-05-09 13:02:17,491 - INFO - [Stadium: Libero Liberati] latitude \u2192 42.56222 (Wikipedia)
2026-05-09 13:02:17,491 - INFO - [Stadium: Libero Liberati] longitude \u2192 12.63528 (Wikipedia)
2026-05-09 13:02:17,491 - INFO - [Stadium: Libero Liberati] image \u2192 https://tmssl.akamaized.net//images/foto/stadionnormal/stadio-liberati-ternana-fans-1731399508-153945.jpg?lm=1731399527 (Wikipedia)
2026-05-09 13:02:17,491 - INFO - [Stadium: Libero Liberati] owner_raw \u2192 Municipality of Terni (Wikipedia)
2026-05-09 13:02:17,491 - INFO - [Stadium: Libero Liberati] ownership \u2192 PUBLIC (Wikipedia)
2026-05-09 13:02:17,504 - INFO - Updated stadium: Libero Liberati
2026-05-09 13:02:22,323 - INFO - ====== WebDriver manager ======
2026-05-09 13:02:23,781 - INFO - Get LATEST chromedriver version for google-chrome
2026-05-09 13:02:23,851 - INFO - Get LATEST chromedriver version for google-chrome
2026-05-09 13:02:23,918 - INFO - Driver [C:\Users\marco\.wdm\drivers\chromedriver\win64\147.0.7727.117\chromedriver-win32/chromedriver.exe] found in cache
2026-05-09 13:02:33,901 - INFO - Accepted consent popup.
2026-05-09 13:02:49,337 - INFO - ====== WebDriver manager ======
2026-05-09 13:02:51,918 - INFO - Get LATEST chromedriver version for google-chrome
2026-05-09 13:02:52,003 - INFO - Get LATEST chromedriver version for google-chrome
2026-05-09 13:02:52,078 - INFO - Driver [C:\Users\marco\.wdm\drivers\chromedriver\win64\147.0.7727.117\chromedriver-win32/chromedriver.exe] found in cache
2026-05-09 13:03:05,227 - INFO - Accepted consent popup.
2026-05-09 13:03:15,978 - INFO - Average attendance extracted: 4846
2026-05-09 13:03:23,320 - INFO - [Team: Ternana Calcio] manager \u2192 Fabio Liverani (Wikipedia)
2026-05-09 13:03:23,320 - INFO - [Team: Ternana Calcio] founded \u2192 1925-01-01 (Transfermarkt/Wikipedia)
2026-05-09 13:03:23,321 - INFO - [Team: Ternana Calcio] tier \u2192 3 (Transfermarkt/JSON)
2026-05-09 13:03:23,321 - INFO - Updated team: Ternana Calcio
2026-05-09 13:03:27,403 - INFO - Finished processing Ternana Calcio
2026-05-09 13:03:27,403 - INFO - -----------------------------------------
2026-05-09 13:03:27,403 - INFO - Processing team: Ravenna FC
2026-05-09 13:03:28,195 - INFO - [City population DEBUG] row header='Country' value='Italy'
2026-05-09 13:03:28,196 - INFO - [City population DEBUG] row header='Region' value='Emilia-Romagna'
2026-05-09 13:03:28,197 - INFO - [City population DEBUG] row header='Province' value='Ravenna (RA)'
2026-05-09 13:03:28,198 - INFO - [City population DEBUG] row header='Founded' value='circa 500 BC'
2026-05-09 13:03:28,200 - INFO - [City population DEBUG] row header='Frazioni' value='(subdivisions) Casalborsetti, Lido di Savio, Lido di Classe, Lido di Dante, Lido Adriano, Marina di Ravenna, Punta Marina Terme, Porto Corsini, Porto Fuori, Marina Romea , Ammonite, Camerlona, Mandriole, Savarna, Grattacoppa, Conventello, Torri, Mezzano, Sant'Antonio, San Romualdo, Sant'Alberto, Borgo Montone, Fornace Zarattini, Piangipane, San Marco, San Michele, Santerno, Villanova di Ravenna, Borgo Sisa, Bastia, Borgo Faina, Carraie, Campiano, Casemurate, Caserma, Castiglione di Ravenna, Classe, Coccolia, Ducenta, Durazzano, Filetto, Fosso Ghiaia, Gambellara, Ghibullo, Longana, Madonna dell'Albero, Massa Castello, Mensa Matellica, Osteria, Pilastro, Roncalceci, Ragone, Santo Stefano, San Bartolo, San Zaccaria, Savio, S. Pietro in Trento, San Pietro in Vincoli, San Pietro in Campiano'
2026-05-09 13:03:28,201 - INFO - [City population DEBUG] row header='• Mayor' value='Alessandro Barattoni ( PD )'
2026-05-09 13:03:28,204 - INFO - [City population DEBUG] row header='• Total' value='652.89 km 2 (252.08 sq mi)'
2026-05-09 13:03:28,205 - INFO - [City population DEBUG] row header='Elevation' value='4 m (13 ft)'
2026-05-09 13:03:28,206 - INFO - [City population DEBUG] row header='• Total' value='156,444'
2026-05-09 13:03:28,206 - INFO - [City population] Candidate from row '• Total': 156444
2026-05-09 13:03:28,206 - INFO - [City population DEBUG] row header='• Density' value='239.62/km 2 (620.61/sq mi)'
2026-05-09 13:03:28,206 - INFO - [City population DEBUG] row header='Demonym(s)' value='Ravennate, Ravennese [ 3 ]'
2026-05-09 13:03:28,207 - INFO - [City population DEBUG] row header='Time zone' value='UTC+1 ( CET )'
2026-05-09 13:03:28,207 - INFO - [City population DEBUG] row header='• Summer ( DST )' value='UTC+2 ( CEST )'
2026-05-09 13:03:28,207 - INFO - [City population DEBUG] row header='Postal code' value='48100'
2026-05-09 13:03:28,208 - INFO - [City population DEBUG] row header='Dialing code' value='0544'
2026-05-09 13:03:28,208 - INFO - [City population DEBUG] row header='Patron saint' value='Saint Apollinaris'
2026-05-09 13:03:28,209 - INFO - [City population DEBUG] row header='Saint day' value='23 July'
2026-05-09 13:03:28,209 - INFO - [City population DEBUG] row header='Website' value='Official website'
2026-05-09 13:03:28,209 - INFO - [City population] Found from municipality/comune candidate: 156444
2026-05-09 13:03:29,606 - INFO - [City: Ravenna] population \u2192 156444 (Wikipedia)
2026-05-09 13:03:29,606 - INFO - [City: Ravenna] image \u2192 https://upload.wikimedia.org/wikipedia/commons/thumb/d/d5/Ravenna_Cattedrale_Metropolitana_della_Risurrezione_di_Nostro_Signore_Ges%C3%B9_Cristo_Esterno_Lato_Nord_1.jpg/330px-Ravenna_Cattedrale_Metropolitana_della_Risurrezione_di_Nostro_Signore_Ges%C3%B9_Cristo_Esterno_Lato_Nord_1.jpg (Wikipedia)
2026-05-09 13:03:29,614 - INFO - Updated city: Ravenna
2026-05-09 13:03:30,579 - INFO - ====== WebDriver manager ======
2026-05-09 13:03:32,702 - INFO - Get LATEST chromedriver version for google-chrome
2026-05-09 13:03:32,782 - INFO - Get LATEST chromedriver version for google-chrome
2026-05-09 13:03:32,851 - INFO - Driver [C:\Users\marco\.wdm\drivers\chromedriver\win64\147.0.7727.117\chromedriver-win32/chromedriver.exe] found in cache
2026-05-09 13:03:44,285 - INFO - Accepted consent popup.
2026-05-09 13:03:53,846 - INFO - [Stadium: Bruno Benelli] capacity \u2192 12020 (Transfermarkt/Wikipedia)
2026-05-09 13:03:53,846 - INFO - [Stadium: Bruno Benelli] year \u2192 1966 (Transfermarkt/Wikipedia)
2026-05-09 13:03:53,846 - INFO - [Stadium: Bruno Benelli] latitude \u2192 44.40639 (Wikipedia)
2026-05-09 13:03:53,846 - INFO - [Stadium: Bruno Benelli] longitude \u2192 12.19472 (Wikipedia)
2026-05-09 13:03:53,846 - INFO - [Stadium: Bruno Benelli] image \u2192 https://upload.wikimedia.org/wikipedia/commons/thumb/7/7c/Stadio_Benelli_Ravenna_1.JPG/330px-Stadio_Benelli_Ravenna_1.JPG (Wikipedia)
2026-05-09 13:03:53,846 - INFO - [Stadium: Bruno Benelli] owner_raw \u2192 Municipality of Ravenna (Wikipedia)
2026-05-09 13:03:53,846 - INFO - [Stadium: Bruno Benelli] ownership \u2192 PUBLIC (Wikipedia)
2026-05-09 13:03:53,851 - INFO - Updated stadium: Bruno Benelli
2026-05-09 13:03:58,642 - INFO - ====== WebDriver manager ======
2026-05-09 13:04:00,084 - INFO - Get LATEST chromedriver version for google-chrome
2026-05-09 13:04:00,155 - INFO - Get LATEST chromedriver version for google-chrome
2026-05-09 13:04:00,224 - INFO - Driver [C:\Users\marco\.wdm\drivers\chromedriver\win64\147.0.7727.117\chromedriver-win32/chromedriver.exe] found in cache
2026-05-09 13:04:12,805 - INFO - Accepted consent popup.
2026-05-09 13:04:28,023 - INFO - ====== WebDriver manager ======
2026-05-09 13:04:30,702 - INFO - Get LATEST chromedriver version for google-chrome
2026-05-09 13:04:30,771 - INFO - Get LATEST chromedriver version for google-chrome
2026-05-09 13:04:30,844 - INFO - Driver [C:\Users\marco\.wdm\drivers\chromedriver\win64\147.0.7727.117\chromedriver-win32/chromedriver.exe] found in cache
2026-05-09 13:04:42,573 - INFO - Accepted consent popup.
2026-05-09 13:04:54,433 - INFO - Average attendance extracted: 3158
2026-05-09 13:05:01,543 - INFO - [Team: Ravenna FC] manager \u2192 Andrea Mandorlini (Wikipedia)
2026-05-09 13:05:01,543 - INFO - [Team: Ravenna FC] founded \u2192 1913-01-01 (Transfermarkt/Wikipedia)
2026-05-09 13:05:01,543 - INFO - [Team: Ravenna FC] tier \u2192 3 (Transfermarkt/JSON)
2026-05-09 13:05:01,544 - INFO - Updated team: Ravenna FC
2026-05-09 13:05:05,608 - INFO - Finished processing Ravenna FC
2026-05-09 13:05:05,608 - INFO - -----------------------------------------
2026-05-09 13:05:05,609 - INFO - Processing team: AC Perugia Calcio
2026-05-09 13:05:06,528 - INFO - [City population DEBUG] row header='Country' value='Italy'
2026-05-09 13:05:06,529 - INFO - [City population DEBUG] row header='Region' value='Umbria'
2026-05-09 13:05:06,529 - INFO - [City population DEBUG] row header='Province' value='Perugia (PG)'
2026-05-09 13:05:06,529 - INFO - [City population DEBUG] row header='Frazioni' value='See list'
2026-05-09 13:05:06,530 - INFO - [City population DEBUG] row header='• Mayor' value='Vittoria Ferdinandi ( Ind. )'
2026-05-09 13:05:06,530 - INFO - [City population DEBUG] row header='• Total' value='449.5 km 2 (173.6 sq mi)'
2026-05-09 13:05:06,530 - INFO - [City population DEBUG] row header='Elevation' value='493 m (1,617 ft)'
2026-05-09 13:05:06,530 - INFO - [City population DEBUG] row header='• Total' value='162,467'
2026-05-09 13:05:06,530 - INFO - [City population] Candidate from row '• Total': 162467
2026-05-09 13:05:06,531 - INFO - [City population DEBUG] row header='• Density' value='361.4/km 2 (936.1/sq mi)'
2026-05-09 13:05:06,531 - INFO - [City population DEBUG] row header='Demonym' value='Perugino'
2026-05-09 13:05:06,531 - INFO - [City population DEBUG] row header='Time zone' value='UTC+1 ( CET )'
2026-05-09 13:05:06,531 - INFO - [City population DEBUG] row header='• Summer ( DST )' value='UTC+2 ( CEST )'
2026-05-09 13:05:06,531 - INFO - [City population DEBUG] row header='Postal code' value='06100'
2026-05-09 13:05:06,531 - INFO - [City population DEBUG] row header='Dialing code' value='075'
2026-05-09 13:05:06,532 - INFO - [City population DEBUG] row header='Patron saint' value='St. Constantius St. Herculanus St. Lawrence'
2026-05-09 13:05:06,532 - INFO - [City population DEBUG] row header='Saint day' value='29 January'
2026-05-09 13:05:06,532 - INFO - [City population DEBUG] row header='Website' value='Official website'
2026-05-09 13:05:06,532 - INFO - [City population] Found from municipality/comune candidate: 162467
2026-05-09 13:05:09,616 - INFO - [City: Perugia] population \u2192 162467 (Wikipedia)
2026-05-09 13:05:09,624 - INFO - [City: Perugia] image \u2192 https://upload.wikimedia.org/wikipedia/commons/thumb/9/93/Perugia_-_Comune_di_Perugia_-_2023-09-27_14-34-59_003.jpeg/330px-Perugia_-_Comune_di_Perugia_-_2023-09-27_14-34-59_003.jpeg (Wikipedia)
2026-05-09 13:05:09,629 - INFO - Updated city: Perugia
2026-05-09 13:05:12,190 - INFO - ====== WebDriver manager ======
2026-05-09 13:05:14,491 - INFO - Get LATEST chromedriver version for google-chrome
2026-05-09 13:05:14,566 - INFO - Get LATEST chromedriver version for google-chrome
2026-05-09 13:05:14,646 - INFO - Driver [C:\Users\marco\.wdm\drivers\chromedriver\win64\147.0.7727.117\chromedriver-win32/chromedriver.exe] found in cache
2026-05-09 13:05:27,750 - INFO - Accepted consent popup.
2026-05-09 13:05:36,831 - INFO - [Stadium: Renato Curi] capacity \u2192 28000 (Transfermarkt/Wikipedia)
2026-05-09 13:05:36,831 - INFO - [Stadium: Renato Curi] year \u2192 1975 (Transfermarkt/Wikipedia)
2026-05-09 13:05:36,831 - INFO - [Stadium: Renato Curi] latitude \u2192 43.10611 (Wikipedia)
2026-05-09 13:05:36,831 - INFO - [Stadium: Renato Curi] longitude \u2192 12.35722 (Wikipedia)
2026-05-09 13:05:36,831 - INFO - [Stadium: Renato Curi] image \u2192 https://upload.wikimedia.org/wikipedia/commons/thumb/2/23/Stadio_Renato_Curi.JPG/250px-Stadio_Renato_Curi.JPG (Wikipedia)
2026-05-09 13:05:36,832 - INFO - [Stadium: Renato Curi] owner_raw \u2192 Municipality of Perugia (Wikipedia)
2026-05-09 13:05:36,832 - INFO - [Stadium: Renato Curi] ownership \u2192 PUBLIC (Wikipedia)
2026-05-09 13:05:36,846 - INFO - Updated stadium: Renato Curi
2026-05-09 13:05:41,922 - INFO - ====== WebDriver manager ======
2026-05-09 13:05:43,695 - INFO - Get LATEST chromedriver version for google-chrome
2026-05-09 13:05:43,765 - INFO - Get LATEST chromedriver version for google-chrome
2026-05-09 13:05:43,828 - INFO - Driver [C:\Users\marco\.wdm\drivers\chromedriver\win64\147.0.7727.117\chromedriver-win32/chromedriver.exe] found in cache
2026-05-09 13:05:55,946 - INFO - Accepted consent popup.
2026-05-09 13:06:13,320 - INFO - ====== WebDriver manager ======
2026-05-09 13:06:14,689 - INFO - Get LATEST chromedriver version for google-chrome
2026-05-09 13:06:14,766 - INFO - Get LATEST chromedriver version for google-chrome
2026-05-09 13:06:14,833 - INFO - Driver [C:\Users\marco\.wdm\drivers\chromedriver\win64\147.0.7727.117\chromedriver-win32/chromedriver.exe] found in cache
2026-05-09 13:06:26,412 - INFO - Accepted consent popup.
2026-05-09 13:06:31,878 - INFO - Average attendance extracted: 4269
2026-05-09 13:06:38,489 - INFO - [Team: AC Perugia Calcio] manager \u2192 Giovanni Tedesco [ 3 ] (Wikipedia)
2026-05-09 13:06:38,490 - INFO - [Team: AC Perugia Calcio] founded \u2192 1905-01-01 (Transfermarkt/Wikipedia)
2026-05-09 13:06:38,490 - INFO - [Team: AC Perugia Calcio] tier \u2192 3 (Transfermarkt/JSON)
2026-05-09 13:06:38,490 - INFO - Updated team: AC Perugia Calcio
2026-05-09 13:06:42,550 - INFO - Finished processing AC Perugia Calcio
2026-05-09 13:06:42,550 - INFO - -----------------------------------------
2026-05-09 13:06:42,550 - INFO - Processing team: Forlì FC
2026-05-09 13:06:42,865 - INFO - [City population DEBUG] row header='Country' value='Italy'
2026-05-09 13:06:42,865 - INFO - [City population DEBUG] row header='Region' value='Emilia-Romagna'
2026-05-09 13:06:42,865 - INFO - [City population DEBUG] row header='Province' value='Forlì-Cesena (FC)'
2026-05-09 13:06:42,866 - INFO - [City population DEBUG] row header='Frazioni' value='see list'
2026-05-09 13:06:42,866 - INFO - [City population DEBUG] row header='• Mayor' value='Gian Luca Zattini'
2026-05-09 13:06:42,866 - INFO - [City population DEBUG] row header='• Total' value='228.2 km 2 (88.1 sq mi)'
2026-05-09 13:06:42,866 - INFO - [City population DEBUG] row header='Elevation' value='34 m (112 ft)'
2026-05-09 13:06:42,866 - INFO - [City population DEBUG] row header='• Total' value='116,700'
2026-05-09 13:06:42,866 - INFO - [City population] Candidate from row '• Total': 116700
2026-05-09 13:06:42,866 - INFO - [City population DEBUG] row header='• Density' value='511.4/km 2 (1,325/sq mi)'
2026-05-09 13:06:42,866 - INFO - [City population DEBUG] row header='Demonym' value='Forlivesi'
2026-05-09 13:06:42,866 - INFO - [City population DEBUG] row header='Time zone' value='UTC+1 ( CET )'
2026-05-09 13:06:42,866 - INFO - [City population DEBUG] row header='• Summer ( DST )' value='UTC+2 ( CEST )'
2026-05-09 13:06:42,866 - INFO - [City population DEBUG] row header='Postal code' value='47121-47122'
2026-05-09 13:06:42,867 - INFO - [City population DEBUG] row header='Dialing code' value='0543'
2026-05-09 13:06:42,867 - INFO - [City population DEBUG] row header='Patron saint' value='Beata Vergine del Fuoco'
2026-05-09 13:06:42,867 - INFO - [City population DEBUG] row header='Saint day' value='4 February'
2026-05-09 13:06:42,867 - INFO - [City population DEBUG] row header='Website' value='Official website'
2026-05-09 13:06:42,867 - INFO - [City population] Found from municipality/comune candidate: 116700
2026-05-09 13:06:43,526 - INFO - [City: Forlì] population \u2192 116700 (Wikipedia)
2026-05-09 13:06:43,526 - INFO - [City: Forlì] image \u2192 https://upload.wikimedia.org/wikipedia/commons/thumb/b/bf/Collage_Forl%C3%AC.jpg/250px-Collage_Forl%C3%AC.jpg (Wikipedia)
2026-05-09 13:06:43,528 - INFO - Updated city: Forlì
2026-05-09 13:06:44,145 - ERROR - Error loading Wikipedia page https://en.wikipedia.org/wiki/Stadio_Tullo_Morgagni: 404 Client Error: Not Found for url: https://en.wikipedia.org/wiki/Stadio_Tullo_Morgagni
2026-05-09 13:06:44,823 - INFO - ====== WebDriver manager ======
2026-05-09 13:06:46,065 - INFO - Get LATEST chromedriver version for google-chrome
2026-05-09 13:06:46,133 - INFO - Get LATEST chromedriver version for google-chrome
2026-05-09 13:06:46,201 - INFO - Driver [C:\Users\marco\.wdm\drivers\chromedriver\win64\147.0.7727.117\chromedriver-win32/chromedriver.exe] found in cache
2026-05-09 13:06:56,563 - INFO - Accepted consent popup.
2026-05-09 13:07:02,252 - INFO - [Stadium: Tullo Morgagni] capacity \u2192 3466 (Transfermarkt/Wikipedia)
2026-05-09 13:07:02,253 - INFO - [Stadium: Tullo Morgagni] year \u2192 1923 (Transfermarkt/Wikipedia)
2026-05-09 13:07:02,253 - WARNING - [Stadium: Tullo Morgagni] latitude \u2192 NOT FOUND
2026-05-09 13:07:02,253 - WARNING - [Stadium: Tullo Morgagni] longitude \u2192 NOT FOUND
2026-05-09 13:07:02,253 - WARNING - [Stadium: Tullo Morgagni] image \u2192 NOT FOUND
2026-05-09 13:07:02,253 - WARNING - [Stadium: Tullo Morgagni] owner_raw \u2192 NOT FOUND
2026-05-09 13:07:02,253 - WARNING - [Stadium: Tullo Morgagni] ownership \u2192 NOT FOUND
2026-05-09 13:07:02,260 - INFO - Updated stadium: Tullo Morgagni
2026-05-09 13:07:06,935 - INFO - ====== WebDriver manager ======
2026-05-09 13:07:08,258 - INFO - Get LATEST chromedriver version for google-chrome
2026-05-09 13:07:08,331 - INFO - Get LATEST chromedriver version for google-chrome
2026-05-09 13:07:08,402 - INFO - Driver [C:\Users\marco\.wdm\drivers\chromedriver\win64\147.0.7727.117\chromedriver-win32/chromedriver.exe] found in cache
2026-05-09 13:07:20,231 - INFO - Accepted consent popup.
2026-05-09 13:07:35,214 - INFO - ====== WebDriver manager ======
2026-05-09 13:07:37,248 - INFO - Get LATEST chromedriver version for google-chrome
2026-05-09 13:07:37,335 - INFO - Get LATEST chromedriver version for google-chrome
2026-05-09 13:07:37,408 - INFO - Driver [C:\Users\marco\.wdm\drivers\chromedriver\win64\147.0.7727.117\chromedriver-win32/chromedriver.exe] found in cache
2026-05-09 13:07:48,403 - INFO - Accepted consent popup.
2026-05-09 13:07:53,968 - INFO - Average attendance extracted: 871
2026-05-09 13:08:01,551 - INFO - [Team: Forlì FC] manager \u2192 Alessandro Miramari (Wikipedia)
2026-05-09 13:08:01,552 - INFO - [Team: Forlì FC] founded \u2192 1919-01-01 (Transfermarkt/Wikipedia)
2026-05-09 13:08:01,552 - INFO - [Team: Forlì FC] tier \u2192 3 (Transfermarkt/JSON)
2026-05-09 13:08:01,552 - INFO - Updated team: Forlì FC
2026-05-09 13:08:05,613 - INFO - Finished processing Forlì FC
2026-05-09 13:08:05,613 - INFO - -----------------------------------------
2026-05-09 13:08:05,613 - INFO - Processing team: US Città di Pontedera
2026-05-09 13:08:05,919 - INFO - [City population DEBUG] row header='Country' value='Italy'
2026-05-09 13:08:05,919 - INFO - [City population DEBUG] row header='Region' value='Tuscany'
2026-05-09 13:08:05,919 - INFO - [City population DEBUG] row header='Province' value='Pisa (PI)'
2026-05-09 13:08:05,919 - INFO - [City population DEBUG] row header='Frazioni' value='Gello , Il Romito , La Borra , La Rotta , Montecastello , Pardossi , Santa Lucia , Treggiaia'
2026-05-09 13:08:05,919 - INFO - [City population DEBUG] row header='• Mayor' value='Matteo Franconi, (since May 2019) ( PD )'
2026-05-09 13:08:05,919 - INFO - [City population DEBUG] row header='• Total' value='45.89 km 2 (17.72 sq mi)'
2026-05-09 13:08:05,919 - INFO - [City population DEBUG] row header='Elevation' value='14 m (46 ft)'
2026-05-09 13:08:05,920 - INFO - [City population DEBUG] row header='• Total' value='29,270'
2026-05-09 13:08:05,920 - INFO - [City population] Candidate from row '• Total': 29270
2026-05-09 13:08:05,920 - INFO - [City population DEBUG] row header='• Density' value='637.8/km 2 (1,652/sq mi)'
2026-05-09 13:08:05,920 - INFO - [City population DEBUG] row header='Demonym' value='Pontaderesi (those who were born there) Pontederesi (those who live there)'
2026-05-09 13:08:05,920 - INFO - [City population DEBUG] row header='Time zone' value='UTC+1 ( CET )'
2026-05-09 13:08:05,920 - INFO - [City population DEBUG] row header='• Summer ( DST )' value='UTC+2 ( CEST )'
2026-05-09 13:08:05,920 - INFO - [City population DEBUG] row header='Postal code' value='56025'
2026-05-09 13:08:05,920 - INFO - [City population DEBUG] row header='Dialing code' value='0587'
2026-05-09 13:08:05,920 - INFO - [City population DEBUG] row header='ISTAT code' value='050029'
2026-05-09 13:08:05,920 - INFO - [City population DEBUG] row header='Patron saint' value='San Faustino'
2026-05-09 13:08:05,920 - INFO - [City population DEBUG] row header='Saint day' value='October 10'
2026-05-09 13:08:05,920 - INFO - [City population DEBUG] row header='Website' value='Official website'
2026-05-09 13:08:05,921 - INFO - [City population] Found from municipality/comune candidate: 29270
2026-05-09 13:08:06,406 - INFO - [City: Pontedera] population \u2192 29270 (Wikipedia)
2026-05-09 13:08:06,407 - INFO - [City: Pontedera] image \u2192 https://upload.wikimedia.org/wikipedia/commons/thumb/e/e7/Pontedera%2C_palazzo_pretorio_00.jpg/250px-Pontedera%2C_palazzo_pretorio_00.jpg (Wikipedia)
2026-05-09 13:08:06,410 - INFO - Updated city: Pontedera
2026-05-09 13:08:07,162 - INFO - ====== WebDriver manager ======
2026-05-09 13:08:08,540 - INFO - Get LATEST chromedriver version for google-chrome
2026-05-09 13:08:08,608 - INFO - Get LATEST chromedriver version for google-chrome
2026-05-09 13:08:08,673 - INFO - Driver [C:\Users\marco\.wdm\drivers\chromedriver\win64\147.0.7727.117\chromedriver-win32/chromedriver.exe] found in cache
2026-05-09 13:08:18,375 - INFO - Accepted consent popup.
2026-05-09 13:08:23,276 - INFO - Year not found on Transfermarkt for stadium Ettore Mannucci
2026-05-09 13:08:25,955 - INFO - [Stadium: Ettore Mannucci] capacity \u2192 4014 (Transfermarkt/Wikipedia)
2026-05-09 13:08:25,955 - WARNING - [Stadium: Ettore Mannucci] year \u2192 NOT FOUND
2026-05-09 13:08:25,956 - INFO - [Stadium: Ettore Mannucci] latitude \u2192 43.66917 (Wikipedia)
2026-05-09 13:08:25,956 - INFO - [Stadium: Ettore Mannucci] longitude \u2192 10.64417 (Wikipedia)
2026-05-09 13:08:25,956 - INFO - [Stadium: Ettore Mannucci] image \u2192 https://upload.wikimedia.org/wikipedia/commons/thumb/3/3f/Panoramica_Stadio_Ettore_Mannucci.JPG/250px-Panoramica_Stadio_Ettore_Mannucci.JPG (Wikipedia)
2026-05-09 13:08:25,956 - WARNING - [Stadium: Ettore Mannucci] owner_raw \u2192 NOT FOUND
2026-05-09 13:08:25,956 - INFO - [Stadium: Ettore Mannucci] ownership \u2192 UNKNOWN (Wikipedia)
2026-05-09 13:08:25,963 - INFO - Updated stadium: Ettore Mannucci
2026-05-09 13:08:30,670 - INFO - ====== WebDriver manager ======
2026-05-09 13:08:32,194 - INFO - Get LATEST chromedriver version for google-chrome
2026-05-09 13:08:32,299 - INFO - Get LATEST chromedriver version for google-chrome
2026-05-09 13:08:32,367 - INFO - Driver [C:\Users\marco\.wdm\drivers\chromedriver\win64\147.0.7727.117\chromedriver-win32/chromedriver.exe] found in cache
2026-05-09 13:08:44,027 - INFO - Accepted consent popup.
2026-05-09 13:08:59,557 - INFO - ====== WebDriver manager ======
2026-05-09 13:09:00,993 - INFO - Get LATEST chromedriver version for google-chrome
2026-05-09 13:09:01,066 - INFO - Get LATEST chromedriver version for google-chrome
2026-05-09 13:09:01,137 - INFO - Driver [C:\Users\marco\.wdm\drivers\chromedriver\win64\147.0.7727.117\chromedriver-win32/chromedriver.exe] found in cache
2026-05-09 13:09:13,284 - INFO - Accepted consent popup.
2026-05-09 13:09:17,219 - INFO - Average attendance extracted: 653
2026-05-09 13:09:24,237 - INFO - [Team: US Città di Pontedera] manager \u2192 Leonardo Menichini (Wikipedia)
2026-05-09 13:09:24,237 - INFO - [Team: US Città di Pontedera] founded \u2192 1911-01-01 (Transfermarkt/Wikipedia)
2026-05-09 13:09:24,237 - INFO - [Team: US Città di Pontedera] tier \u2192 3 (Transfermarkt/JSON)
2026-05-09 13:09:24,238 - INFO - Updated team: US Città di Pontedera
2026-05-09 13:09:28,303 - INFO - Finished processing US Città di Pontedera
2026-05-09 13:09:28,303 - INFO - -----------------------------------------
2026-05-09 13:09:28,303 - INFO - Processing team: Atalanta U23
2026-05-09 13:09:28,624 - INFO - [City population DEBUG] row header='Country' value='Italy'
2026-05-09 13:09:28,624 - INFO - [City population DEBUG] row header='Region' value='Lombardy'
2026-05-09 13:09:28,625 - INFO - [City population DEBUG] row header='Province' value='Bergamo (BG)'
2026-05-09 13:09:28,625 - INFO - [City population DEBUG] row header='Frazioni' value='Masano, Vidalengo'
2026-05-09 13:09:28,625 - INFO - [City population DEBUG] row header='• Mayor' value='Claudio Bolandrini'
2026-05-09 13:09:28,625 - INFO - [City population DEBUG] row header='• Total' value='32 km 2 (12 sq mi)'
2026-05-09 13:09:28,626 - INFO - [City population DEBUG] row header='Elevation' value='111 m (364 ft)'
2026-05-09 13:09:28,626 - INFO - [City population DEBUG] row header='• Total' value='16,045'
2026-05-09 13:09:28,626 - INFO - [City population] Candidate from row '• Total': 16045
2026-05-09 13:09:28,626 - INFO - [City population DEBUG] row header='• Density' value='500/km 2 (1,300/sq mi)'
2026-05-09 13:09:28,626 - INFO - [City population DEBUG] row header='Demonym' value='Caravaggini'
2026-05-09 13:09:28,627 - INFO - [City population DEBUG] row header='Time zone' value='UTC+1 ( CET )'
2026-05-09 13:09:28,627 - INFO - [City population DEBUG] row header='• Summer ( DST )' value='UTC+2 ( CEST )'
2026-05-09 13:09:28,627 - INFO - [City population DEBUG] row header='Postal code' value='24043'
2026-05-09 13:09:28,627 - INFO - [City population DEBUG] row header='Dialing code' value='0363'
2026-05-09 13:09:28,627 - INFO - [City population DEBUG] row header='Patron saint' value='SS. Fermo and Rustico'
2026-05-09 13:09:28,628 - INFO - [City population DEBUG] row header='Saint day' value='9 August'
2026-05-09 13:09:28,628 - INFO - [City population DEBUG] row header='Website' value='Official website'
2026-05-09 13:09:28,628 - INFO - [City population] Found from municipality/comune candidate: 16045
2026-05-09 13:09:29,117 - INFO - [City: Caravaggio, Lombardy] population \u2192 16045 (Wikipedia)
2026-05-09 13:09:29,117 - INFO - [City: Caravaggio, Lombardy] image \u2192 https://upload.wikimedia.org/wikipedia/commons/thumb/b/be/Caravaggio%2C_Porta_Nuova.jpg/250px-Caravaggio%2C_Porta_Nuova.jpg (Wikipedia)
2026-05-09 13:09:29,119 - INFO - Updated city: Caravaggio, Lombardy
2026-05-09 13:09:29,120 - INFO - ====== WebDriver manager ======
2026-05-09 13:09:30,444 - INFO - Get LATEST chromedriver version for google-chrome
2026-05-09 13:09:30,528 - INFO - Get LATEST chromedriver version for google-chrome
2026-05-09 13:09:30,602 - INFO - Driver [C:\Users\marco\.wdm\drivers\chromedriver\win64\147.0.7727.117\chromedriver-win32/chromedriver.exe] found in cache
2026-05-09 13:09:41,599 - INFO - Accepted consent popup.
2026-05-09 13:09:50,533 - INFO - [Stadium: Comunale di Caravaggio] capacity \u2192 2180 (Transfermarkt/Wikipedia)
2026-05-09 13:09:50,533 - INFO - [Stadium: Comunale di Caravaggio] year \u2192 1974 (Transfermarkt/Wikipedia)
2026-05-09 13:09:50,533 - WARNING - [Stadium: Comunale di Caravaggio] latitude \u2192 NOT FOUND
2026-05-09 13:09:50,533 - WARNING - [Stadium: Comunale di Caravaggio] longitude \u2192 NOT FOUND
2026-05-09 13:09:50,533 - WARNING - [Stadium: Comunale di Caravaggio] image \u2192 NOT FOUND
2026-05-09 13:09:50,533 - WARNING - [Stadium: Comunale di Caravaggio] owner_raw \u2192 NOT FOUND
2026-05-09 13:09:50,533 - WARNING - [Stadium: Comunale di Caravaggio] ownership \u2192 NOT FOUND
2026-05-09 13:09:50,537 - INFO - Updated stadium: Comunale di Caravaggio
2026-05-09 13:09:54,616 - INFO - ====== WebDriver manager ======
2026-05-09 13:09:55,887 - INFO - Get LATEST chromedriver version for google-chrome
2026-05-09 13:09:55,957 - INFO - Get LATEST chromedriver version for google-chrome
2026-05-09 13:09:56,028 - INFO - Driver [C:\Users\marco\.wdm\drivers\chromedriver\win64\147.0.7727.117\chromedriver-win32/chromedriver.exe] found in cache
2026-05-09 13:10:07,743 - INFO - Accepted consent popup.
2026-05-09 13:10:20,151 - INFO - Founded date not found on Transfermarkt for Atalanta U23; using Wikipedia/JSON fallback
2026-05-09 13:10:23,410 - INFO - ====== WebDriver manager ======
2026-05-09 13:10:24,590 - INFO - Get LATEST chromedriver version for google-chrome
2026-05-09 13:10:24,672 - INFO - Get LATEST chromedriver version for google-chrome
2026-05-09 13:10:24,742 - INFO - Driver [C:\Users\marco\.wdm\drivers\chromedriver\win64\147.0.7727.117\chromedriver-win32/chromedriver.exe] found in cache
2026-05-09 13:10:36,353 - INFO - Accepted consent popup.
2026-05-09 13:10:47,788 - INFO - Average attendance extracted: 383
2026-05-09 13:10:54,879 - WARNING - [Team: Atalanta U23] manager \u2192 NOT FOUND
2026-05-09 13:10:54,879 - WARNING - [Team: Atalanta U23] founded \u2192 NOT FOUND
2026-05-09 13:10:54,879 - INFO - [Team: Atalanta U23] tier \u2192 3 (Transfermarkt/JSON)
2026-05-09 13:10:54,879 - INFO - Updated team: Atalanta U23
2026-05-09 13:10:58,961 - INFO - Finished processing Atalanta U23
2026-05-09 13:10:58,962 - INFO - -----------------------------------------
2026-05-09 13:10:58,962 - INFO - Processing team: Benevento Calcio
2026-05-09 13:10:59,422 - INFO - [City population DEBUG] row header='Country' value='Italy'
2026-05-09 13:10:59,423 - INFO - [City population DEBUG] row header='Region' value='Campania'
2026-05-09 13:10:59,423 - INFO - [City population DEBUG] row header='Province' value='Benevento (BN)'
2026-05-09 13:10:59,423 - INFO - [City population DEBUG] row header='Frazioni' value='see list'
2026-05-09 13:10:59,424 - INFO - [City population DEBUG] row header='• Mayor' value='Clemente Mastella'
2026-05-09 13:10:59,424 - INFO - [City population DEBUG] row header='• Total' value='130 km 2 (50 sq mi)'
2026-05-09 13:10:59,424 - INFO - [City population DEBUG] row header='Elevation' value='135 m (443 ft)'
2026-05-09 13:10:59,424 - INFO - [City population DEBUG] row header='• Total' value='55,319'
2026-05-09 13:10:59,425 - INFO - [City population] Candidate from row '• Total': 55319
2026-05-09 13:10:59,425 - INFO - [City population DEBUG] row header='• Density' value='430/km 2 (1,100/sq mi)'
2026-05-09 13:10:59,425 - INFO - [City population DEBUG] row header='Demonym' value='Beneventani'
2026-05-09 13:10:59,425 - INFO - [City population DEBUG] row header='Time zone' value='UTC+1 ( CET )'
2026-05-09 13:10:59,425 - INFO - [City population DEBUG] row header='• Summer ( DST )' value='UTC+2 ( CEST )'
2026-05-09 13:10:59,425 - INFO - [City population DEBUG] row header='ISTAT code' value='062008'
2026-05-09 13:10:59,426 - INFO - [City population DEBUG] row header='Patron saint' value='St. Bartholomew [ 3 ]'
2026-05-09 13:10:59,426 - INFO - [City population DEBUG] row header='Saint day' value='24 August'
2026-05-09 13:10:59,426 - INFO - [City population DEBUG] row header='Website' value='Official website'
2026-05-09 13:10:59,426 - INFO - [City population DEBUG] row header='Part of' value='Via Appia. Regina Viarum'
2026-05-09 13:10:59,427 - INFO - [City population DEBUG] row header='Criteria' value='Cultural: iii, iv, vi'
2026-05-09 13:10:59,427 - INFO - [City population DEBUG] row header='Reference' value='1708-010'
2026-05-09 13:10:59,427 - INFO - [City population DEBUG] row header='Inscription' value='2024 (46th Session )'
2026-05-09 13:10:59,427 - INFO - [City population] Found from municipality/comune candidate: 55319
2026-05-09 13:11:00,207 - INFO - [City: Benevento] population \u2192 55319 (Wikipedia)
2026-05-09 13:11:00,207 - INFO - [City: Benevento] image \u2192 https://upload.wikimedia.org/wikipedia/commons/thumb/a/ae/Benevento-collage.jpg/250px-Benevento-collage.jpg (Wikipedia)
2026-05-09 13:11:00,217 - INFO - Updated city: Benevento
2026-05-09 13:11:01,097 - INFO - ====== WebDriver manager ======
2026-05-09 13:11:03,230 - INFO - Get LATEST chromedriver version for google-chrome
2026-05-09 13:11:03,305 - INFO - Get LATEST chromedriver version for google-chrome
2026-05-09 13:11:03,382 - INFO - Driver [C:\Users\marco\.wdm\drivers\chromedriver\win64\147.0.7727.117\chromedriver-win32/chromedriver.exe] found in cache
2026-05-09 13:11:16,471 - INFO - Accepted consent popup.
2026-05-09 13:11:26,467 - INFO - [Stadium: Ciro Vigorito] capacity \u2192 16867 (Transfermarkt/Wikipedia)
2026-05-09 13:11:26,467 - INFO - [Stadium: Ciro Vigorito] year \u2192 1979 (Transfermarkt/Wikipedia)
2026-05-09 13:11:26,467 - INFO - [Stadium: Ciro Vigorito] latitude \u2192 41.11639 (Wikipedia)
2026-05-09 13:11:26,468 - INFO - [Stadium: Ciro Vigorito] longitude \u2192 14.78111 (Wikipedia)
2026-05-09 13:11:26,468 - INFO - [Stadium: Ciro Vigorito] image \u2192 https://tmssl.akamaized.net//images/foto/stadionnormal/ciro-vigorito-1509705027-12577.jpg?lm=1509705038 (Wikipedia)
2026-05-09 13:11:26,468 - INFO - [Stadium: Ciro Vigorito] owner_raw \u2192 Comune of Benevento (Wikipedia)
2026-05-09 13:11:26,468 - INFO - [Stadium: Ciro Vigorito] ownership \u2192 PUBLIC (Wikipedia)
2026-05-09 13:11:26,485 - INFO - Updated stadium: Ciro Vigorito
2026-05-09 13:11:31,847 - INFO - ====== WebDriver manager ======
2026-05-09 13:11:33,547 - INFO - Get LATEST chromedriver version for google-chrome
2026-05-09 13:11:33,623 - INFO - Get LATEST chromedriver version for google-chrome
2026-05-09 13:11:33,690 - INFO - Driver [C:\Users\marco\.wdm\drivers\chromedriver\win64\147.0.7727.117\chromedriver-win32/chromedriver.exe] found in cache
2026-05-09 13:11:45,829 - INFO - Accepted consent popup.
2026-05-09 13:12:01,198 - INFO - ====== WebDriver manager ======
2026-05-09 13:12:02,540 - INFO - Get LATEST chromedriver version for google-chrome
2026-05-09 13:12:02,621 - INFO - Get LATEST chromedriver version for google-chrome
2026-05-09 13:12:02,684 - INFO - Driver [C:\Users\marco\.wdm\drivers\chromedriver\win64\147.0.7727.117\chromedriver-win32/chromedriver.exe] found in cache
2026-05-09 13:12:14,994 - INFO - Accepted consent popup.
2026-05-09 13:12:19,254 - INFO - Average attendance extracted: 5781
2026-05-09 13:12:26,229 - INFO - [Team: Benevento Calcio] manager \u2192 Antonio Floro Flores (Wikipedia)
2026-05-09 13:12:26,229 - INFO - [Team: Benevento Calcio] founded \u2192 1929-01-01 (Transfermarkt/Wikipedia)
2026-05-09 13:12:26,230 - INFO - [Team: Benevento Calcio] tier \u2192 3 (Transfermarkt/JSON)
2026-05-09 13:12:26,230 - INFO - Updated team: Benevento Calcio
2026-05-09 13:12:30,311 - INFO - Finished processing Benevento Calcio
2026-05-09 13:12:30,311 - INFO - -----------------------------------------
2026-05-09 13:12:30,311 - INFO - Processing team: US Salernitana 1919
2026-05-09 13:12:30,787 - INFO - [City population DEBUG] row header='Country' value='Italy'
2026-05-09 13:12:30,787 - INFO - [City population DEBUG] row header='Region' value='Campania'
2026-05-09 13:12:30,787 - INFO - [City population DEBUG] row header='Province' value='Salerno (SA)'
2026-05-09 13:12:30,788 - INFO - [City population DEBUG] row header='Founded' value='197 BC'
2026-05-09 13:12:30,788 - INFO - [City population DEBUG] row header='• Mayor' value='Vincenzo Panico ( acting )'
2026-05-09 13:12:30,788 - INFO - [City population DEBUG] row header='• Total' value='58.96 km 2 (22.76 sq mi)'
2026-05-09 13:12:30,788 - INFO - [City population DEBUG] row header='Elevation' value='4 m (13 ft)'
2026-05-09 13:12:30,789 - INFO - [City population DEBUG] row header='• Total' value='125,958'
2026-05-09 13:12:30,789 - INFO - [City population] Candidate from row '• Total': 125958
2026-05-09 13:12:30,789 - INFO - [City population DEBUG] row header='• Density' value='2,136/km 2 (5,533/sq mi)'
2026-05-09 13:12:30,789 - INFO - [City population DEBUG] row header='Demonym' value='Salernitano'
2026-05-09 13:12:30,789 - INFO - [City population DEBUG] row header='Time zone' value='UTC+1 ( CET )'
2026-05-09 13:12:30,789 - INFO - [City population DEBUG] row header='• Summer ( DST )' value='UTC+2 ( CEST )'
2026-05-09 13:12:30,790 - INFO - [City population DEBUG] row header='Postal code' value='84121–84135'
2026-05-09 13:12:30,791 - INFO - [City population DEBUG] row header='Dialing code' value='089'
2026-05-09 13:12:30,791 - INFO - [City population DEBUG] row header='Patron saint' value='Saint Matthew'
2026-05-09 13:12:30,791 - INFO - [City population DEBUG] row header='Website' value='Official website'
2026-05-09 13:12:30,791 - INFO - [City population] Found from municipality/comune candidate: 125958
2026-05-09 13:12:32,066 - INFO - [City: Salerno] population \u2192 125958 (Wikipedia)
2026-05-09 13:12:32,066 - INFO - [City: Salerno] image \u2192 https://upload.wikimedia.org/wikipedia/commons/thumb/6/6d/Panorama_of_salerno_from_arechi.jpg/250px-Panorama_of_salerno_from_arechi.jpg (Wikipedia)
2026-05-09 13:12:32,069 - INFO - Updated city: Salerno
2026-05-09 13:12:32,656 - INFO - ====== WebDriver manager ======
2026-05-09 13:12:33,892 - INFO - Get LATEST chromedriver version for google-chrome
2026-05-09 13:12:33,963 - INFO - Get LATEST chromedriver version for google-chrome
2026-05-09 13:12:34,027 - INFO - Driver [C:\Users\marco\.wdm\drivers\chromedriver\win64\147.0.7727.117\chromedriver-win32/chromedriver.exe] found in cache
2026-05-09 13:12:43,458 - INFO - Accepted consent popup.
2026-05-09 13:12:52,042 - INFO - [Stadium: Arechi] capacity \u2192 29739 (Transfermarkt/Wikipedia)
2026-05-09 13:12:52,043 - INFO - [Stadium: Arechi] year \u2192 1990 (Transfermarkt/Wikipedia)
2026-05-09 13:12:52,043 - INFO - [Stadium: Arechi] latitude \u2192 40.645 (Wikipedia)
2026-05-09 13:12:52,043 - INFO - [Stadium: Arechi] longitude \u2192 14.82389 (Wikipedia)
2026-05-09 13:12:52,043 - INFO - [Stadium: Arechi] image \u2192 https://tmssl.akamaized.net//images/foto/stadionnormal/stadio-arechi-salernitana-1627640891-68070.jpg?lm=1627641023 (Wikipedia)
2026-05-09 13:12:52,044 - INFO - [Stadium: Arechi] owner_raw \u2192 Municipality of Salerno (Wikipedia)
2026-05-09 13:12:52,044 - INFO - [Stadium: Arechi] ownership \u2192 PUBLIC (Wikipedia)
2026-05-09 13:12:52,058 - INFO - Updated stadium: Arechi
2026-05-09 13:12:56,972 - INFO - ====== WebDriver manager ======
2026-05-09 13:12:58,335 - INFO - Get LATEST chromedriver version for google-chrome
2026-05-09 13:12:58,402 - INFO - Get LATEST chromedriver version for google-chrome
2026-05-09 13:12:58,471 - INFO - Driver [C:\Users\marco\.wdm\drivers\chromedriver\win64\147.0.7727.117\chromedriver-win32/chromedriver.exe] found in cache
2026-05-09 13:13:10,302 - INFO - Accepted consent popup.
2026-05-09 13:13:25,814 - INFO - ====== WebDriver manager ======
2026-05-09 13:13:28,057 - INFO - Get LATEST chromedriver version for google-chrome
2026-05-09 13:13:28,139 - INFO - Get LATEST chromedriver version for google-chrome
2026-05-09 13:13:28,208 - INFO - Driver [C:\Users\marco\.wdm\drivers\chromedriver\win64\147.0.7727.117\chromedriver-win32/chromedriver.exe] found in cache
2026-05-09 13:13:41,744 - INFO - Accepted consent popup.
2026-05-09 13:13:47,871 - INFO - Average attendance extracted: 13265
2026-05-09 13:13:55,046 - INFO - [Team: US Salernitana 1919] manager \u2192 Serse Cosmi (Wikipedia)
2026-05-09 13:13:55,047 - INFO - [Team: US Salernitana 1919] founded \u2192 1919-01-01 (Transfermarkt/Wikipedia)
2026-05-09 13:13:55,047 - INFO - [Team: US Salernitana 1919] tier \u2192 3 (Transfermarkt/JSON)
2026-05-09 13:13:55,047 - INFO - Updated team: US Salernitana 1919
2026-05-09 13:13:59,101 - INFO - Finished processing US Salernitana 1919
2026-05-09 13:13:59,102 - INFO - -----------------------------------------
2026-05-09 13:13:59,102 - INFO - Processing team: Catania FC
2026-05-09 13:13:59,713 - INFO - [City population DEBUG] row header='Country' value='Italy'
2026-05-09 13:13:59,713 - INFO - [City population DEBUG] row header='Region' value='Sicily'
2026-05-09 13:13:59,713 - INFO - [City population DEBUG] row header='Metropolitan city' value='Catania (CT)'
2026-05-09 13:13:59,713 - INFO - [City population DEBUG] row header='Frazioni' value='Bicocca, Codavolpe, Junghetto, Pantano d'Arci, Paradiso degli Aranci, Passo Cavaliere, Passo del Fico, Passo Martino, Primosole, Reitano, Vaccarizzo, Villaggio Delfino'
2026-05-09 13:13:59,713 - INFO - [City population DEBUG] row header='• Mayor' value='Enrico Trantino ( Brothers of Italy )'
2026-05-09 13:13:59,714 - INFO - [City population DEBUG] row header='• Total' value='182.90 km 2 (70.62 sq mi)'
2026-05-09 13:13:59,714 - INFO - [City population DEBUG] row header='Elevation' value='7 m (23 ft)'
2026-05-09 13:13:59,714 - INFO - [City population DEBUG] row header='• Total' value='297,517'
2026-05-09 13:13:59,714 - INFO - [City population] Candidate from row '• Total': 297517
2026-05-09 13:13:59,714 - INFO - [City population DEBUG] row header='• Density' value='1,626.7/km 2 (4,213.0/sq mi)'
2026-05-09 13:13:59,714 - INFO - [City population DEBUG] row header='Demonym' value='Catanese'
2026-05-09 13:13:59,714 - INFO - [City population DEBUG] row header='Time zone' value='UTC+1 ( CET )'
2026-05-09 13:13:59,714 - INFO - [City population DEBUG] row header='• Summer ( DST )' value='UTC+2 ( CEST )'
2026-05-09 13:13:59,715 - INFO - [City population DEBUG] row header='Postal code' value='95131'
2026-05-09 13:13:59,715 - INFO - [City population DEBUG] row header='Dialing code' value='095'
2026-05-09 13:13:59,715 - INFO - [City population DEBUG] row header='ISTAT code' value='087015'
2026-05-09 13:13:59,715 - INFO - [City population DEBUG] row header='Patron saint' value='St. Agatha'
2026-05-09 13:13:59,715 - INFO - [City population DEBUG] row header='Saint day' value='5 February'
2026-05-09 13:13:59,715 - INFO - [City population DEBUG] row header='Website' value='www .comune .catania .it'
2026-05-09 13:13:59,715 - INFO - [City population DEBUG] row header='Part of' value='Late Baroque Towns of the Val di Noto (South-Eastern Sicily )'
2026-05-09 13:13:59,715 - INFO - [City population DEBUG] row header='Criteria' value='Cultural: (i)(ii)(iv)(v)'
2026-05-09 13:13:59,715 - INFO - [City population DEBUG] row header='Reference' value='1024rev-002'
2026-05-09 13:13:59,715 - INFO - [City population DEBUG] row header='Inscription' value='2002 (26th Session )'
2026-05-09 13:13:59,716 - INFO - [City population DEBUG] row header='Area' value='38.5 ha (4,140,000 sq ft)'
2026-05-09 13:13:59,716 - INFO - [City population DEBUG] row header='Buffer zone' value='80.13 ha (8,625,000 sq ft)'
2026-05-09 13:13:59,716 - INFO - [City population] Found from municipality/comune candidate: 297517
2026-05-09 13:14:00,946 - INFO - [City: Catania] population \u2192 297517 (Wikipedia)
2026-05-09 13:14:00,947 - INFO - [City: Catania] image \u2192 https://upload.wikimedia.org/wikipedia/commons/thumb/b/b9/Catania_vista_dall%27alto_e_il_vulcano_Etna_a_sovrastarla.jpg/330px-Catania_vista_dall%27alto_e_il_vulcano_Etna_a_sovrastarla.jpg (Wikipedia)
2026-05-09 13:14:00,949 - INFO - Updated city: Catania
2026-05-09 13:14:01,854 - INFO - ====== WebDriver manager ======
2026-05-09 13:14:03,326 - INFO - Get LATEST chromedriver version for google-chrome
2026-05-09 13:14:03,428 - INFO - Get LATEST chromedriver version for google-chrome
2026-05-09 13:14:03,519 - INFO - Driver [C:\Users\marco\.wdm\drivers\chromedriver\win64\147.0.7727.117\chromedriver-win32/chromedriver.exe] found in cache
2026-05-09 13:14:16,239 - INFO - Accepted consent popup.
2026-05-09 13:14:23,496 - INFO - [Stadium: Cibali - Angelo Massimino] capacity \u2192 20881 (Transfermarkt/Wikipedia)
2026-05-09 13:14:23,496 - INFO - [Stadium: Cibali - Angelo Massimino] year \u2192 1937 (Transfermarkt/Wikipedia)
2026-05-09 13:14:23,497 - INFO - [Stadium: Cibali - Angelo Massimino] latitude \u2192 37.51583 (Wikipedia)
2026-05-09 13:14:23,497 - INFO - [Stadium: Cibali - Angelo Massimino] longitude \u2192 15.07139 (Wikipedia)
2026-05-09 13:14:23,497 - INFO - [Stadium: Cibali - Angelo Massimino] image \u2192 https://tmssl.akamaized.net//images/foto/stadionnormal/cibali-angelo-massimino-1719776665-141248.png?lm=1719776705 (Wikipedia)
2026-05-09 13:14:23,497 - INFO - [Stadium: Cibali - Angelo Massimino] owner_raw \u2192 Municipality of Catania (Wikipedia)
2026-05-09 13:14:23,497 - INFO - [Stadium: Cibali - Angelo Massimino] ownership \u2192 PUBLIC (Wikipedia)
2026-05-09 13:14:23,512 - INFO - Updated stadium: Cibali - Angelo Massimino
2026-05-09 13:14:28,814 - INFO - ====== WebDriver manager ======
2026-05-09 13:14:30,120 - INFO - Get LATEST chromedriver version for google-chrome
2026-05-09 13:14:30,198 - INFO - Get LATEST chromedriver version for google-chrome
2026-05-09 13:14:30,270 - INFO - Driver [C:\Users\marco\.wdm\drivers\chromedriver\win64\147.0.7727.117\chromedriver-win32/chromedriver.exe] found in cache
2026-05-09 13:14:46,065 - INFO - Accepted consent popup.
2026-05-09 13:15:01,391 - INFO - ====== WebDriver manager ======
2026-05-09 13:15:02,614 - INFO - Get LATEST chromedriver version for google-chrome
2026-05-09 13:15:02,680 - INFO - Get LATEST chromedriver version for google-chrome
2026-05-09 13:15:02,744 - INFO - Driver [C:\Users\marco\.wdm\drivers\chromedriver\win64\147.0.7727.117\chromedriver-win32/chromedriver.exe] found in cache
2026-05-09 13:15:15,293 - INFO - Accepted consent popup.
2026-05-09 13:15:17,450 - INFO - Average attendance extracted: 16444
2026-05-09 13:15:24,077 - INFO - [Team: Catania FC] manager \u2192 Domenico Toscano (Wikipedia)
2026-05-09 13:15:24,077 - INFO - [Team: Catania FC] founded \u2192 1929-01-01 (Transfermarkt/Wikipedia)
2026-05-09 13:15:24,077 - INFO - [Team: Catania FC] tier \u2192 3 (Transfermarkt/JSON)
2026-05-09 13:15:24,077 - INFO - Updated team: Catania FC
2026-05-09 13:15:28,155 - INFO - Finished processing Catania FC
2026-05-09 13:15:28,155 - INFO - -----------------------------------------
2026-05-09 13:15:28,156 - INFO - Processing team: Cosenza Calcio
2026-05-09 13:15:28,521 - INFO - [City population DEBUG] row header='Country' value='Italy'
2026-05-09 13:15:28,521 - INFO - [City population DEBUG] row header='Region' value='Calabria'
2026-05-09 13:15:28,522 - INFO - [City population DEBUG] row header='Province' value='Cosenza (CS)'
2026-05-09 13:15:28,522 - INFO - [City population DEBUG] row header='Frazioni' value='Donnici, Sant'Ippolito, Borgo Partenope, Muoio'
2026-05-09 13:15:28,522 - INFO - [City population DEBUG] row header='• Mayor' value='Franz Caruso ( PSI )'
2026-05-09 13:15:28,522 - INFO - [City population DEBUG] row header='• Comune' value='37.86 km 2 (14.62 sq mi)'
2026-05-09 13:15:28,522 - INFO - [City population DEBUG] row header='Elevation' value='238 m (781 ft)'
2026-05-09 13:15:28,523 - INFO - [City population DEBUG] row header='• Comune' value='63,240'
2026-05-09 13:15:28,523 - INFO - [City population] Candidate from row '• Comune': 63240
2026-05-09 13:15:28,523 - INFO - [City population DEBUG] row header='• Density' value='1,670/km 2 (4,326/sq mi)'
2026-05-09 13:15:28,523 - INFO - [City population DEBUG] row header='• Urban' value='250,000'
2026-05-09 13:15:28,523 - INFO - [City population DEBUG] row header='Demonym' value='Cosentians ( Italian : cosentini )'
2026-05-09 13:15:28,523 - INFO - [City population DEBUG] row header='Time zone' value='UTC+1 ( CET )'
2026-05-09 13:15:28,523 - INFO - [City population DEBUG] row header='• Summer ( DST )' value='UTC+2 ( CEST )'
2026-05-09 13:15:28,523 - INFO - [City population DEBUG] row header='Postal code' value='87100'
2026-05-09 13:15:28,524 - INFO - [City population DEBUG] row header='Dialing code' value='0984'
2026-05-09 13:15:28,524 - INFO - [City population DEBUG] row header='Patron saint' value='Our Lady of the Pillar'
2026-05-09 13:15:28,524 - INFO - [City population DEBUG] row header='Saint day' value='12 February'
2026-05-09 13:15:28,524 - INFO - [City population DEBUG] row header='Website' value='Official website'
2026-05-09 13:15:28,524 - INFO - [City population] Found from municipality/comune candidate: 63240
2026-05-09 13:15:29,122 - INFO - [City: Cosenza] population \u2192 63240 (Wikipedia)
2026-05-09 13:15:29,122 - INFO - [City: Cosenza] image \u2192 https://upload.wikimedia.org/wikipedia/commons/thumb/a/a6/Cosenza-panorama-da-portapiana-al-tramonto.jpg/250px-Cosenza-panorama-da-portapiana-al-tramonto.jpg (Wikipedia)
2026-05-09 13:15:29,124 - INFO - Updated city: Cosenza
2026-05-09 13:15:29,676 - INFO - ====== WebDriver manager ======
2026-05-09 13:15:30,999 - INFO - Get LATEST chromedriver version for google-chrome
2026-05-09 13:15:31,068 - INFO - Get LATEST chromedriver version for google-chrome
2026-05-09 13:15:31,136 - INFO - Driver [C:\Users\marco\.wdm\drivers\chromedriver\win64\147.0.7727.117\chromedriver-win32/chromedriver.exe] found in cache
2026-05-09 13:15:40,612 - INFO - Accepted consent popup.
2026-05-09 13:15:46,688 - INFO - [Stadium: San Vito-Luigi Marulla] capacity \u2192 24479 (Transfermarkt/Wikipedia)
2026-05-09 13:15:46,688 - INFO - [Stadium: San Vito-Luigi Marulla] year \u2192 1963 (Transfermarkt/Wikipedia)
2026-05-09 13:15:46,689 - INFO - [Stadium: San Vito-Luigi Marulla] latitude \u2192 39.31 (Wikipedia)
2026-05-09 13:15:46,689 - INFO - [Stadium: San Vito-Luigi Marulla] longitude \u2192 16.23111 (Wikipedia)
2026-05-09 13:15:46,689 - INFO - [Stadium: San Vito-Luigi Marulla] image \u2192 https://upload.wikimedia.org/wikipedia/commons/thumb/3/38/Stadio_San_Vito-Marulla_-_Cosenza.jpg/250px-Stadio_San_Vito-Marulla_-_Cosenza.jpg (Wikipedia)
2026-05-09 13:15:46,689 - INFO - [Stadium: San Vito-Luigi Marulla] owner_raw \u2192 Municipality of Cosenza (Wikipedia)
2026-05-09 13:15:46,689 - INFO - [Stadium: San Vito-Luigi Marulla] ownership \u2192 PUBLIC (Wikipedia)
2026-05-09 13:15:46,773 - INFO - Updated stadium: San Vito-Luigi Marulla
2026-05-09 13:15:51,404 - INFO - ====== WebDriver manager ======
2026-05-09 13:15:52,724 - INFO - Get LATEST chromedriver version for google-chrome
2026-05-09 13:15:52,793 - INFO - Get LATEST chromedriver version for google-chrome
2026-05-09 13:15:52,863 - INFO - Driver [C:\Users\marco\.wdm\drivers\chromedriver\win64\147.0.7727.117\chromedriver-win32/chromedriver.exe] found in cache
2026-05-09 13:16:04,719 - INFO - Accepted consent popup.
2026-05-09 13:16:20,183 - INFO - ====== WebDriver manager ======
2026-05-09 13:16:21,481 - INFO - Get LATEST chromedriver version for google-chrome
2026-05-09 13:16:21,551 - INFO - Get LATEST chromedriver version for google-chrome
2026-05-09 13:16:21,614 - INFO - Driver [C:\Users\marco\.wdm\drivers\chromedriver\win64\147.0.7727.117\chromedriver-win32/chromedriver.exe] found in cache
2026-05-09 13:16:38,739 - INFO - Accepted consent popup.
2026-05-09 13:16:48,882 - INFO - Average attendance extracted: 5178
2026-05-09 13:16:55,825 - INFO - [Team: Cosenza Calcio] manager \u2192 Antonio Buscè (Wikipedia)
2026-05-09 13:16:55,826 - INFO - [Team: Cosenza Calcio] founded \u2192 1913-01-01 (Transfermarkt/Wikipedia)
2026-05-09 13:16:55,826 - INFO - [Team: Cosenza Calcio] tier \u2192 3 (Transfermarkt/JSON)
2026-05-09 13:16:55,826 - INFO - Updated team: Cosenza Calcio
2026-05-09 13:16:59,894 - INFO - Finished processing Cosenza Calcio
2026-05-09 13:16:59,894 - INFO - -----------------------------------------
2026-05-09 13:16:59,894 - INFO - Processing team: Casertana FC
2026-05-09 13:17:00,180 - INFO - [City population DEBUG] row header='Country' value='Italy'
2026-05-09 13:17:00,181 - INFO - [City population DEBUG] row header='Region' value='Campania'
2026-05-09 13:17:00,181 - INFO - [City population DEBUG] row header='Province' value='Caserta (CE)'
2026-05-09 13:17:00,181 - INFO - [City population DEBUG] row header='Frazioni' value='Aldifreda, Briano, Casertavecchia, Casola, Casolla, Centurano, Ercole, Falciano, Garzano, Mezzano, Piedimonte di Casolla, Pozzovetere, Puccianiello, Sala di Caserta, San Benedetto, San Clemente, San Leucio , Santa Barbara, Staturano, Tredici, Tuoro, Vaccheria'
2026-05-09 13:17:00,181 - INFO - [City population DEBUG] row header='• Mayor' value='none'
2026-05-09 13:17:00,182 - INFO - [City population DEBUG] row header='• Total' value='54.07 km 2 (20.88 sq mi)'
2026-05-09 13:17:00,182 - INFO - [City population DEBUG] row header='Elevation' value='68 m (223 ft)'
2026-05-09 13:17:00,182 - INFO - [City population DEBUG] row header='• Total' value='76,326'
2026-05-09 13:17:00,183 - INFO - [City population] Candidate from row '• Total': 76326
2026-05-09 13:17:00,183 - INFO - [City population DEBUG] row header='• Density' value='1,412/km 2 (3,656/sq mi)'
2026-05-09 13:17:00,183 - INFO - [City population DEBUG] row header='Demonym' value='Casertani'
2026-05-09 13:17:00,183 - INFO - [City population DEBUG] row header='Time zone' value='UTC+1 ( CET )'
2026-05-09 13:17:00,184 - INFO - [City population DEBUG] row header='• Summer ( DST )' value='UTC+2 ( CEST )'
2026-05-09 13:17:00,184 - INFO - [City population DEBUG] row header='Postal code' value='81100 (Caserta), 81020 (Caserta Vecchia, Casola di Caserta)'
2026-05-09 13:17:00,184 - INFO - [City population DEBUG] row header='Dialing code' value='0823'
2026-05-09 13:17:00,185 - INFO - [City population DEBUG] row header='Patron saint' value='St. Sebastian and St. Anne'
2026-05-09 13:17:00,185 - INFO - [City population DEBUG] row header='Saint day' value='20 January and 26 July'
2026-05-09 13:17:00,185 - INFO - [City population DEBUG] row header='Website' value='Official website'
2026-05-09 13:17:00,185 - INFO - [City population] Found from municipality/comune candidate: 76326
2026-05-09 13:17:00,755 - INFO - [City: Caserta] population \u2192 76326 (Wikipedia)
2026-05-09 13:17:00,755 - INFO - [City: Caserta] image \u2192 https://upload.wikimedia.org/wikipedia/commons/thumb/4/40/Maddaloni_-_Panorama_di_Caserta_dal_Santuario_di_San_Michele.jpg/250px-Maddaloni_-_Panorama_di_Caserta_dal_Santuario_di_San_Michele.jpg (Wikipedia)
2026-05-09 13:17:00,759 - INFO - Updated city: Caserta
2026-05-09 13:17:01,209 - INFO - ====== WebDriver manager ======
2026-05-09 13:17:02,891 - INFO - Get LATEST chromedriver version for google-chrome
2026-05-09 13:17:02,966 - INFO - Get LATEST chromedriver version for google-chrome
2026-05-09 13:17:03,036 - INFO - Driver [C:\Users\marco\.wdm\drivers\chromedriver\win64\147.0.7727.117\chromedriver-win32/chromedriver.exe] found in cache
2026-05-09 13:17:13,615 - INFO - Accepted consent popup.
2026-05-09 13:17:22,040 - INFO - [Stadium: Alberto Pinto] capacity \u2192 6817 (Transfermarkt/Wikipedia)
2026-05-09 13:17:22,041 - INFO - [Stadium: Alberto Pinto] year \u2192 1936 (Transfermarkt/Wikipedia)
2026-05-09 13:17:22,041 - INFO - [Stadium: Alberto Pinto] latitude \u2192 41.074517 (Wikipedia)
2026-05-09 13:17:22,041 - INFO - [Stadium: Alberto Pinto] longitude \u2192 14.3465 (Wikipedia)
2026-05-09 13:17:22,041 - INFO - [Stadium: Alberto Pinto] image \u2192 https://upload.wikimedia.org/wikipedia/commons/thumb/9/92/PanoramicaStadioPinto.jpg/250px-PanoramicaStadioPinto.jpg (Wikipedia)
2026-05-09 13:17:22,041 - INFO - [Stadium: Alberto Pinto] owner_raw \u2192 Municipality of Caserta (Wikipedia)
2026-05-09 13:17:22,042 - INFO - [Stadium: Alberto Pinto] ownership \u2192 PUBLIC (Wikipedia)
2026-05-09 13:17:22,046 - INFO - Updated stadium: Alberto Pinto
2026-05-09 13:17:26,803 - INFO - ====== WebDriver manager ======
2026-05-09 13:17:28,044 - INFO - Get LATEST chromedriver version for google-chrome
2026-05-09 13:17:28,120 - INFO - Get LATEST chromedriver version for google-chrome
2026-05-09 13:17:28,187 - INFO - Driver [C:\Users\marco\.wdm\drivers\chromedriver\win64\147.0.7727.117\chromedriver-win32/chromedriver.exe] found in cache
2026-05-09 13:17:39,397 - INFO - Accepted consent popup.
2026-05-09 13:17:54,935 - INFO - ====== WebDriver manager ======
2026-05-09 13:17:56,195 - INFO - Get LATEST chromedriver version for google-chrome
2026-05-09 13:17:56,275 - INFO - Get LATEST chromedriver version for google-chrome
2026-05-09 13:17:56,340 - INFO - Driver [C:\Users\marco\.wdm\drivers\chromedriver\win64\147.0.7727.117\chromedriver-win32/chromedriver.exe] found in cache
2026-05-09 13:18:08,762 - INFO - Accepted consent popup.
2026-05-09 13:18:12,997 - INFO - Average attendance extracted: 1076
2026-05-09 13:18:19,728 - INFO - [Team: Casertana FC] manager \u2192 Federico Coppitelli (Wikipedia)
2026-05-09 13:18:19,729 - INFO - [Team: Casertana FC] founded \u2192 1908-01-01 (Transfermarkt/Wikipedia)
2026-05-09 13:18:19,729 - INFO - [Team: Casertana FC] tier \u2192 3 (Transfermarkt/JSON)
2026-05-09 13:18:19,729 - INFO - Updated team: Casertana FC
2026-05-09 13:18:23,798 - INFO - Finished processing Casertana FC
2026-05-09 13:18:23,798 - INFO - -----------------------------------------
2026-05-09 13:18:23,798 - INFO - Processing team: Potenza Calcio
2026-05-09 13:18:24,204 - INFO - [City population DEBUG] row header='Country' value='Italy'
2026-05-09 13:18:24,204 - INFO - [City population DEBUG] row header='Region' value='Basilicata'
2026-05-09 13:18:24,204 - INFO - [City population DEBUG] row header='Province' value='Potenza (PZ)'
2026-05-09 13:18:24,204 - INFO - [City population DEBUG] row header='• Mayor' value='Vincenzo Telesca ( PD )'
2026-05-09 13:18:24,205 - INFO - [City population DEBUG] row header='• Total' value='175.43 km 2 (67.73 sq mi)'
2026-05-09 13:18:24,205 - INFO - [City population DEBUG] row header='Elevation' value='819 m (2,687 ft)'
2026-05-09 13:18:24,205 - INFO - [City population DEBUG] row header='• Total' value='63,403'
2026-05-09 13:18:24,205 - INFO - [City population] Candidate from row '• Total': 63403
2026-05-09 13:18:24,205 - INFO - [City population DEBUG] row header='• Density' value='361.41/km 2 (936.06/sq mi)'
2026-05-09 13:18:24,206 - INFO - [City population DEBUG] row header='Demonym' value='Potentini'
2026-05-09 13:18:24,206 - INFO - [City population DEBUG] row header='Time zone' value='UTC+1 ( CET )'
2026-05-09 13:18:24,206 - INFO - [City population DEBUG] row header='• Summer ( DST )' value='UTC+2 ( CEST )'
2026-05-09 13:18:24,206 - INFO - [City population DEBUG] row header='Postal code' value='85100'
2026-05-09 13:18:24,206 - INFO - [City population DEBUG] row header='Dialing code' value='0971'
2026-05-09 13:18:24,206 - INFO - [City population DEBUG] row header='ISTAT code' value='076063'
2026-05-09 13:18:24,207 - INFO - [City population DEBUG] row header='Patron saint' value='St. Gerard'
2026-05-09 13:18:24,207 - INFO - [City population DEBUG] row header='Saint day' value='30 May'
2026-05-09 13:18:24,207 - INFO - [City population DEBUG] row header='Website' value='Official website'
2026-05-09 13:18:24,207 - INFO - [City population] Found from municipality/comune candidate: 63403
2026-05-09 13:18:25,394 - INFO - [City: Potenza] population \u2192 63403 (Wikipedia)
2026-05-09 13:18:25,394 - INFO - [City: Potenza] image \u2192 https://upload.wikimedia.org/wikipedia/commons/thumb/a/a2/Potenza_collage.jpg/250px-Potenza_collage.jpg (Wikipedia)
2026-05-09 13:18:25,398 - INFO - Updated city: Potenza
2026-05-09 13:18:25,896 - INFO - ====== WebDriver manager ======
2026-05-09 13:18:27,067 - INFO - Get LATEST chromedriver version for google-chrome
2026-05-09 13:18:27,137 - INFO - Get LATEST chromedriver version for google-chrome
2026-05-09 13:18:27,207 - INFO - Driver [C:\Users\marco\.wdm\drivers\chromedriver\win64\147.0.7727.117\chromedriver-win32/chromedriver.exe] found in cache
2026-05-09 13:18:37,836 - INFO - Accepted consent popup.
2026-05-09 13:18:40,552 - INFO - Year not found on Transfermarkt for stadium Alfredo Viviani
2026-05-09 13:18:43,210 - INFO - [Stadium: Alfredo Viviani] capacity \u2192 5500 (Transfermarkt/Wikipedia)
2026-05-09 13:18:43,210 - WARNING - [Stadium: Alfredo Viviani] year \u2192 NOT FOUND
2026-05-09 13:18:43,210 - INFO - [Stadium: Alfredo Viviani] latitude \u2192 40.6341333 (Wikipedia)
2026-05-09 13:18:43,210 - INFO - [Stadium: Alfredo Viviani] longitude \u2192 15.8043167 (Wikipedia)
2026-05-09 13:18:43,211 - INFO - [Stadium: Alfredo Viviani] image \u2192 https://upload.wikimedia.org/wikipedia/commons/thumb/3/33/Stadio_Alfredo_Viviani.jpg/250px-Stadio_Alfredo_Viviani.jpg (Wikipedia)
2026-05-09 13:18:43,211 - INFO - [Stadium: Alfredo Viviani] owner_raw \u2192 Municipality of Potenza (Wikipedia)
2026-05-09 13:18:43,211 - INFO - [Stadium: Alfredo Viviani] ownership \u2192 PUBLIC (Wikipedia)
2026-05-09 13:18:43,222 - INFO - Updated stadium: Alfredo Viviani
2026-05-09 13:18:47,866 - INFO - ====== WebDriver manager ======
2026-05-09 13:18:49,143 - INFO - Get LATEST chromedriver version for google-chrome
2026-05-09 13:18:49,238 - INFO - Get LATEST chromedriver version for google-chrome
2026-05-09 13:18:49,307 - INFO - Driver [C:\Users\marco\.wdm\drivers\chromedriver\win64\147.0.7727.117\chromedriver-win32/chromedriver.exe] found in cache
2026-05-09 13:19:01,084 - INFO - Accepted consent popup.
2026-05-09 13:19:16,541 - INFO - ====== WebDriver manager ======
2026-05-09 13:19:17,886 - INFO - Get LATEST chromedriver version for google-chrome
2026-05-09 13:19:17,960 - INFO - Get LATEST chromedriver version for google-chrome
2026-05-09 13:19:18,029 - INFO - Driver [C:\Users\marco\.wdm\drivers\chromedriver\win64\147.0.7727.117\chromedriver-win32/chromedriver.exe] found in cache
2026-05-09 13:19:32,089 - INFO - Accepted consent popup.
2026-05-09 13:19:34,156 - INFO - Average attendance extracted: 2823
2026-05-09 13:19:41,043 - INFO - [Team: Potenza Calcio] manager \u2192 Pietro De Giorgio (Wikipedia)
2026-05-09 13:19:41,043 - INFO - [Team: Potenza Calcio] founded \u2192 1918-01-01 (Transfermarkt/Wikipedia)
2026-05-09 13:19:41,044 - INFO - [Team: Potenza Calcio] tier \u2192 3 (Transfermarkt/JSON)
2026-05-09 13:19:41,044 - INFO - Updated team: Potenza Calcio
2026-05-09 13:19:45,116 - INFO - Finished processing Potenza Calcio
2026-05-09 13:19:45,117 - INFO - -----------------------------------------
2026-05-09 13:19:45,117 - INFO - Processing team: Casarano Calcio
2026-05-09 13:19:45,368 - INFO - [City population DEBUG] row header='Country' value='Italy'
2026-05-09 13:19:45,369 - INFO - [City population DEBUG] row header='Region' value='Apulia'
2026-05-09 13:19:45,369 - INFO - [City population DEBUG] row header='Province' value='Lecce (LE)'
2026-05-09 13:19:45,369 - INFO - [City population DEBUG] row header='• Mayor' value='Ottavio De Nuzzo'
2026-05-09 13:19:45,369 - INFO - [City population DEBUG] row header='• Total' value='38 km 2 (15 sq mi)'
2026-05-09 13:19:45,370 - INFO - [City population DEBUG] row header='Elevation' value='109 m (358 ft)'
2026-05-09 13:19:45,370 - INFO - [City population DEBUG] row header='• Total' value='20,169'
2026-05-09 13:19:45,370 - INFO - [City population] Candidate from row '• Total': 20169
2026-05-09 13:19:45,370 - INFO - [City population DEBUG] row header='• Density' value='530/km 2 (1,400/sq mi)'
2026-05-09 13:19:45,371 - INFO - [City population DEBUG] row header='Demonym' value='Casaranesi'
2026-05-09 13:19:45,371 - INFO - [City population DEBUG] row header='Time zone' value='UTC+1 ( CET )'
2026-05-09 13:19:45,371 - INFO - [City population DEBUG] row header='• Summer ( DST )' value='UTC+2 ( CEST )'
2026-05-09 13:19:45,371 - INFO - [City population DEBUG] row header='Postal code' value='73042'
2026-05-09 13:19:45,371 - INFO - [City population DEBUG] row header='Dialing code' value='0833'
2026-05-09 13:19:45,371 - INFO - [City population DEBUG] row header='ISTAT code' value='075016'
2026-05-09 13:19:45,371 - INFO - [City population DEBUG] row header='Patron saint' value='San Giovanni Elemosiniere and Santa Maria della Campana'
2026-05-09 13:19:45,371 - INFO - [City population DEBUG] row header='Saint day' value='Monday after the third Sunday of May'
2026-05-09 13:19:45,372 - INFO - [City population DEBUG] row header='Website' value='Official website'
2026-05-09 13:19:45,372 - INFO - [City population] Found from municipality/comune candidate: 20169
2026-05-09 13:19:45,796 - INFO - [City: Casarano] population \u2192 20169 (Wikipedia)
2026-05-09 13:19:45,796 - INFO - [City: Casarano] image \u2192 https://upload.wikimedia.org/wikipedia/commons/thumb/d/df/Casarano_veduta.jpg/250px-Casarano_veduta.jpg (Wikipedia)
2026-05-09 13:19:45,800 - INFO - Updated city: Casarano
2026-05-09 13:19:45,800 - INFO - ====== WebDriver manager ======
2026-05-09 13:19:47,393 - INFO - Get LATEST chromedriver version for google-chrome
2026-05-09 13:19:47,480 - INFO - Get LATEST chromedriver version for google-chrome
2026-05-09 13:19:47,547 - INFO - Driver [C:\Users\marco\.wdm\drivers\chromedriver\win64\147.0.7727.117\chromedriver-win32/chromedriver.exe] found in cache
2026-05-09 13:19:59,346 - INFO - Accepted consent popup.
2026-05-09 13:20:12,803 - INFO - [Stadium: Stadio Giuseppe Capozza] capacity \u2192 6200 (Transfermarkt/Wikipedia)
2026-05-09 13:20:12,803 - INFO - [Stadium: Stadio Giuseppe Capozza] year \u2192 1956 (Transfermarkt/Wikipedia)
2026-05-09 13:20:12,803 - WARNING - [Stadium: Stadio Giuseppe Capozza] latitude \u2192 NOT FOUND
2026-05-09 13:20:12,803 - WARNING - [Stadium: Stadio Giuseppe Capozza] longitude \u2192 NOT FOUND
2026-05-09 13:20:12,803 - WARNING - [Stadium: Stadio Giuseppe Capozza] image \u2192 NOT FOUND
2026-05-09 13:20:12,803 - WARNING - [Stadium: Stadio Giuseppe Capozza] owner_raw \u2192 NOT FOUND
2026-05-09 13:20:12,803 - WARNING - [Stadium: Stadio Giuseppe Capozza] ownership \u2192 NOT FOUND
2026-05-09 13:20:12,806 - INFO - Updated stadium: Stadio Giuseppe Capozza
2026-05-09 13:20:17,484 - INFO - ====== WebDriver manager ======
2026-05-09 13:20:18,904 - INFO - Get LATEST chromedriver version for google-chrome
2026-05-09 13:20:18,971 - INFO - Get LATEST chromedriver version for google-chrome
2026-05-09 13:20:19,043 - INFO - Driver [C:\Users\marco\.wdm\drivers\chromedriver\win64\147.0.7727.117\chromedriver-win32/chromedriver.exe] found in cache
2026-05-09 13:20:30,497 - INFO - Accepted consent popup.
2026-05-09 13:20:47,328 - INFO - ====== WebDriver manager ======
2026-05-09 13:20:49,003 - INFO - Get LATEST chromedriver version for google-chrome
2026-05-09 13:20:49,079 - INFO - Get LATEST chromedriver version for google-chrome
2026-05-09 13:20:49,151 - INFO - Driver [C:\Users\marco\.wdm\drivers\chromedriver\win64\147.0.7727.117\chromedriver-win32/chromedriver.exe] found in cache
2026-05-09 13:21:02,511 - INFO - Accepted consent popup.
2026-05-09 13:21:04,567 - INFO - Average attendance extracted: 2625
2026-05-09 13:21:11,329 - INFO - [Team: Casarano Calcio] manager \u2192 Vito Di Bari (Wikipedia)
2026-05-09 13:21:11,329 - INFO - [Team: Casarano Calcio] founded \u2192 1927-01-01 (Transfermarkt/Wikipedia)
2026-05-09 13:21:11,329 - INFO - [Team: Casarano Calcio] tier \u2192 3 (Transfermarkt/JSON)
2026-05-09 13:21:11,329 - INFO - Updated team: Casarano Calcio
2026-05-09 13:21:15,377 - INFO - Finished processing Casarano Calcio
2026-05-09 13:21:15,378 - INFO - -----------------------------------------
2026-05-09 13:21:15,378 - INFO - Processing team: FC Crotone
2026-05-09 13:21:15,794 - INFO - [City population DEBUG] row header='Country' value='Italy'
2026-05-09 13:21:15,794 - INFO - [City population DEBUG] row header='Region' value='Calabria'
2026-05-09 13:21:15,794 - INFO - [City population DEBUG] row header='Province' value='Crotone (KR)'
2026-05-09 13:21:15,795 - INFO - [City population DEBUG] row header='Frazioni' value='Papanice, Apriglianello, Carpentieri, Cipolla, Farina, Gabella Grande, Iannello, Maiorano, Margherita'
2026-05-09 13:21:15,795 - INFO - [City population DEBUG] row header='• Total' value='179.8 km 2 (69.4 sq mi)'
2026-05-09 13:21:15,795 - INFO - [City population DEBUG] row header='Elevation' value='8 m (26 ft)'
2026-05-09 13:21:15,796 - INFO - [City population DEBUG] row header='• Total' value='63,941'
2026-05-09 13:21:15,796 - INFO - [City population] Candidate from row '• Total': 63941
2026-05-09 13:21:15,796 - INFO - [City population DEBUG] row header='• Density' value='355.6/km 2 (921.1/sq mi)'
2026-05-09 13:21:15,796 - INFO - [City population DEBUG] row header='Time zone' value='UTC+1 ( CET )'
2026-05-09 13:21:15,797 - INFO - [City population DEBUG] row header='• Summer ( DST )' value='UTC+2 ( CEST )'
2026-05-09 13:21:15,797 - INFO - [City population DEBUG] row header='Postal code' value='88900'
2026-05-09 13:21:15,798 - INFO - [City population DEBUG] row header='Dialing code' value='0962'
2026-05-09 13:21:15,798 - INFO - [City population DEBUG] row header='Patron saint' value='Dionysius the Areopagite'
2026-05-09 13:21:15,798 - INFO - [City population DEBUG] row header='Saint day' value='October 9'
2026-05-09 13:21:15,799 - INFO - [City population DEBUG] row header='Website' value='Official website'
2026-05-09 13:21:15,799 - INFO - [City population] Found from municipality/comune candidate: 63941
2026-05-09 13:21:16,431 - INFO - [City: Crotone] population \u2192 63941 (Wikipedia)
2026-05-09 13:21:16,431 - INFO - [City: Crotone] image \u2192 https://upload.wikimedia.org/wikipedia/commons/thumb/4/46/Crotone_vista_dal_volo_Ryanair_FR5116_%28BLQ-CRV%29.jpg/250px-Crotone_vista_dal_volo_Ryanair_FR5116_%28BLQ-CRV%29.jpg (Wikipedia)
2026-05-09 13:21:16,432 - INFO - Updated city: Crotone
2026-05-09 13:21:17,003 - INFO - ====== WebDriver manager ======
2026-05-09 13:21:18,220 - INFO - Get LATEST chromedriver version for google-chrome
2026-05-09 13:21:18,290 - INFO - Get LATEST chromedriver version for google-chrome
2026-05-09 13:21:18,361 - INFO - Driver [C:\Users\marco\.wdm\drivers\chromedriver\win64\147.0.7727.117\chromedriver-win32/chromedriver.exe] found in cache
2026-05-09 13:21:28,921 - INFO - Accepted consent popup.
2026-05-09 13:21:37,988 - INFO - [Stadium: Ezio Scida] capacity \u2192 11780 (Transfermarkt/Wikipedia)
2026-05-09 13:21:37,988 - INFO - [Stadium: Ezio Scida] year \u2192 1945 (Transfermarkt/Wikipedia)
2026-05-09 13:21:37,988 - INFO - [Stadium: Ezio Scida] latitude \u2192 39.07917 (Wikipedia)
2026-05-09 13:21:37,989 - INFO - [Stadium: Ezio Scida] longitude \u2192 17.11667 (Wikipedia)
2026-05-09 13:21:37,989 - INFO - [Stadium: Ezio Scida] image \u2192 https://tmssl.akamaized.net//images/foto/stadionnormal/ezio-scida-1509704890-12575.jpg?lm=1509704911 (Wikipedia)
2026-05-09 13:21:37,989 - INFO - [Stadium: Ezio Scida] owner_raw \u2192 Municipality of Crotone (Wikipedia)
2026-05-09 13:21:37,989 - INFO - [Stadium: Ezio Scida] ownership \u2192 PUBLIC (Wikipedia)
2026-05-09 13:21:38,005 - INFO - Updated stadium: Ezio Scida
2026-05-09 13:21:42,897 - INFO - ====== WebDriver manager ======
2026-05-09 13:21:44,228 - INFO - Get LATEST chromedriver version for google-chrome
2026-05-09 13:21:44,303 - INFO - Get LATEST chromedriver version for google-chrome
2026-05-09 13:21:44,373 - INFO - Driver [C:\Users\marco\.wdm\drivers\chromedriver\win64\147.0.7727.117\chromedriver-win32/chromedriver.exe] found in cache
2026-05-09 13:21:56,514 - INFO - Accepted consent popup.
2026-05-09 13:22:11,668 - INFO - ====== WebDriver manager ======
2026-05-09 13:22:13,223 - INFO - Get LATEST chromedriver version for google-chrome
2026-05-09 13:22:13,302 - INFO - Get LATEST chromedriver version for google-chrome
2026-05-09 13:22:13,366 - INFO - Driver [C:\Users\marco\.wdm\drivers\chromedriver\win64\147.0.7727.117\chromedriver-win32/chromedriver.exe] found in cache
2026-05-09 13:22:25,365 - INFO - Accepted consent popup.
2026-05-09 13:22:31,758 - INFO - Average attendance extracted: 3990
2026-05-09 13:22:39,690 - INFO - [Team: FC Crotone] manager \u2192 Emilio Longo (Wikipedia)
2026-05-09 13:22:39,690 - INFO - [Team: FC Crotone] founded \u2192 1922-01-01 (Transfermarkt/Wikipedia)
2026-05-09 13:22:39,690 - INFO - [Team: FC Crotone] tier \u2192 3 (Transfermarkt/JSON)
2026-05-09 13:22:39,691 - INFO - Updated team: FC Crotone
2026-05-09 13:22:43,748 - INFO - Finished processing FC Crotone
2026-05-09 13:22:43,748 - INFO - -----------------------------------------
2026-05-09 13:22:43,748 - INFO - Processing team: Calcio Foggia 1920
2026-05-09 13:22:44,207 - INFO - [City population DEBUG] row header='Country' value='Italy'
2026-05-09 13:22:44,207 - INFO - [City population DEBUG] row header='Region' value='Apulia'
2026-05-09 13:22:44,207 - INFO - [City population DEBUG] row header='Province' value='Foggia (FG)'
2026-05-09 13:22:44,207 - INFO - [City population DEBUG] row header='Frazioni' value='Arpinova, Incoronata, Cervaro, Tavernola, Segezia, Duanera La Rocca'
2026-05-09 13:22:44,208 - INFO - [City population DEBUG] row header='• Mayor' value='Maria Aida Episcopo'
2026-05-09 13:22:44,208 - INFO - [City population DEBUG] row header='• Total' value='507 km 2 (196 sq mi)'
2026-05-09 13:22:44,208 - INFO - [City population DEBUG] row header='Elevation' value='76 m (249 ft)'
2026-05-09 13:22:44,208 - INFO - [City population DEBUG] row header='• Total' value='153,143'
2026-05-09 13:22:44,208 - INFO - [City population] Candidate from row '• Total': 153143
2026-05-09 13:22:44,208 - INFO - [City population DEBUG] row header='• Density' value='302/km 2 (782/sq mi)'
2026-05-09 13:22:44,208 - INFO - [City population DEBUG] row header='Demonym' value='Foggians'
2026-05-09 13:22:44,209 - INFO - [City population DEBUG] row header='Time zone' value='UTC+1 ( CET )'
2026-05-09 13:22:44,209 - INFO - [City population DEBUG] row header='• Summer ( DST )' value='UTC+2 ( CEST )'
2026-05-09 13:22:44,209 - INFO - [City population DEBUG] row header='Postal code' value='71121 - 71122 - 71100'
2026-05-09 13:22:44,209 - INFO - [City population DEBUG] row header='Dialing code' value='0881'
2026-05-09 13:22:44,209 - INFO - [City population DEBUG] row header='ISTAT code' value='071024'
2026-05-09 13:22:44,209 - INFO - [City population DEBUG] row header='Patron saint' value='Madonna dei Sette Veli'
2026-05-09 13:22:44,209 - INFO - [City population DEBUG] row header='Saint day' value='March 22'
2026-05-09 13:22:44,209 - INFO - [City population DEBUG] row header='Website' value='www .comune .foggia .it'
2026-05-09 13:22:44,209 - INFO - [City population] Found from municipality/comune candidate: 153143
2026-05-09 13:22:45,302 - INFO - [City: Foggia] population \u2192 153143 (Wikipedia)
2026-05-09 13:22:45,302 - INFO - [City: Foggia] image \u2192 https://upload.wikimedia.org/wikipedia/commons/thumb/a/a8/Piazza_Camillo_Benso_conte_di_Cavour.jpg/250px-Piazza_Camillo_Benso_conte_di_Cavour.jpg (Wikipedia)
2026-05-09 13:22:45,304 - INFO - Updated city: Foggia
2026-05-09 13:22:45,832 - INFO - ====== WebDriver manager ======
2026-05-09 13:22:47,172 - INFO - Get LATEST chromedriver version for google-chrome
2026-05-09 13:22:47,244 - INFO - Get LATEST chromedriver version for google-chrome
2026-05-09 13:22:47,320 - INFO - Driver [C:\Users\marco\.wdm\drivers\chromedriver\win64\147.0.7727.117\chromedriver-win32/chromedriver.exe] found in cache
2026-05-09 13:22:57,218 - INFO - Accepted consent popup.
2026-05-09 13:23:09,761 - INFO - [Stadium: Pino Zaccheria] capacity \u2192 14530 (Transfermarkt/Wikipedia)
2026-05-09 13:23:09,761 - INFO - [Stadium: Pino Zaccheria] year \u2192 1925 (Transfermarkt/Wikipedia)
2026-05-09 13:23:09,761 - INFO - [Stadium: Pino Zaccheria] latitude \u2192 41.45444 (Wikipedia)
2026-05-09 13:23:09,761 - INFO - [Stadium: Pino Zaccheria] longitude \u2192 15.5425 (Wikipedia)
2026-05-09 13:23:09,761 - INFO - [Stadium: Pino Zaccheria] image \u2192 https://tmssl.akamaized.net//images/foto/stadionnormal/stadio-pino-zaccheria-1721978303-143450.jpg?lm=1721978327 (Wikipedia)
2026-05-09 13:23:09,761 - INFO - [Stadium: Pino Zaccheria] owner_raw \u2192 Municipality of Foggia (Wikipedia)
2026-05-09 13:23:09,761 - INFO - [Stadium: Pino Zaccheria] ownership \u2192 PUBLIC (Wikipedia)
2026-05-09 13:23:09,772 - INFO - Updated stadium: Pino Zaccheria
2026-05-09 13:23:14,764 - INFO - ====== WebDriver manager ======
2026-05-09 13:23:16,222 - INFO - Get LATEST chromedriver version for google-chrome
2026-05-09 13:23:16,292 - INFO - Get LATEST chromedriver version for google-chrome
2026-05-09 13:23:16,358 - INFO - Driver [C:\Users\marco\.wdm\drivers\chromedriver\win64\147.0.7727.117\chromedriver-win32/chromedriver.exe] found in cache
2026-05-09 13:23:28,208 - INFO - Accepted consent popup.
2026-05-09 13:23:45,192 - INFO - ====== WebDriver manager ======
2026-05-09 13:23:46,782 - INFO - Get LATEST chromedriver version for google-chrome
2026-05-09 13:23:46,855 - INFO - Get LATEST chromedriver version for google-chrome
2026-05-09 13:23:46,925 - INFO - Driver [C:\Users\marco\.wdm\drivers\chromedriver\win64\147.0.7727.117\chromedriver-win32/chromedriver.exe] found in cache
2026-05-09 13:24:00,198 - INFO - Accepted consent popup.
2026-05-09 13:24:02,451 - INFO - Average attendance extracted: 5568
2026-05-09 13:24:09,063 - INFO - [Team: Calcio Foggia 1920] manager \u2192 Delio Rossi (Wikipedia)
2026-05-09 13:24:09,063 - INFO - [Team: Calcio Foggia 1920] founded \u2192 1920-01-01 (Transfermarkt/Wikipedia)
2026-05-09 13:24:09,063 - INFO - [Team: Calcio Foggia 1920] tier \u2192 3 (Transfermarkt/JSON)
2026-05-09 13:24:09,063 - INFO - Updated team: Calcio Foggia 1920
2026-05-09 13:24:13,120 - INFO - Finished processing Calcio Foggia 1920
2026-05-09 13:24:13,120 - INFO - -----------------------------------------
2026-05-09 13:24:13,120 - INFO - Processing team: Giugliano Calcio 1928
2026-05-09 13:24:13,819 - INFO - [City population DEBUG] row header='Country' value='Italy'
2026-05-09 13:24:13,819 - INFO - [City population DEBUG] row header='Region' value='Campania'
2026-05-09 13:24:13,820 - INFO - [City population DEBUG] row header='Metropolitan city' value='Naples (NA)'
2026-05-09 13:24:13,820 - INFO - [City population DEBUG] row header='Frazioni' value='Lago Patria, Varcaturo, Licola'
2026-05-09 13:24:13,820 - INFO - [City population DEBUG] row header='• Mayor' value='Carmine Valente'
2026-05-09 13:24:13,820 - INFO - [City population DEBUG] row header='• Total' value='94.62 km 2 (36.53 sq mi)'
2026-05-09 13:24:13,820 - INFO - [City population DEBUG] row header='• Total' value='124,633'
2026-05-09 13:24:13,820 - INFO - [City population] Candidate from row '• Total': 124633
2026-05-09 13:24:13,820 - INFO - [City population DEBUG] row header='• Density' value='1,317/km 2 (3,412/sq mi)'
2026-05-09 13:24:13,820 - INFO - [City population DEBUG] row header='Demonym' value='Giuglianesi'
2026-05-09 13:24:13,821 - INFO - [City population DEBUG] row header='Time zone' value='UTC+1 ( CET )'
2026-05-09 13:24:13,821 - INFO - [City population DEBUG] row header='• Summer ( DST )' value='UTC+2 ( CEST )'
2026-05-09 13:24:13,821 - INFO - [City population DEBUG] row header='Postal code' value='80014'
2026-05-09 13:24:13,821 - INFO - [City population DEBUG] row header='Dialing code' value='081'
2026-05-09 13:24:13,821 - INFO - [City population DEBUG] row header='Patron saint' value='St. Iulianus'
2026-05-09 13:24:13,821 - INFO - [City population DEBUG] row header='Saint day' value='January 27'
2026-05-09 13:24:13,821 - INFO - [City population DEBUG] row header='Website' value='Official website'
2026-05-09 13:24:13,821 - INFO - [City population] Found from municipality/comune candidate: 124633
2026-05-09 13:24:14,466 - INFO - [City: Giugliano in Campania] population \u2192 124633 (Wikipedia)
2026-05-09 13:24:14,466 - INFO - [City: Giugliano in Campania] image \u2192 https://upload.wikimedia.org/wikipedia/commons/thumb/e/ed/Annunziata_Giugliano.jpg/250px-Annunziata_Giugliano.jpg (Wikipedia)
2026-05-09 13:24:14,469 - INFO - Updated city: Giugliano in Campania
2026-05-09 13:24:14,469 - INFO - ====== WebDriver manager ======
2026-05-09 13:24:16,026 - INFO - Get LATEST chromedriver version for google-chrome
2026-05-09 13:24:16,097 - INFO - Get LATEST chromedriver version for google-chrome
2026-05-09 13:24:16,169 - INFO - Driver [C:\Users\marco\.wdm\drivers\chromedriver\win64\147.0.7727.117\chromedriver-win32/chromedriver.exe] found in cache
2026-05-09 13:24:25,811 - INFO - Accepted consent popup.
2026-05-09 13:24:31,803 - INFO - [Stadium: Alberto De Cristofaro] capacity \u2192 6045 (Transfermarkt/Wikipedia)
2026-05-09 13:24:31,803 - INFO - [Stadium: Alberto De Cristofaro] year \u2192 2000 (Transfermarkt/Wikipedia)
2026-05-09 13:24:31,803 - WARNING - [Stadium: Alberto De Cristofaro] latitude \u2192 NOT FOUND
2026-05-09 13:24:31,803 - WARNING - [Stadium: Alberto De Cristofaro] longitude \u2192 NOT FOUND
2026-05-09 13:24:31,803 - WARNING - [Stadium: Alberto De Cristofaro] image \u2192 NOT FOUND
2026-05-09 13:24:31,804 - WARNING - [Stadium: Alberto De Cristofaro] owner_raw \u2192 NOT FOUND
2026-05-09 13:24:31,804 - WARNING - [Stadium: Alberto De Cristofaro] ownership \u2192 NOT FOUND
2026-05-09 13:24:31,809 - INFO - Updated stadium: Alberto De Cristofaro
2026-05-09 13:24:36,482 - INFO - ====== WebDriver manager ======
2026-05-09 13:24:37,770 - INFO - Get LATEST chromedriver version for google-chrome
2026-05-09 13:24:37,848 - INFO - Get LATEST chromedriver version for google-chrome
2026-05-09 13:24:37,916 - INFO - Driver [C:\Users\marco\.wdm\drivers\chromedriver\win64\147.0.7727.117\chromedriver-win32/chromedriver.exe] found in cache
2026-05-09 13:24:49,941 - INFO - Accepted consent popup.
2026-05-09 13:25:05,195 - INFO - ====== WebDriver manager ======
2026-05-09 13:25:06,477 - INFO - Get LATEST chromedriver version for google-chrome
2026-05-09 13:25:06,563 - INFO - Get LATEST chromedriver version for google-chrome
2026-05-09 13:25:06,633 - INFO - Driver [C:\Users\marco\.wdm\drivers\chromedriver\win64\147.0.7727.117\chromedriver-win32/chromedriver.exe] found in cache
2026-05-09 13:25:18,496 - INFO - Accepted consent popup.
2026-05-09 13:25:23,002 - INFO - Average attendance extracted: 1232
2026-05-09 13:25:29,923 - INFO - [Team: Giugliano Calcio 1928] manager \u2192 Ezio Capuano (Wikipedia)
2026-05-09 13:25:29,923 - INFO - [Team: Giugliano Calcio 1928] founded \u2192 1928-01-01 (Transfermarkt/Wikipedia)
2026-05-09 13:25:29,923 - INFO - [Team: Giugliano Calcio 1928] tier \u2192 3 (Transfermarkt/JSON)
2026-05-09 13:25:29,924 - INFO - Updated team: Giugliano Calcio 1928
2026-05-09 13:25:33,992 - INFO - Finished processing Giugliano Calcio 1928
2026-05-09 13:25:33,992 - INFO - -----------------------------------------
2026-05-09 13:25:33,992 - INFO - Processing team: FC Trapani 1905
2026-05-09 13:25:34,500 - INFO - [City population DEBUG] row header='Country' value='Italy'
2026-05-09 13:25:34,500 - INFO - [City population DEBUG] row header='Region' value='Sicily'
2026-05-09 13:25:34,500 - INFO - [City population DEBUG] row header='Province' value='Trapani (TP)'
2026-05-09 13:25:34,500 - INFO - [City population DEBUG] row header='Frazioni' value='Borgo Fazio, Fulgatore, Ummari, Xitta'
2026-05-09 13:25:34,501 - INFO - [City population DEBUG] row header='• Mayor' value='Giacomo Tranchida ( PD )'
2026-05-09 13:25:34,501 - INFO - [City population DEBUG] row header='• Total' value='180.49 [ 2 ] km 2 (69.69 sq mi)'
2026-05-09 13:25:34,501 - INFO - [City population DEBUG] row header='Elevation' value='3 m (9.8 ft)'
2026-05-09 13:25:34,501 - INFO - [City population DEBUG] row header='• Total' value='54,887'
2026-05-09 13:25:34,501 - INFO - [City population] Candidate from row '• Total': 54887
2026-05-09 13:25:34,501 - INFO - [City population DEBUG] row header='• Density' value='304.10/km 2 (787.62/sq mi)'
2026-05-09 13:25:34,501 - INFO - [City population DEBUG] row header='Demonym' value='Trapanese'
2026-05-09 13:25:34,502 - INFO - [City population DEBUG] row header='Time zone' value='UTC+1 ( CET )'
2026-05-09 13:25:34,502 - INFO - [City population DEBUG] row header='• Summer ( DST )' value='UTC+2 ( CEST )'
2026-05-09 13:25:34,502 - INFO - [City population DEBUG] row header='Postal code' value='91100'
2026-05-09 13:25:34,502 - INFO - [City population DEBUG] row header='Dialing code' value='0923'
2026-05-09 13:25:34,502 - INFO - [City population DEBUG] row header='Patron saint' value='St. Albert'
2026-05-09 13:25:34,502 - INFO - [City population DEBUG] row header='Saint day' value='August 7'
2026-05-09 13:25:34,502 - INFO - [City population DEBUG] row header='Website' value='Official website'
2026-05-09 13:25:34,502 - INFO - [City population] Found from municipality/comune candidate: 54887
2026-05-09 13:25:35,761 - INFO - [City: Trapani] population \u2192 54887 (Wikipedia)
2026-05-09 13:25:35,761 - INFO - [City: Trapani] image \u2192 https://upload.wikimedia.org/wikipedia/commons/thumb/0/04/Trapani_from_erice.jpg/250px-Trapani_from_erice.jpg (Wikipedia)
2026-05-09 13:25:35,763 - INFO - Updated city: Trapani
2026-05-09 13:25:36,233 - INFO - ====== WebDriver manager ======
2026-05-09 13:25:38,237 - INFO - Get LATEST chromedriver version for google-chrome
2026-05-09 13:25:38,307 - INFO - Get LATEST chromedriver version for google-chrome
2026-05-09 13:25:38,378 - INFO - Driver [C:\Users\marco\.wdm\drivers\chromedriver\win64\147.0.7727.117\chromedriver-win32/chromedriver.exe] found in cache
2026-05-09 13:25:51,952 - INFO - Accepted consent popup.
2026-05-09 13:26:02,306 - INFO - [Stadium: Polisportivo Provinciale] capacity \u2192 7148 (Transfermarkt/Wikipedia)
2026-05-09 13:26:02,306 - INFO - [Stadium: Polisportivo Provinciale] year \u2192 1960 (Transfermarkt/Wikipedia)
2026-05-09 13:26:02,306 - INFO - [Stadium: Polisportivo Provinciale] latitude \u2192 38.02833 (Wikipedia)
2026-05-09 13:26:02,306 - INFO - [Stadium: Polisportivo Provinciale] longitude \u2192 12.54583 (Wikipedia)
2026-05-09 13:26:02,306 - INFO - [Stadium: Polisportivo Provinciale] image \u2192 https://upload.wikimedia.org/wikipedia/commons/thumb/c/cc/Stadio_polisportivo_Trapani.JPG/250px-Stadio_polisportivo_Trapani.JPG (Wikipedia)
2026-05-09 13:26:02,306 - INFO - [Stadium: Polisportivo Provinciale] owner_raw \u2192 Province of Trapani (Wikipedia)
2026-05-09 13:26:02,306 - INFO - [Stadium: Polisportivo Provinciale] ownership \u2192 PUBLIC (Wikipedia)
2026-05-09 13:26:02,313 - INFO - Updated stadium: Polisportivo Provinciale
2026-05-09 13:26:07,119 - INFO - ====== WebDriver manager ======
2026-05-09 13:26:08,593 - INFO - Get LATEST chromedriver version for google-chrome
2026-05-09 13:26:08,660 - INFO - Get LATEST chromedriver version for google-chrome
2026-05-09 13:26:08,727 - INFO - Driver [C:\Users\marco\.wdm\drivers\chromedriver\win64\147.0.7727.117\chromedriver-win32/chromedriver.exe] found in cache
2026-05-09 13:26:20,939 - INFO - Accepted consent popup.
2026-05-09 13:26:36,436 - INFO - ====== WebDriver manager ======
2026-05-09 13:26:38,218 - INFO - Get LATEST chromedriver version for google-chrome
2026-05-09 13:26:38,288 - INFO - Get LATEST chromedriver version for google-chrome
2026-05-09 13:26:38,360 - INFO - Driver [C:\Users\marco\.wdm\drivers\chromedriver\win64\147.0.7727.117\chromedriver-win32/chromedriver.exe] found in cache
2026-05-09 13:26:50,543 - INFO - Accepted consent popup.
2026-05-09 13:26:55,090 - INFO - Average attendance extracted: 4593
2026-05-09 13:27:01,767 - INFO - [Team: FC Trapani 1905] manager \u2192 Salvatore Aronica (Wikipedia)
2026-05-09 13:27:01,767 - INFO - [Team: FC Trapani 1905] founded \u2192 1905-01-01 (Transfermarkt/Wikipedia)
2026-05-09 13:27:01,767 - INFO - [Team: FC Trapani 1905] tier \u2192 3 (Transfermarkt/JSON)
2026-05-09 13:27:01,767 - INFO - Updated team: FC Trapani 1905
2026-05-09 13:27:05,847 - INFO - Finished processing FC Trapani 1905
2026-05-09 13:27:05,847 - INFO - -----------------------------------------
2026-05-09 13:27:05,848 - INFO - Processing team: Latina Calcio 1932
2026-05-09 13:27:06,108 - INFO - [City population DEBUG] row header='Country' value='Italy'
2026-05-09 13:27:06,108 - INFO - [City population DEBUG] row header='Region' value='Lazio'
2026-05-09 13:27:06,108 - INFO - [City population DEBUG] row header='Province' value='Latina (LT)'
2026-05-09 13:27:06,108 - INFO - [City population DEBUG] row header='Frazioni' value='See list'
2026-05-09 13:27:06,109 - INFO - [City population DEBUG] row header='• Mayor' value='Matilde Celentano ( Fdl )'
2026-05-09 13:27:06,109 - INFO - [City population DEBUG] row header='• Total' value='277 km 2 (107 sq mi)'
2026-05-09 13:27:06,109 - INFO - [City population DEBUG] row header='Elevation' value='21 m (69 ft)'
2026-05-09 13:27:06,109 - INFO - [City population DEBUG] row header='• Total' value='125,985'
2026-05-09 13:27:06,109 - INFO - [City population] Candidate from row '• Total': 125985
2026-05-09 13:27:06,110 - INFO - [City population DEBUG] row header='• Density' value='455/km 2 (1,180/sq mi)'
2026-05-09 13:27:06,110 - INFO - [City population DEBUG] row header='Demonym' value='Latinensi'
2026-05-09 13:27:06,110 - INFO - [City population DEBUG] row header='Time zone' value='UTC+1 ( CET )'
2026-05-09 13:27:06,110 - INFO - [City population DEBUG] row header='• Summer ( DST )' value='UTC+2 ( CEST )'
2026-05-09 13:27:06,110 - INFO - [City population DEBUG] row header='Postal code' value='04100, 04010, 04013'
2026-05-09 13:27:06,110 - INFO - [City population DEBUG] row header='Dialing code' value='0773'
2026-05-09 13:27:06,111 - INFO - [City population DEBUG] row header='ISTAT code' value='059011'
2026-05-09 13:27:06,111 - INFO - [City population DEBUG] row header='Patron saint' value='Saint Maria Goretti and St. Mark'
2026-05-09 13:27:06,111 - INFO - [City population DEBUG] row header='Saint day' value='April 25, July 6'
2026-05-09 13:27:06,111 - INFO - [City population DEBUG] row header='Website' value='Official website'
2026-05-09 13:27:06,111 - INFO - [City population] Found from municipality/comune candidate: 125985
2026-05-09 13:27:06,600 - INFO - [City: Latina, Lazio] population \u2192 125985 (Wikipedia)
2026-05-09 13:27:06,600 - INFO - [City: Latina, Lazio] image \u2192 https://upload.wikimedia.org/wikipedia/commons/thumb/0/0c/Vista_panoramica_latina.jpg/250px-Vista_panoramica_latina.jpg (Wikipedia)
2026-05-09 13:27:06,602 - INFO - Updated city: Latina, Lazio
2026-05-09 13:27:07,190 - INFO - ====== WebDriver manager ======
2026-05-09 13:27:08,426 - INFO - Get LATEST chromedriver version for google-chrome
2026-05-09 13:27:08,514 - INFO - Get LATEST chromedriver version for google-chrome
2026-05-09 13:27:08,587 - INFO - Driver [C:\Users\marco\.wdm\drivers\chromedriver\win64\147.0.7727.117\chromedriver-win32/chromedriver.exe] found in cache
2026-05-09 13:27:18,624 - INFO - Accepted consent popup.
2026-05-09 13:27:27,659 - INFO - [Stadium: Domenico Francioni] capacity \u2192 9310 (Transfermarkt/Wikipedia)
2026-05-09 13:27:27,659 - INFO - [Stadium: Domenico Francioni] year \u2192 1932 (Transfermarkt/Wikipedia)
2026-05-09 13:27:27,659 - INFO - [Stadium: Domenico Francioni] latitude \u2192 41.46361 (Wikipedia)
2026-05-09 13:27:27,659 - INFO - [Stadium: Domenico Francioni] longitude \u2192 12.89889 (Wikipedia)
2026-05-09 13:27:27,659 - INFO - [Stadium: Domenico Francioni] image \u2192 https://tmssl.akamaized.net//images/foto/stadionnormal/stadio-domenico-francioni-1418206151-9517.jpg?lm=1491209235 (Wikipedia)
2026-05-09 13:27:27,659 - INFO - [Stadium: Domenico Francioni] owner_raw \u2192 comunale of Latina (Wikipedia)
2026-05-09 13:27:27,659 - INFO - [Stadium: Domenico Francioni] ownership \u2192 UNKNOWN (Wikipedia)
2026-05-09 13:27:27,671 - INFO - Updated stadium: Domenico Francioni
2026-05-09 13:27:32,397 - INFO - ====== WebDriver manager ======
2026-05-09 13:27:33,912 - INFO - Get LATEST chromedriver version for google-chrome
2026-05-09 13:27:33,992 - INFO - Get LATEST chromedriver version for google-chrome
2026-05-09 13:27:34,063 - INFO - Driver [C:\Users\marco\.wdm\drivers\chromedriver\win64\147.0.7727.117\chromedriver-win32/chromedriver.exe] found in cache
2026-05-09 13:27:46,745 - INFO - Accepted consent popup.
2026-05-09 13:28:02,936 - INFO - ====== WebDriver manager ======
2026-05-09 13:28:04,835 - INFO - Get LATEST chromedriver version for google-chrome
2026-05-09 13:28:04,909 - INFO - Get LATEST chromedriver version for google-chrome
2026-05-09 13:28:04,985 - INFO - Driver [C:\Users\marco\.wdm\drivers\chromedriver\win64\147.0.7727.117\chromedriver-win32/chromedriver.exe] found in cache
2026-05-09 13:28:17,408 - INFO - Accepted consent popup.
2026-05-09 13:28:22,210 - INFO - Average attendance extracted: 1842
2026-05-09 13:28:29,098 - INFO - [Team: Latina Calcio 1932] manager \u2192 Pasquale Padalino (Wikipedia)
2026-05-09 13:28:29,098 - INFO - [Team: Latina Calcio 1932] founded \u2192 1945-01-01 (Transfermarkt/Wikipedia)
2026-05-09 13:28:29,098 - INFO - [Team: Latina Calcio 1932] tier \u2192 3 (Transfermarkt/JSON)
2026-05-09 13:28:29,098 - INFO - Updated team: Latina Calcio 1932
2026-05-09 13:28:33,172 - INFO - Finished processing Latina Calcio 1932
2026-05-09 13:28:33,172 - INFO - -----------------------------------------
2026-05-09 13:28:33,172 - INFO - Processing team: SS Monopoli 1966
2026-05-09 13:28:33,542 - INFO - [City population DEBUG] row header='Country' value='Italy'
2026-05-09 13:28:33,542 - INFO - [City population DEBUG] row header='Region' value='Apulia'
2026-05-09 13:28:33,543 - INFO - [City population DEBUG] row header='Metropolitan city' value='Bari (BA)'
2026-05-09 13:28:33,543 - INFO - [City population DEBUG] row header='Frazioni' value='See list'
2026-05-09 13:28:33,543 - INFO - [City population DEBUG] row header='• Mayor' value='Angelo Annese ( Forza Italia )'
2026-05-09 13:28:33,543 - INFO - [City population DEBUG] row header='• Total' value='157.89 km 2 (60.96 sq mi)'
2026-05-09 13:28:33,544 - INFO - [City population DEBUG] row header='Elevation' value='9 m (30 ft)'
2026-05-09 13:28:33,544 - INFO - [City population DEBUG] row header='• Total' value='49,246'
2026-05-09 13:28:33,544 - INFO - [City population] Candidate from row '• Total': 49246
2026-05-09 13:28:33,544 - INFO - [City population DEBUG] row header='• Density' value='311.90/km 2 (807.82/sq mi)'
2026-05-09 13:28:33,545 - INFO - [City population DEBUG] row header='Demonym' value='Monopolitani'
2026-05-09 13:28:33,545 - INFO - [City population DEBUG] row header='Time zone' value='UTC+1 ( CET )'
2026-05-09 13:28:33,545 - INFO - [City population DEBUG] row header='• Summer ( DST )' value='UTC+2 ( CEST )'
2026-05-09 13:28:33,545 - INFO - [City population DEBUG] row header='Postal code' value='70043'
2026-05-09 13:28:33,545 - INFO - [City population DEBUG] row header='Dialing code' value='080'
2026-05-09 13:28:33,546 - INFO - [City population DEBUG] row header='Patron saint' value='Madonna della Madia'
2026-05-09 13:28:33,546 - INFO - [City population DEBUG] row header='Saint day' value='December 16'
2026-05-09 13:28:33,546 - INFO - [City population DEBUG] row header='Website' value='Official website'
2026-05-09 13:28:33,546 - INFO - [City population] Found from municipality/comune candidate: 49246
2026-05-09 13:28:34,123 - INFO - [City: Monopoli] population \u2192 49246 (Wikipedia)
2026-05-09 13:28:34,123 - INFO - [City: Monopoli] image \u2192 https://upload.wikimedia.org/wikipedia/commons/thumb/d/dd/Vedutamonopoli2.jpg/250px-Vedutamonopoli2.jpg (Wikipedia)
2026-05-09 13:28:34,125 - INFO - Updated city: Monopoli
2026-05-09 13:28:34,643 - INFO - ====== WebDriver manager ======
2026-05-09 13:28:36,281 - INFO - Get LATEST chromedriver version for google-chrome
2026-05-09 13:28:36,346 - INFO - Get LATEST chromedriver version for google-chrome
2026-05-09 13:28:36,417 - INFO - Driver [C:\Users\marco\.wdm\drivers\chromedriver\win64\147.0.7727.117\chromedriver-win32/chromedriver.exe] found in cache
2026-05-09 13:28:47,252 - INFO - Accepted consent popup.
2026-05-09 13:28:57,826 - INFO - Year not found on Transfermarkt for stadium Vito Simone Veneziani
2026-05-09 13:29:00,480 - INFO - [Stadium: Vito Simone Veneziani] capacity \u2192 4177 (Transfermarkt/Wikipedia)
2026-05-09 13:29:00,480 - WARNING - [Stadium: Vito Simone Veneziani] year \u2192 NOT FOUND
2026-05-09 13:29:00,480 - INFO - [Stadium: Vito Simone Veneziani] latitude \u2192 40.95712 (Wikipedia)
2026-05-09 13:29:00,480 - INFO - [Stadium: Vito Simone Veneziani] longitude \u2192 17.29372 (Wikipedia)
2026-05-09 13:29:00,481 - INFO - [Stadium: Vito Simone Veneziani] image \u2192 https://maps.wikimedia.org/img/osm-intl,13,a,a,250x200.png?lang=en&domain=en.wikipedia.org&title=Stadio_Vito_Simone_Veneziani&revid=1329950110&groups=_aa372c9f88b7c3f1e808312edd0bbee753c83417&parser=legacy (Wikipedia)
2026-05-09 13:29:00,481 - INFO - [Stadium: Vito Simone Veneziani] owner_raw \u2192 Municipality of Monopoli (Wikipedia)
2026-05-09 13:29:00,481 - INFO - [Stadium: Vito Simone Veneziani] ownership \u2192 PUBLIC (Wikipedia)
2026-05-09 13:29:00,487 - INFO - Updated stadium: Vito Simone Veneziani
2026-05-09 13:29:05,229 - INFO - ====== WebDriver manager ======
2026-05-09 13:29:06,734 - INFO - Get LATEST chromedriver version for google-chrome
2026-05-09 13:29:06,826 - INFO - Get LATEST chromedriver version for google-chrome
2026-05-09 13:29:06,891 - INFO - Driver [C:\Users\marco\.wdm\drivers\chromedriver\win64\147.0.7727.117\chromedriver-win32/chromedriver.exe] found in cache
2026-05-09 13:29:19,140 - INFO - Accepted consent popup.
2026-05-09 13:29:35,545 - INFO - ====== WebDriver manager ======
2026-05-09 13:29:37,223 - INFO - Get LATEST chromedriver version for google-chrome
2026-05-09 13:29:37,304 - INFO - Get LATEST chromedriver version for google-chrome
2026-05-09 13:29:37,377 - INFO - Driver [C:\Users\marco\.wdm\drivers\chromedriver\win64\147.0.7727.117\chromedriver-win32/chromedriver.exe] found in cache
2026-05-09 13:29:49,476 - INFO - Accepted consent popup.
2026-05-09 13:29:54,790 - INFO - Average attendance extracted: 2793
2026-05-09 13:30:01,557 - INFO - [Team: SS Monopoli 1966] manager \u2192 Alberto Colombo (Wikipedia)
2026-05-09 13:30:01,557 - INFO - [Team: SS Monopoli 1966] founded \u2192 1966-01-01 (Transfermarkt/Wikipedia)
2026-05-09 13:30:01,558 - INFO - [Team: SS Monopoli 1966] tier \u2192 3 (Transfermarkt/JSON)
2026-05-09 13:30:01,558 - INFO - Updated team: SS Monopoli 1966
2026-05-09 13:30:05,624 - INFO - Finished processing SS Monopoli 1966
2026-05-09 13:30:05,625 - INFO - -----------------------------------------
2026-05-09 13:30:05,625 - INFO - Processing team: Audace Cerignola
2026-05-09 13:30:05,870 - INFO - [City population DEBUG] row header='Country' value='Italy'
2026-05-09 13:30:05,870 - INFO - [City population DEBUG] row header='Region' value='Apulia'
2026-05-09 13:30:05,871 - INFO - [City population DEBUG] row header='Province' value='Foggia (FG)'
2026-05-09 13:30:05,872 - INFO - [City population DEBUG] row header='Frazioni' value='Angeloni, Borgo Libertà, Borgo Tressanti, Cerignola Campagna, La Pila, Montaltino, Moschella, Posta Incorvera, Posta Uccello, Pozzo Terraneo, Salice, San Giovanni in Fonte, San Michele delle Vigne, Tannioa'
2026-05-09 13:30:05,872 - INFO - [City population DEBUG] row header='• Mayor' value='Francesco Bonito'
2026-05-09 13:30:05,872 - INFO - [City population DEBUG] row header='• Total' value='593.71 km 2 (229.23 sq mi)'
2026-05-09 13:30:05,872 - INFO - [City population DEBUG] row header='Elevation' value='120 m (390 ft)'
2026-05-09 13:30:05,873 - INFO - [City population DEBUG] row header='• Total' value='58,534'
2026-05-09 13:30:05,873 - INFO - [City population] Candidate from row '• Total': 58534
2026-05-09 13:30:05,873 - INFO - [City population DEBUG] row header='• Density' value='98.590/km 2 (255.35/sq mi)'
2026-05-09 13:30:05,874 - INFO - [City population DEBUG] row header='Demonym' value='Cerignolani'
2026-05-09 13:30:05,874 - INFO - [City population DEBUG] row header='Time zone' value='UTC+1 ( CET )'
2026-05-09 13:30:05,874 - INFO - [City population DEBUG] row header='• Summer ( DST )' value='UTC+2 ( CEST )'
2026-05-09 13:30:05,874 - INFO - [City population DEBUG] row header='Postal code' value='71042'
2026-05-09 13:30:05,874 - INFO - [City population DEBUG] row header='Dialing code' value='0885'
2026-05-09 13:30:05,875 - INFO - [City population DEBUG] row header='Patron saint' value='Madonna of Ripalta'
2026-05-09 13:30:05,875 - INFO - [City population DEBUG] row header='Saint day' value='September 8'
2026-05-09 13:30:05,875 - INFO - [City population DEBUG] row header='Website' value='Official website'
2026-05-09 13:30:05,875 - INFO - [City population] Found from municipality/comune candidate: 58534
2026-05-09 13:30:07,228 - INFO - [City: Cerignola] population \u2192 58534 (Wikipedia)
2026-05-09 13:30:07,228 - INFO - [City: Cerignola] image \u2192 https://upload.wikimedia.org/wikipedia/commons/thumb/5/59/Chiesa_Carmine_01.jpg/250px-Chiesa_Carmine_01.jpg (Wikipedia)
2026-05-09 13:30:07,231 - INFO - Updated city: Cerignola
2026-05-09 13:30:07,231 - INFO - ====== WebDriver manager ======
2026-05-09 13:30:08,839 - INFO - Get LATEST chromedriver version for google-chrome
2026-05-09 13:30:08,913 - INFO - Get LATEST chromedriver version for google-chrome
2026-05-09 13:30:08,978 - INFO - Driver [C:\Users\marco\.wdm\drivers\chromedriver\win64\147.0.7727.117\chromedriver-win32/chromedriver.exe] found in cache
2026-05-09 13:30:20,054 - INFO - Accepted consent popup.
2026-05-09 13:30:29,155 - INFO - [Stadium: Domenico Monterisi] capacity \u2192 7453 (Transfermarkt/Wikipedia)
2026-05-09 13:30:29,155 - INFO - [Stadium: Domenico Monterisi] year \u2192 1932 (Transfermarkt/Wikipedia)
2026-05-09 13:30:29,156 - WARNING - [Stadium: Domenico Monterisi] latitude \u2192 NOT FOUND
2026-05-09 13:30:29,156 - WARNING - [Stadium: Domenico Monterisi] longitude \u2192 NOT FOUND
2026-05-09 13:30:29,156 - WARNING - [Stadium: Domenico Monterisi] image \u2192 NOT FOUND
2026-05-09 13:30:29,156 - WARNING - [Stadium: Domenico Monterisi] owner_raw \u2192 NOT FOUND
2026-05-09 13:30:29,156 - WARNING - [Stadium: Domenico Monterisi] ownership \u2192 NOT FOUND
2026-05-09 13:30:29,158 - INFO - Updated stadium: Domenico Monterisi
2026-05-09 13:30:33,721 - INFO - ====== WebDriver manager ======
2026-05-09 13:30:35,156 - INFO - Get LATEST chromedriver version for google-chrome
2026-05-09 13:30:35,230 - INFO - Get LATEST chromedriver version for google-chrome
2026-05-09 13:30:35,300 - INFO - Driver [C:\Users\marco\.wdm\drivers\chromedriver\win64\147.0.7727.117\chromedriver-win32/chromedriver.exe] found in cache
2026-05-09 13:30:47,680 - INFO - Accepted consent popup.
2026-05-09 13:31:11,501 - INFO - ====== WebDriver manager ======
2026-05-09 13:31:13,867 - INFO - Get LATEST chromedriver version for google-chrome
2026-05-09 13:31:13,934 - INFO - Get LATEST chromedriver version for google-chrome
2026-05-09 13:31:14,003 - INFO - Driver [C:\Users\marco\.wdm\drivers\chromedriver\win64\147.0.7727.117\chromedriver-win32/chromedriver.exe] found in cache
2026-05-09 13:31:25,185 - INFO - Accepted consent popup.
2026-05-09 13:31:32,702 - INFO - Average attendance extracted: 2035
2026-05-09 13:31:41,742 - INFO - [Team: Audace Cerignola] manager \u2192 Vincenzo Maiuri (Wikipedia)
2026-05-09 13:31:41,742 - INFO - [Team: Audace Cerignola] founded \u2192 1912-01-01 (Transfermarkt/Wikipedia)
2026-05-09 13:31:41,743 - INFO - [Team: Audace Cerignola] tier \u2192 3 (Transfermarkt/JSON)
2026-05-09 13:31:41,743 - INFO - Updated team: Audace Cerignola
2026-05-09 13:31:45,801 - INFO - Finished processing Audace Cerignola
2026-05-09 13:31:45,802 - INFO - -----------------------------------------
2026-05-09 13:31:45,802 - INFO - Processing team: ASD Team Altamura
2026-05-09 13:31:46,148 - INFO - [City population DEBUG] row header='Country' value='Italy'
2026-05-09 13:31:46,149 - INFO - [City population DEBUG] row header='Region' value='Apulia'
2026-05-09 13:31:46,149 - INFO - [City population DEBUG] row header='Metropolitan city' value='Bari (BA)'
2026-05-09 13:31:46,150 - INFO - [City population DEBUG] row header='Frazioni' value='Casal Sabini , Fornello, Madonna del Buon Cammino, Marinella, Masseria Franchini, Pescariello, Sanuca'
2026-05-09 13:31:46,150 - INFO - [City population DEBUG] row header='• Mayor' value='Francesco Rinaldi'
2026-05-09 13:31:46,151 - INFO - [City population DEBUG] row header='• Total' value='427 km 2 (165 sq mi)'
2026-05-09 13:31:46,151 - INFO - [City population DEBUG] row header='Elevation' value='450 m (1,480 ft)'
2026-05-09 13:31:46,151 - INFO - [City population DEBUG] row header='• Total' value='70,539'
2026-05-09 13:31:46,152 - INFO - [City population] Candidate from row '• Total': 70539
2026-05-09 13:31:46,152 - INFO - [City population DEBUG] row header='• Density' value='165/km 2 (428/sq mi)'
2026-05-09 13:31:46,152 - INFO - [City population DEBUG] row header='Demonym' value='Altamuran'
2026-05-09 13:31:46,153 - INFO - [City population DEBUG] row header='Time zone' value='UTC+1 ( CET )'
2026-05-09 13:31:46,153 - INFO - [City population DEBUG] row header='• Summer ( DST )' value='UTC+2 ( CEST )'
2026-05-09 13:31:46,153 - INFO - [City population DEBUG] row header='Postal code' value='70022'
2026-05-09 13:31:46,154 - INFO - [City population DEBUG] row header='Dialing code' value='080'
2026-05-09 13:31:46,154 - INFO - [City population DEBUG] row header='Patron saint' value='Saint Irene of Lecce'
2026-05-09 13:31:46,154 - INFO - [City population DEBUG] row header='Saint day' value='May 5'
2026-05-09 13:31:46,155 - INFO - [City population DEBUG] row header='Website' value='Official website'
2026-05-09 13:31:46,155 - INFO - [City population] Found from municipality/comune candidate: 70539
2026-05-09 13:31:46,794 - INFO - [City: Altamura] population \u2192 70539 (Wikipedia)
2026-05-09 13:31:46,794 - INFO - [City: Altamura] image \u2192 https://upload.wikimedia.org/wikipedia/commons/thumb/8/82/Altamura%2C_basilica_cattedrale_palatina_di_s.m._assunta%2C_01.jpg/250px-Altamura%2C_basilica_cattedrale_palatina_di_s.m._assunta%2C_01.jpg (Wikipedia)
2026-05-09 13:31:46,799 - INFO - Updated city: Altamura
2026-05-09 13:31:46,799 - INFO - ====== WebDriver manager ======
2026-05-09 13:31:48,749 - INFO - Get LATEST chromedriver version for google-chrome
2026-05-09 13:31:48,827 - INFO - Get LATEST chromedriver version for google-chrome
2026-05-09 13:31:48,913 - INFO - Driver [C:\Users\marco\.wdm\drivers\chromedriver\win64\147.0.7727.117\chromedriver-win32/chromedriver.exe] found in cache
2026-05-09 13:32:00,277 - INFO - Accepted consent popup.
2026-05-09 13:32:06,255 - INFO - Year not found on Transfermarkt for stadium Tonino D'Angelo
2026-05-09 13:32:09,008 - INFO - [Stadium: Tonino D'Angelo] capacity \u2192 3500 (Transfermarkt/Wikipedia)
2026-05-09 13:32:09,008 - WARNING - [Stadium: Tonino D'Angelo] year \u2192 NOT FOUND
2026-05-09 13:32:09,008 - WARNING - [Stadium: Tonino D'Angelo] latitude \u2192 NOT FOUND
2026-05-09 13:32:09,008 - WARNING - [Stadium: Tonino D'Angelo] longitude \u2192 NOT FOUND
2026-05-09 13:32:09,008 - WARNING - [Stadium: Tonino D'Angelo] image \u2192 NOT FOUND
2026-05-09 13:32:09,009 - WARNING - [Stadium: Tonino D'Angelo] owner_raw \u2192 NOT FOUND
2026-05-09 13:32:09,009 - WARNING - [Stadium: Tonino D'Angelo] ownership \u2192 NOT FOUND
2026-05-09 13:32:09,018 - INFO - Updated stadium: Tonino D'Angelo
2026-05-09 13:32:13,590 - INFO - ====== WebDriver manager ======
2026-05-09 13:32:14,904 - INFO - Get LATEST chromedriver version for google-chrome
2026-05-09 13:32:14,976 - INFO - Get LATEST chromedriver version for google-chrome
2026-05-09 13:32:15,042 - INFO - Driver [C:\Users\marco\.wdm\drivers\chromedriver\win64\147.0.7727.117\chromedriver-win32/chromedriver.exe] found in cache
2026-05-09 13:32:27,431 - INFO - Accepted consent popup.
2026-05-09 13:32:47,385 - INFO - ====== WebDriver manager ======
2026-05-09 13:32:49,380 - INFO - Get LATEST chromedriver version for google-chrome
2026-05-09 13:32:49,469 - INFO - Get LATEST chromedriver version for google-chrome
2026-05-09 13:32:49,540 - INFO - Driver [C:\Users\marco\.wdm\drivers\chromedriver\win64\147.0.7727.117\chromedriver-win32/chromedriver.exe] found in cache
2026-05-09 13:33:01,703 - INFO - Accepted consent popup.
2026-05-09 13:33:05,030 - INFO - Average attendance extracted: 2022
2026-05-09 13:33:11,660 - INFO - [Team: ASD Team Altamura] manager \u2192 Daniele Di Donato (Wikipedia)
2026-05-09 13:33:11,660 - INFO - [Team: ASD Team Altamura] founded \u2192 2024-01-01 (Transfermarkt/Wikipedia)
2026-05-09 13:33:11,660 - INFO - [Team: ASD Team Altamura] tier \u2192 3 (Transfermarkt/JSON)
2026-05-09 13:33:11,660 - INFO - Updated team: ASD Team Altamura
2026-05-09 13:33:15,717 - INFO - Finished processing ASD Team Altamura
2026-05-09 13:33:15,717 - INFO - -----------------------------------------
2026-05-09 13:33:15,718 - INFO - Processing team: Cavese 1919
2026-05-09 13:33:16,024 - INFO - [City population DEBUG] row header='Country' value='Italy'
2026-05-09 13:33:16,024 - INFO - [City population DEBUG] row header='Region' value='Campania'
2026-05-09 13:33:16,025 - INFO - [City population DEBUG] row header='Province' value='Salerno (SA)'
2026-05-09 13:33:16,025 - INFO - [City population DEBUG] row header='Frazioni' value='see text'
2026-05-09 13:33:16,026 - INFO - [City population DEBUG] row header='• Mayor' value='Vincenzo Servalli'
2026-05-09 13:33:16,026 - INFO - [City population DEBUG] row header='• Total' value='36.46 km 2 (14.08 sq mi)'
2026-05-09 13:33:16,026 - INFO - [City population DEBUG] row header='Elevation' value='180 m (590 ft)'
2026-05-09 13:33:16,027 - INFO - [City population DEBUG] row header='• Total' value='50,346'
2026-05-09 13:33:16,027 - INFO - [City population] Candidate from row '• Total': 50346
2026-05-09 13:33:16,027 - INFO - [City population DEBUG] row header='• Density' value='1,381/km 2 (3,576/sq mi)'
2026-05-09 13:33:16,028 - INFO - [City population DEBUG] row header='Demonym' value='Cavesi'
2026-05-09 13:33:16,028 - INFO - [City population DEBUG] row header='Time zone' value='UTC+1 ( CET )'
2026-05-09 13:33:16,028 - INFO - [City population DEBUG] row header='• Summer ( DST )' value='UTC+2 ( CEST )'
2026-05-09 13:33:16,029 - INFO - [City population DEBUG] row header='Postal code' value='84013'
2026-05-09 13:33:16,029 - INFO - [City population DEBUG] row header='Dialing code' value='089'
2026-05-09 13:33:16,029 - INFO - [City population DEBUG] row header='ISTAT code' value='065037'
2026-05-09 13:33:16,030 - INFO - [City population DEBUG] row header='Patron saint' value='Sant'Adiutore & Santa Maria Incoronata dell’Olmo'
2026-05-09 13:33:16,030 - INFO - [City population DEBUG] row header='Saint day' value='September 8'
2026-05-09 13:33:16,030 - INFO - [City population DEBUG] row header='Website' value='Official website'
2026-05-09 13:33:16,030 - INFO - [City population] Found from municipality/comune candidate: 50346
2026-05-09 13:33:16,699 - INFO - [City: Cava de' Tirreni] population \u2192 50346 (Wikipedia)
2026-05-09 13:33:16,699 - INFO - [City: Cava de' Tirreni] image \u2192 https://upload.wikimedia.org/wikipedia/commons/thumb/4/48/Cava.jpg/250px-Cava.jpg (Wikipedia)
2026-05-09 13:33:16,702 - INFO - Updated city: Cava de' Tirreni
2026-05-09 13:33:17,155 - INFO - ====== WebDriver manager ======
2026-05-09 13:33:18,437 - INFO - Get LATEST chromedriver version for google-chrome
2026-05-09 13:33:18,519 - INFO - Get LATEST chromedriver version for google-chrome
2026-05-09 13:33:18,601 - INFO - Driver [C:\Users\marco\.wdm\drivers\chromedriver\win64\147.0.7727.117\chromedriver-win32/chromedriver.exe] found in cache
2026-05-09 13:33:29,435 - INFO - Accepted consent popup.
2026-05-09 13:33:34,096 - INFO - [Stadium: Simonetta Lamberti] capacity \u2192 5200 (Transfermarkt/Wikipedia)
2026-05-09 13:33:34,096 - INFO - [Stadium: Simonetta Lamberti] year \u2192 1960 (Transfermarkt/Wikipedia)
2026-05-09 13:33:34,097 - INFO - [Stadium: Simonetta Lamberti] latitude \u2192 40.70972 (Wikipedia)
2026-05-09 13:33:34,097 - INFO - [Stadium: Simonetta Lamberti] longitude \u2192 14.7025 (Wikipedia)
2026-05-09 13:33:34,097 - INFO - [Stadium: Simonetta Lamberti] image \u2192 https://tmssl.akamaized.net//images/foto/stadionnormal/akragas-supporters-2012-stadio-simonetta-lamberti-1721979306-143453.jpg?lm=1721979336 (Wikipedia)
2026-05-09 13:33:34,098 - INFO - [Stadium: Simonetta Lamberti] owner_raw \u2192 Municipality of Cava de' Tirreni (Wikipedia)
2026-05-09 13:33:34,098 - INFO - [Stadium: Simonetta Lamberti] ownership \u2192 PUBLIC (Wikipedia)
2026-05-09 13:33:34,114 - INFO - Updated stadium: Simonetta Lamberti
2026-05-09 13:33:39,230 - INFO - ====== WebDriver manager ======
2026-05-09 13:33:40,509 - INFO - Get LATEST chromedriver version for google-chrome
2026-05-09 13:33:40,592 - INFO - Get LATEST chromedriver version for google-chrome
2026-05-09 13:33:40,663 - INFO - Driver [C:\Users\marco\.wdm\drivers\chromedriver\win64\147.0.7727.117\chromedriver-win32/chromedriver.exe] found in cache
2026-05-09 13:33:52,248 - INFO - Accepted consent popup.
2026-05-09 13:34:07,026 - INFO - ====== WebDriver manager ======
2026-05-09 13:34:08,346 - INFO - Get LATEST chromedriver version for google-chrome
2026-05-09 13:34:08,423 - INFO - Get LATEST chromedriver version for google-chrome
2026-05-09 13:34:08,492 - INFO - Driver [C:\Users\marco\.wdm\drivers\chromedriver\win64\147.0.7727.117\chromedriver-win32/chromedriver.exe] found in cache
2026-05-09 13:34:21,598 - INFO - Accepted consent popup.
2026-05-09 13:34:24,078 - INFO - Average attendance extracted: 2794
2026-05-09 13:34:30,733 - INFO - [Team: Cavese 1919] manager \u2192 Fabio Prosperi (Wikipedia)
2026-05-09 13:34:30,734 - INFO - [Team: Cavese 1919] founded \u2192 1919-01-01 (Transfermarkt/Wikipedia)
2026-05-09 13:34:30,734 - INFO - [Team: Cavese 1919] tier \u2192 3 (Transfermarkt/JSON)
2026-05-09 13:34:30,734 - INFO - Updated team: Cavese 1919
2026-05-09 13:34:34,792 - INFO - Finished processing Cavese 1919
2026-05-09 13:34:34,792 - INFO - -----------------------------------------
2026-05-09 13:34:34,792 - INFO - Processing team: AZ Picerno
2026-05-09 13:34:35,121 - INFO - [City population DEBUG] row header='Country' value='Italy'
2026-05-09 13:34:35,121 - INFO - [City population DEBUG] row header='Region' value='Basilicata'
2026-05-09 13:34:35,121 - INFO - [City population DEBUG] row header='Province' value='Potenza (PZ)'
2026-05-09 13:34:35,121 - INFO - [City population DEBUG] row header='• Mayor' value='Margherita Scavone'
2026-05-09 13:34:35,122 - INFO - [City population DEBUG] row header='• Total' value='78 km 2 (30 sq mi)'
2026-05-09 13:34:35,122 - INFO - [City population DEBUG] row header='Elevation' value='721 m (2,365 ft)'
2026-05-09 13:34:35,122 - INFO - [City population DEBUG] row header='• Total' value='5,583'
2026-05-09 13:34:35,123 - INFO - [City population] Candidate from row '• Total': 5583
2026-05-09 13:34:35,123 - INFO - [City population DEBUG] row header='• Density' value='72/km 2 (190/sq mi)'
2026-05-09 13:34:35,123 - INFO - [City population DEBUG] row header='Demonym' value='Picernesi'
2026-05-09 13:34:35,123 - INFO - [City population DEBUG] row header='Time zone' value='UTC+1 ( CET )'
2026-05-09 13:34:35,123 - INFO - [City population DEBUG] row header='• Summer ( DST )' value='UTC+2 ( CEST )'
2026-05-09 13:34:35,123 - INFO - [City population DEBUG] row header='Postal code' value='85055'
2026-05-09 13:34:35,123 - INFO - [City population DEBUG] row header='Dialing code' value='0971'
2026-05-09 13:34:35,123 - INFO - [City population DEBUG] row header='ISTAT code' value='076059'
2026-05-09 13:34:35,124 - INFO - [City population DEBUG] row header='Patron saint' value='St. Nicholas'
2026-05-09 13:34:35,124 - INFO - [City population DEBUG] row header='Saint day' value='9 May and 6 December'
2026-05-09 13:34:35,124 - INFO - [City population DEBUG] row header='Website' value='Official website'
2026-05-09 13:34:35,124 - INFO - [City population] Found from municipality/comune candidate: 5583
2026-05-09 13:34:35,521 - INFO - [City: Picerno] population \u2192 5583 (Wikipedia)
2026-05-09 13:34:35,521 - INFO - [City: Picerno] image \u2192 https://upload.wikimedia.org/wikipedia/commons/thumb/0/0b/Picerno_-_Comune_di_Picerno_-_2024-09-17_14-03-23_003.jpg/250px-Picerno_-_Comune_di_Picerno_-_2024-09-17_14-03-23_003.jpg (Wikipedia)
2026-05-09 13:34:35,525 - INFO - Updated city: Picerno
2026-05-09 13:34:35,525 - INFO - ====== WebDriver manager ======
2026-05-09 13:34:37,708 - INFO - Get LATEST chromedriver version for google-chrome
2026-05-09 13:34:37,795 - INFO - Get LATEST chromedriver version for google-chrome
2026-05-09 13:34:37,864 - INFO - Driver [C:\Users\marco\.wdm\drivers\chromedriver\win64\147.0.7727.117\chromedriver-win32/chromedriver.exe] found in cache
2026-05-09 13:34:51,032 - INFO - Accepted consent popup.
2026-05-09 13:35:03,852 - INFO - [Stadium: Donato Curcio] capacity \u2192 1600 (Transfermarkt/Wikipedia)
2026-05-09 13:35:03,853 - INFO - [Stadium: Donato Curcio] year \u2192 2008 (Transfermarkt/Wikipedia)
2026-05-09 13:35:03,853 - WARNING - [Stadium: Donato Curcio] latitude \u2192 NOT FOUND
2026-05-09 13:35:03,854 - WARNING - [Stadium: Donato Curcio] longitude \u2192 NOT FOUND
2026-05-09 13:35:03,854 - WARNING - [Stadium: Donato Curcio] image \u2192 NOT FOUND
2026-05-09 13:35:03,854 - WARNING - [Stadium: Donato Curcio] owner_raw \u2192 NOT FOUND
2026-05-09 13:35:03,854 - WARNING - [Stadium: Donato Curcio] ownership \u2192 NOT FOUND
2026-05-09 13:35:03,870 - INFO - Updated stadium: Donato Curcio
2026-05-09 13:35:08,739 - INFO - ====== WebDriver manager ======
2026-05-09 13:35:11,722 - INFO - Get LATEST chromedriver version for google-chrome
2026-05-09 13:35:11,825 - INFO - Get LATEST chromedriver version for google-chrome
2026-05-09 13:35:11,898 - INFO - Driver [C:\Users\marco\.wdm\drivers\chromedriver\win64\147.0.7727.117\chromedriver-win32/chromedriver.exe] found in cache
2026-05-09 13:35:32,704 - INFO - Accepted consent popup.
2026-05-09 13:36:18,099 - INFO - ====== WebDriver manager ======
2026-05-09 13:36:22,284 - INFO - Get LATEST chromedriver version for google-chrome
2026-05-09 13:36:22,443 - INFO - Get LATEST chromedriver version for google-chrome
2026-05-09 13:36:22,513 - INFO - Driver [C:\Users\marco\.wdm\drivers\chromedriver\win64\147.0.7727.117\chromedriver-win32/chromedriver.exe] found in cache
2026-05-09 13:36:42,364 - INFO - Accepted consent popup.
2026-05-09 13:36:57,855 - INFO - Average attendance extracted: 895
2026-05-09 13:37:05,982 - INFO - [Team: AZ Picerno] manager \u2192 Francesco Tomei (Wikipedia)
2026-05-09 13:37:05,985 - INFO - [Team: AZ Picerno] founded \u2192 1973-01-01 (Transfermarkt/Wikipedia)
2026-05-09 13:37:05,986 - INFO - [Team: AZ Picerno] tier \u2192 3 (Transfermarkt/JSON)
2026-05-09 13:37:05,986 - INFO - Updated team: AZ Picerno
2026-05-09 13:37:10,055 - INFO - Finished processing AZ Picerno
2026-05-09 13:37:10,055 - INFO - -----------------------------------------
2026-05-09 13:37:10,055 - INFO - Processing team: Sorrento 1945
2026-05-09 13:37:10,915 - INFO - [City population DEBUG] row header='Country' value='Italy'
2026-05-09 13:37:10,916 - INFO - [City population DEBUG] row header='Region' value='Campania'
2026-05-09 13:37:10,916 - INFO - [City population DEBUG] row header='Metropolitan city' value='Naples (NA)'
2026-05-09 13:37:10,916 - INFO - [City population DEBUG] row header='Frazioni' value='Casarlano, Cesarano, Marano, Priora, Santa Lucia, Sorrento Capo, Sorrento Marina Grande'
2026-05-09 13:37:10,917 - INFO - [City population DEBUG] row header='• Mayor' value='Massimo Coppola (since 2020)'
2026-05-09 13:37:10,917 - INFO - [City population DEBUG] row header='• Total' value='9 km 2 (3.5 sq mi)'
2026-05-09 13:37:10,917 - INFO - [City population DEBUG] row header='Elevation' value='50 m (160 ft)'
2026-05-09 13:37:10,917 - INFO - [City population DEBUG] row header='• Total' value='15,163'
2026-05-09 13:37:10,917 - INFO - [City population] Candidate from row '• Total': 15163
2026-05-09 13:37:10,917 - INFO - [City population DEBUG] row header='• Density' value='1,700/km 2 (4,400/sq mi)'
2026-05-09 13:37:10,917 - INFO - [City population DEBUG] row header='Demonym(s)' value='Sorrentino/Sorrentini (masculine), Sorrentina/Sorrentine (feminine)'
2026-05-09 13:37:10,917 - INFO - [City population DEBUG] row header='Time zone' value='UTC+1 ( CET )'
2026-05-09 13:37:10,917 - INFO - [City population DEBUG] row header='• Summer ( DST )' value='UTC+2 ( CEST )'
2026-05-09 13:37:10,917 - INFO - [City population DEBUG] row header='Patron saint' value='St. Antoninus'
2026-05-09 13:37:10,918 - INFO - [City population DEBUG] row header='Saint day' value='February 14'
2026-05-09 13:37:10,918 - INFO - [City population DEBUG] row header='Website' value='comune .sorrento .na .it'
2026-05-09 13:37:10,918 - INFO - [City population] Found from municipality/comune candidate: 15163
2026-05-09 13:37:11,446 - INFO - [City: Sorrento] population \u2192 15163 (Wikipedia)
2026-05-09 13:37:11,446 - INFO - [City: Sorrento] image \u2192 https://upload.wikimedia.org/wikipedia/commons/thumb/f/f7/View_of_Sorrento.jpg/250px-View_of_Sorrento.jpg (Wikipedia)
2026-05-09 13:37:11,450 - INFO - Updated city: Sorrento
2026-05-09 13:37:11,908 - INFO - ====== WebDriver manager ======
2026-05-09 13:37:13,915 - INFO - Get LATEST chromedriver version for google-chrome
2026-05-09 13:37:13,987 - INFO - Get LATEST chromedriver version for google-chrome
2026-05-09 13:37:14,056 - INFO - Driver [C:\Users\marco\.wdm\drivers\chromedriver\win64\147.0.7727.117\chromedriver-win32/chromedriver.exe] found in cache
2026-05-09 13:37:27,982 - INFO - Accepted consent popup.
2026-05-09 13:37:39,402 - INFO - Year not found on Transfermarkt for stadium Alfredo Viviani
2026-05-09 13:37:44,083 - INFO - [Stadium: Alfredo Viviani] capacity \u2192 5500 (Transfermarkt/Wikipedia)
2026-05-09 13:37:44,083 - INFO - [Stadium: Alfredo Viviani] year \u2192 1950 (Transfermarkt/Wikipedia)
2026-05-09 13:37:44,083 - INFO - [Stadium: Alfredo Viviani] latitude \u2192 40.62979139 (Wikipedia)
2026-05-09 13:37:44,083 - INFO - [Stadium: Alfredo Viviani] longitude \u2192 14.38373194 (Wikipedia)
2026-05-09 13:37:44,083 - INFO - [Stadium: Alfredo Viviani] image \u2192 https://maps.wikimedia.org/img/osm-intl,13,a,a,250x200.png?lang=en&domain=en.wikipedia.org&title=Stadio_Italia&revid=1329175192&groups=_634cf87a97882c7908979681671e211c66e7c486&parser=legacy (Wikipedia)
2026-05-09 13:37:44,084 - INFO - [Stadium: Alfredo Viviani] owner_raw \u2192 Comune di Sorrento (Wikipedia)
2026-05-09 13:37:44,084 - INFO - [Stadium: Alfredo Viviani] ownership \u2192 PUBLIC (Wikipedia)
2026-05-09 13:37:44,089 - INFO - Updated stadium: Alfredo Viviani
2026-05-09 13:37:49,361 - INFO - ====== WebDriver manager ======
2026-05-09 13:37:52,523 - INFO - Get LATEST chromedriver version for google-chrome
2026-05-09 13:37:52,601 - INFO - Get LATEST chromedriver version for google-chrome
2026-05-09 13:37:52,673 - INFO - Driver [C:\Users\marco\.wdm\drivers\chromedriver\win64\147.0.7727.117\chromedriver-win32/chromedriver.exe] found in cache
2026-05-09 13:38:04,975 - INFO - Accepted consent popup.
2026-05-09 13:38:39,365 - INFO - ====== WebDriver manager ======
2026-05-09 13:38:42,146 - INFO - Get LATEST chromedriver version for google-chrome
2026-05-09 13:38:42,221 - INFO - Get LATEST chromedriver version for google-chrome
2026-05-09 13:38:42,301 - INFO - Driver [C:\Users\marco\.wdm\drivers\chromedriver\win64\147.0.7727.117\chromedriver-win32/chromedriver.exe] found in cache
2026-05-09 13:38:54,741 - INFO - Accepted consent popup.
2026-05-09 13:38:56,977 - INFO - Average attendance extracted: 322
2026-05-09 13:39:03,648 - INFO - [Team: Sorrento 1945] manager \u2192 Mirko Conte (Wikipedia)
2026-05-09 13:39:03,651 - INFO - [Team: Sorrento 1945] founded \u2192 1945-01-01 (Transfermarkt/Wikipedia)
2026-05-09 13:39:03,651 - INFO - [Team: Sorrento 1945] tier \u2192 3 (Transfermarkt/JSON)
2026-05-09 13:39:03,652 - INFO - Updated team: Sorrento 1945
2026-05-09 13:39:07,737 - INFO - Finished processing Sorrento 1945
2026-05-09 13:39:07,738 - INFO - -----------------------------------------
2026-05-09 13:39:07,738 - INFO - Processing team: Siracusa Calcio
2026-05-09 13:39:09,447 - INFO - [City population DEBUG] row header='Country' value='Italy'
2026-05-09 13:39:09,448 - INFO - [City population DEBUG] row header='Region' value='Sicily'
2026-05-09 13:39:09,448 - INFO - [City population DEBUG] row header='Province' value='Syracuse (SR)'
2026-05-09 13:39:09,448 - INFO - [City population DEBUG] row header='Frazioni' value='Arenella, Belvedere, Carrozziere, Cassibile, Fanusa, Fontane Bianche, Isola, Ognina, Plemmirio, Punta Milocca, Terrauzza'
2026-05-09 13:39:09,449 - INFO - [City population DEBUG] row header='• Mayor' value='Francesco Italia'
2026-05-09 13:39:09,449 - INFO - [City population DEBUG] row header='• Total' value='207.78 km 2 (80.22 sq mi)'
2026-05-09 13:39:09,449 - INFO - [City population DEBUG] row header='Elevation [ 5 ]' value='17 m (56 ft)'
2026-05-09 13:39:09,450 - INFO - [City population DEBUG] row header='• Total' value='115,515'
2026-05-09 13:39:09,450 - INFO - [City population] Candidate from row '• Total': 115515
2026-05-09 13:39:09,451 - INFO - [City population DEBUG] row header='• Density' value='555.95/km 2 (1,439.9/sq mi)'
2026-05-09 13:39:09,451 - INFO - [City population DEBUG] row header='Demonym(s)' value='Syracusan, [ 3 ] Syracusian [ 4 ] (en) Siracusano (it)'
2026-05-09 13:39:09,452 - INFO - [City population DEBUG] row header='Time zone' value='UTC+1 ( CET )'
2026-05-09 13:39:09,452 - INFO - [City population DEBUG] row header='• Summer ( DST )' value='UTC+2 ( CEST )'
2026-05-09 13:39:09,452 - INFO - [City population DEBUG] row header='Postal code' value='96100'
2026-05-09 13:39:09,452 - INFO - [City population DEBUG] row header='Dialing code' value='0931'
2026-05-09 13:39:09,453 - INFO - [City population DEBUG] row header='Patron saint' value='Saint Lucy'
2026-05-09 13:39:09,453 - INFO - [City population DEBUG] row header='Saint day' value='13 December'
2026-05-09 13:39:09,453 - INFO - [City population DEBUG] row header='Website' value='comune.siracusa.it'
2026-05-09 13:39:09,453 - INFO - [City population] Found from municipality/comune candidate: 115515
2026-05-09 13:39:13,797 - INFO - [City: Syracuse, Sicily] population \u2192 115515 (Wikipedia)
2026-05-09 13:39:13,797 - INFO - [City: Syracuse, Sicily] image \u2192 https://upload.wikimedia.org/wikipedia/commons/thumb/3/34/Veduta_aerea_di_Siracusa_e_con_l%27Etna_sullo_sfondo_%28Foto_di_Angelo_Bonomo%29.jpg/330px-Veduta_aerea_di_Siracusa_e_con_l%27Etna_sullo_sfondo_%28Foto_di_Angelo_Bonomo%29.jpg (Wikipedia)
2026-05-09 13:39:13,802 - INFO - Updated city: Syracuse, Sicily
2026-05-09 13:39:14,357 - INFO - ====== WebDriver manager ======
2026-05-09 13:39:16,417 - INFO - Get LATEST chromedriver version for google-chrome
2026-05-09 13:39:16,500 - INFO - Get LATEST chromedriver version for google-chrome
2026-05-09 13:39:16,575 - INFO - Driver [C:\Users\marco\.wdm\drivers\chromedriver\win64\147.0.7727.117\chromedriver-win32/chromedriver.exe] found in cache
2026-05-09 13:39:28,311 - INFO - Accepted consent popup.
2026-05-09 13:39:35,068 - INFO - [Stadium: Nicola De Simone] capacity \u2192 4500 (Transfermarkt/Wikipedia)
2026-05-09 13:39:35,068 - INFO - [Stadium: Nicola De Simone] year \u2192 1932 (Transfermarkt/Wikipedia)
2026-05-09 13:39:35,068 - INFO - [Stadium: Nicola De Simone] latitude \u2192 37.0743 (Wikipedia)
2026-05-09 13:39:35,068 - INFO - [Stadium: Nicola De Simone] longitude \u2192 15.2913 (Wikipedia)
2026-05-09 13:39:35,068 - INFO - [Stadium: Nicola De Simone] image \u2192 https://upload.wikimedia.org/wikipedia/commons/thumb/5/53/Stadio_Nicola_De_Simone_%28Siracusa%29.JPG/330px-Stadio_Nicola_De_Simone_%28Siracusa%29.JPG (Wikipedia)
2026-05-09 13:39:35,068 - WARNING - [Stadium: Nicola De Simone] owner_raw \u2192 NOT FOUND
2026-05-09 13:39:35,068 - INFO - [Stadium: Nicola De Simone] ownership \u2192 UNKNOWN (Wikipedia)
2026-05-09 13:39:35,075 - INFO - Updated stadium: Nicola De Simone
2026-05-09 13:39:39,391 - INFO - [Wikipedia] No Open Graph image found
2026-05-09 13:39:39,603 - INFO - ====== WebDriver manager ======
2026-05-09 13:39:41,586 - INFO - Get LATEST chromedriver version for google-chrome
2026-05-09 13:39:41,666 - INFO - Get LATEST chromedriver version for google-chrome
2026-05-09 13:39:41,742 - INFO - Driver [C:\Users\marco\.wdm\drivers\chromedriver\win64\147.0.7727.117\chromedriver-win32/chromedriver.exe] found in cache
2026-05-09 13:39:56,293 - INFO - Accepted consent popup.
2026-05-09 13:40:23,193 - INFO - ====== WebDriver manager ======
2026-05-09 13:40:25,094 - INFO - Get LATEST chromedriver version for google-chrome
2026-05-09 13:40:25,166 - INFO - Get LATEST chromedriver version for google-chrome
2026-05-09 13:40:25,250 - INFO - Driver [C:\Users\marco\.wdm\drivers\chromedriver\win64\147.0.7727.117\chromedriver-win32/chromedriver.exe] found in cache
2026-05-09 13:40:41,088 - INFO - Accepted consent popup.
2026-05-09 13:40:43,622 - INFO - Average attendance extracted: 3561
2026-05-09 13:40:50,492 - WARNING - [Team: Siracusa Calcio] manager \u2192 NOT FOUND
2026-05-09 13:40:50,492 - INFO - [Team: Siracusa Calcio] founded \u2192 1924-01-01 (Transfermarkt/Wikipedia)
2026-05-09 13:40:50,492 - INFO - [Team: Siracusa Calcio] tier \u2192 3 (Transfermarkt/JSON)
2026-05-09 13:40:50,493 - INFO - Updated team: Siracusa Calcio
2026-05-09 13:40:54,543 - INFO - Finished processing Siracusa Calcio
2026-05-09 13:40:54,543 - INFO - -----------------------------------------
2026-05-09 13:40:54,543 - INFO - Processing team: FC Pro Vercelli 1892
2026-05-09 13:40:54,828 - INFO - [City population DEBUG] row header='Country' value='Italy'
2026-05-09 13:40:54,828 - INFO - [City population DEBUG] row header='Region' value='Piedmont'
2026-05-09 13:40:54,829 - INFO - [City population DEBUG] row header='Province' value='Vercelli (VC)'
2026-05-09 13:40:54,829 - INFO - [City population DEBUG] row header='Frazioni' value='Brarola, Cappuccini, Larizzate, Bivio Sesia, Boarone, Campora, Canton Biliemme, Carengo, Cascina Mostioli, Cascine Strà, Cominetti, Montonero'
2026-05-09 13:40:54,830 - INFO - [City population DEBUG] row header='• Mayor' value='Roberto Scheda'
2026-05-09 13:40:54,830 - INFO - [City population DEBUG] row header='• Total' value='79.77 km 2 (30.80 sq mi)'
2026-05-09 13:40:54,830 - INFO - [City population DEBUG] row header='Elevation' value='130 m (430 ft)'
2026-05-09 13:40:54,830 - INFO - [City population DEBUG] row header='• Total' value='45,875'
2026-05-09 13:40:54,831 - INFO - [City population] Candidate from row '• Total': 45875
2026-05-09 13:40:54,831 - INFO - [City population DEBUG] row header='• Density' value='575.1/km 2 (1,489/sq mi)'
2026-05-09 13:40:54,831 - INFO - [City population DEBUG] row header='Demonym' value='Vercellese(i)'
2026-05-09 13:40:54,831 - INFO - [City population DEBUG] row header='Time zone' value='UTC+1 ( CET )'
2026-05-09 13:40:54,831 - INFO - [City population DEBUG] row header='• Summer ( DST )' value='UTC+2 ( CEST )'
2026-05-09 13:40:54,832 - INFO - [City population DEBUG] row header='Postal code' value='13100'
2026-05-09 13:40:54,832 - INFO - [City population DEBUG] row header='Dialing code' value='0161'
2026-05-09 13:40:54,832 - INFO - [City population DEBUG] row header='Patron saint' value='Eusebius of Vercelli'
2026-05-09 13:40:54,832 - INFO - [City population DEBUG] row header='Saint day' value='August 1'
2026-05-09 13:40:54,832 - INFO - [City population DEBUG] row header='Website' value='Official website'
2026-05-09 13:40:54,832 - INFO - [City population] Found from municipality/comune candidate: 45875
2026-05-09 13:40:55,462 - INFO - [City: Vercelli] population \u2192 45875 (Wikipedia)
2026-05-09 13:40:55,462 - INFO - [City: Vercelli] image \u2192 https://upload.wikimedia.org/wikipedia/commons/thumb/3/36/Vercelli_PiazzaCavour.jpg/250px-Vercelli_PiazzaCavour.jpg (Wikipedia)
2026-05-09 13:40:55,466 - INFO - Updated city: Vercelli
2026-05-09 13:40:55,907 - INFO - [Wikipedia] geo class not found
2026-05-09 13:40:55,914 - INFO - [Wikipedia] latitude/longitude span not found
2026-05-09 13:40:55,917 - WARNING - [Wikipedia] Coordinates not found for Stadio Silvio Piola - Wikipedia
2026-05-09 13:40:55,917 - WARNING - [Wikipedia] All coordinate methods failed
2026-05-09 13:40:55,935 - INFO - [Wikipedia] No infobox found for image extraction
2026-05-09 13:40:55,936 - INFO - [Wikipedia] No Open Graph image found
2026-05-09 13:40:55,937 - INFO - ====== WebDriver manager ======
2026-05-09 13:40:57,321 - INFO - Get LATEST chromedriver version for google-chrome
2026-05-09 13:40:57,398 - INFO - Get LATEST chromedriver version for google-chrome
2026-05-09 13:40:57,467 - INFO - Driver [C:\Users\marco\.wdm\drivers\chromedriver\win64\147.0.7727.117\chromedriver-win32/chromedriver.exe] found in cache
2026-05-09 13:41:09,602 - INFO - Accepted consent popup.
2026-05-09 13:41:19,533 - INFO - [Stadium: Silvio Piola] capacity \u2192 5526 (Transfermarkt/Wikipedia)
2026-05-09 13:41:19,533 - INFO - [Stadium: Silvio Piola] year \u2192 1932 (Transfermarkt/Wikipedia)
2026-05-09 13:41:19,534 - WARNING - [Stadium: Silvio Piola] latitude \u2192 NOT FOUND
2026-05-09 13:41:19,534 - WARNING - [Stadium: Silvio Piola] longitude \u2192 NOT FOUND
2026-05-09 13:41:19,534 - INFO - [Stadium: Silvio Piola] image \u2192 https://upload.wikimedia.org/wikipedia/en/thumb/5/5f/Disambig_gray.svg/40px-Disambig_gray.svg.png (Wikipedia)
2026-05-09 13:41:19,534 - WARNING - [Stadium: Silvio Piola] owner_raw \u2192 NOT FOUND
2026-05-09 13:41:19,534 - INFO - [Stadium: Silvio Piola] ownership \u2192 UNKNOWN (Wikipedia)
2026-05-09 13:41:19,539 - INFO - Updated stadium: Silvio Piola
2026-05-09 13:41:24,425 - INFO - ====== WebDriver manager ======
2026-05-09 13:41:26,278 - INFO - Get LATEST chromedriver version for google-chrome
2026-05-09 13:41:26,365 - INFO - Get LATEST chromedriver version for google-chrome
2026-05-09 13:41:26,445 - INFO - Driver [C:\Users\marco\.wdm\drivers\chromedriver\win64\147.0.7727.117\chromedriver-win32/chromedriver.exe] found in cache
2026-05-09 13:41:40,380 - INFO - Accepted consent popup.
2026-05-09 13:41:57,199 - INFO - ====== WebDriver manager ======
2026-05-09 13:41:58,604 - INFO - Get LATEST chromedriver version for google-chrome
2026-05-09 13:41:58,689 - INFO - Get LATEST chromedriver version for google-chrome
2026-05-09 13:41:58,753 - INFO - Driver [C:\Users\marco\.wdm\drivers\chromedriver\win64\147.0.7727.117\chromedriver-win32/chromedriver.exe] found in cache
2026-05-09 13:42:11,733 - INFO - Accepted consent popup.
2026-05-09 13:42:13,940 - INFO - Average attendance extracted: 858
2026-05-09 13:42:20,732 - INFO - [Team: FC Pro Vercelli 1892] manager \u2192 Michele Santoni (Wikipedia)
2026-05-09 13:42:20,732 - INFO - [Team: FC Pro Vercelli 1892] founded \u2192 1891-01-01 (Transfermarkt/Wikipedia)
2026-05-09 13:42:20,732 - INFO - [Team: FC Pro Vercelli 1892] tier \u2192 3 (Transfermarkt/JSON)
2026-05-09 13:42:20,733 - INFO - Updated team: FC Pro Vercelli 1892
2026-05-09 13:42:24,794 - INFO - Finished processing FC Pro Vercelli 1892
2026-05-09 13:42:24,794 - INFO - -----------------------------------------
2026-05-09 13:42:24,794 - INFO - Processing team: Novara FC
2026-05-09 13:42:25,339 - INFO - [City population DEBUG] row header='Country' value='Italy'
2026-05-09 13:42:25,340 - INFO - [City population DEBUG] row header='Region' value='Piedmont'
2026-05-09 13:42:25,340 - INFO - [City population DEBUG] row header='Province' value='Novara (NO)'
2026-05-09 13:42:25,340 - INFO - [City population DEBUG] row header='Frazioni' value='Lumellogno , Agognate, Bicocca Di Novara, Casalgiate, Olengo, Pernate, Sant'Agabio, Torrion Quartara, Veveri, Vignale, Gionzana, Pagliate'
2026-05-09 13:42:25,340 - INFO - [City population DEBUG] row header='• Mayor' value='Alessandro Canelli (Right-wing coalition)'
2026-05-09 13:42:25,341 - INFO - [City population DEBUG] row header='• Total' value='103.05 km 2 (39.79 sq mi)'
2026-05-09 13:42:25,341 - INFO - [City population DEBUG] row header='Elevation' value='162 m (531 ft)'
2026-05-09 13:42:25,341 - INFO - [City population DEBUG] row header='• Total' value='103,238'
2026-05-09 13:42:25,341 - INFO - [City population] Candidate from row '• Total': 103238
2026-05-09 13:42:25,341 - INFO - [City population DEBUG] row header='• Density' value='1,001.8/km 2 (2,594.7/sq mi)'
2026-05-09 13:42:25,341 - INFO - [City population DEBUG] row header='Demonym' value='Novarese(i)'
2026-05-09 13:42:25,341 - INFO - [City population DEBUG] row header='Time zone' value='UTC+1 ( CET )'
2026-05-09 13:42:25,341 - INFO - [City population DEBUG] row header='• Summer ( DST )' value='UTC+2 ( CEST )'
2026-05-09 13:42:25,342 - INFO - [City population DEBUG] row header='Postal code' value='28100'
2026-05-09 13:42:25,342 - INFO - [City population DEBUG] row header='Dialing code' value='0321'
2026-05-09 13:42:25,342 - INFO - [City population DEBUG] row header='Patron saint' value='Saint Gaudentius'
2026-05-09 13:42:25,342 - INFO - [City population DEBUG] row header='Saint day' value='22 January'
2026-05-09 13:42:25,342 - INFO - [City population DEBUG] row header='Website' value='Official website'
2026-05-09 13:42:25,343 - INFO - [City population] Found from municipality/comune candidate: 103238
2026-05-09 13:42:26,401 - INFO - [City: Novara] population \u2192 103238 (Wikipedia)
2026-05-09 13:42:26,401 - INFO - [City: Novara] image \u2192 https://upload.wikimedia.org/wikipedia/commons/thumb/6/6e/Novara_panorama11.jpg/250px-Novara_panorama11.jpg (Wikipedia)
2026-05-09 13:42:26,407 - INFO - Updated city: Novara
2026-05-09 13:42:27,003 - INFO - [Wikipedia] geo class not found
2026-05-09 13:42:27,017 - INFO - [Wikipedia] latitude/longitude span not found
2026-05-09 13:42:27,019 - WARNING - [Wikipedia] Coordinates not found for Stadio Silvio Piola - Wikipedia
2026-05-09 13:42:27,019 - WARNING - [Wikipedia] All coordinate methods failed
2026-05-09 13:42:27,049 - INFO - [Wikipedia] No infobox found for image extraction
2026-05-09 13:42:27,051 - INFO - [Wikipedia] No Open Graph image found
2026-05-09 13:42:27,051 - INFO - ====== WebDriver manager ======
2026-05-09 13:42:29,005 - INFO - Get LATEST chromedriver version for google-chrome
2026-05-09 13:42:29,081 - INFO - Get LATEST chromedriver version for google-chrome
2026-05-09 13:42:29,150 - INFO - Driver [C:\Users\marco\.wdm\drivers\chromedriver\win64\147.0.7727.117\chromedriver-win32/chromedriver.exe] found in cache
2026-05-09 13:42:38,959 - INFO - Accepted consent popup.
2026-05-09 13:42:53,207 - INFO - [Stadium: Silvio Piola] capacity \u2192 17875 (Transfermarkt/Wikipedia)
2026-05-09 13:42:53,208 - INFO - [Stadium: Silvio Piola] year \u2192 1976 (Transfermarkt/Wikipedia)
2026-05-09 13:42:53,208 - WARNING - [Stadium: Silvio Piola] latitude \u2192 NOT FOUND
2026-05-09 13:42:53,208 - WARNING - [Stadium: Silvio Piola] longitude \u2192 NOT FOUND
2026-05-09 13:42:53,208 - INFO - [Stadium: Silvio Piola] image \u2192 https://upload.wikimedia.org/wikipedia/en/thumb/5/5f/Disambig_gray.svg/40px-Disambig_gray.svg.png (Wikipedia)
2026-05-09 13:42:53,209 - WARNING - [Stadium: Silvio Piola] owner_raw \u2192 NOT FOUND
2026-05-09 13:42:53,209 - INFO - [Stadium: Silvio Piola] ownership \u2192 UNKNOWN (Wikipedia)
2026-05-09 13:42:53,217 - INFO - Updated stadium: Silvio Piola
2026-05-09 13:42:58,490 - INFO - ====== WebDriver manager ======
2026-05-09 13:42:59,928 - INFO - Get LATEST chromedriver version for google-chrome
2026-05-09 13:43:00,000 - INFO - Get LATEST chromedriver version for google-chrome
2026-05-09 13:43:00,073 - INFO - Driver [C:\Users\marco\.wdm\drivers\chromedriver\win64\147.0.7727.117\chromedriver-win32/chromedriver.exe] found in cache
2026-05-09 13:43:12,015 - INFO - Accepted consent popup.
2026-05-09 13:43:34,234 - INFO - ====== WebDriver manager ======
2026-05-09 13:43:36,417 - INFO - Get LATEST chromedriver version for google-chrome
2026-05-09 13:43:36,508 - INFO - Get LATEST chromedriver version for google-chrome
2026-05-09 13:43:36,582 - INFO - Driver [C:\Users\marco\.wdm\drivers\chromedriver\win64\147.0.7727.117\chromedriver-win32/chromedriver.exe] found in cache
2026-05-09 13:43:57,000 - INFO - Accepted consent popup.
2026-05-09 13:44:07,604 - INFO - Average attendance extracted: 1919
2026-05-09 13:44:15,149 - INFO - [Team: Novara FC] manager \u2192 Andrea Zanchetta (Wikipedia)
2026-05-09 13:44:15,150 - INFO - [Team: Novara FC] founded \u2192 1908-01-01 (Transfermarkt/Wikipedia)
2026-05-09 13:44:15,150 - INFO - [Team: Novara FC] tier \u2192 3 (Transfermarkt/JSON)
2026-05-09 13:44:15,150 - INFO - Updated team: Novara FC
2026-05-09 13:44:19,229 - INFO - Finished processing Novara FC
2026-05-09 13:44:19,229 - INFO - -----------------------------------------
2026-05-09 13:44:19,229 - INFO - Processing team: FC Lumezzane
2026-05-09 13:44:19,634 - INFO - [City population DEBUG] row header='Country' value='Italy'
2026-05-09 13:44:19,634 - INFO - [City population DEBUG] row header='Region' value='Lombardy'
2026-05-09 13:44:19,634 - INFO - [City population DEBUG] row header='Province' value='Brescia (BS)'
2026-05-09 13:44:19,634 - INFO - [City population DEBUG] row header='Frazioni' value='Faidana, Fontana, Gazzolo, Gombaiolo, Mezzaluna, Montagnone, Mosniga, Piatucco, Pieve, Premiano, Renzo, San Sebastiano, Sant'Apollonio, Termine, Tufi, Valle, Villaggio Gnutti, Villaggio Gobbi'
2026-05-09 13:44:19,635 - INFO - [City population DEBUG] row header='• Mayor' value='Josehf Facchini'
2026-05-09 13:44:19,636 - INFO - [City population DEBUG] row header='• Total' value='31 km 2 (12 sq mi)'
2026-05-09 13:44:19,637 - INFO - [City population DEBUG] row header='Elevation' value='420 m (1,380 ft)'
2026-05-09 13:44:19,637 - INFO - [City population DEBUG] row header='• Total' value='22,255'
2026-05-09 13:44:19,637 - INFO - [City population] Candidate from row '• Total': 22255
2026-05-09 13:44:19,637 - INFO - [City population DEBUG] row header='• Density' value='720/km 2 (1,900/sq mi)'
2026-05-09 13:44:19,637 - INFO - [City population DEBUG] row header='Demonym' value='Lumezzanesi'
2026-05-09 13:44:19,638 - INFO - [City population DEBUG] row header='Time zone' value='UTC+1 ( CET )'
2026-05-09 13:44:19,638 - INFO - [City population DEBUG] row header='• Summer ( DST )' value='UTC+2 ( CEST )'
2026-05-09 13:44:19,638 - INFO - [City population DEBUG] row header='Postal code' value='25065'
2026-05-09 13:44:19,638 - INFO - [City population DEBUG] row header='Dialing code' value='030'
2026-05-09 13:44:19,639 - INFO - [City population DEBUG] row header='Website' value='comune .lumezzane .bs .it'
2026-05-09 13:44:19,639 - INFO - [City population] Found from municipality/comune candidate: 22255
2026-05-09 13:44:20,202 - INFO - [City: Lumezzane] population \u2192 22255 (Wikipedia)
2026-05-09 13:44:20,203 - INFO - [City: Lumezzane] image \u2192 https://upload.wikimedia.org/wikipedia/commons/thumb/2/20/Vista_di_Lumezzane_dalla_croce_di_Conche.jpg/250px-Vista_di_Lumezzane_dalla_croce_di_Conche.jpg (Wikipedia)
2026-05-09 13:44:20,205 - INFO - Updated city: Lumezzane
2026-05-09 13:44:20,701 - INFO - [Wikipedia] No infobox found for image extraction
2026-05-09 13:44:20,701 - INFO - ====== WebDriver manager ======
2026-05-09 13:44:22,408 - INFO - Get LATEST chromedriver version for google-chrome
2026-05-09 13:44:22,478 - INFO - Get LATEST chromedriver version for google-chrome
2026-05-09 13:44:22,541 - INFO - Driver [C:\Users\marco\.wdm\drivers\chromedriver\win64\147.0.7727.117\chromedriver-win32/chromedriver.exe] found in cache
2026-05-09 13:44:33,829 - INFO - Accepted consent popup.
2026-05-09 13:44:43,092 - INFO - [Stadium: Tullio Saleri] capacity \u2192 4150 (Transfermarkt/Wikipedia)
2026-05-09 13:44:43,092 - INFO - [Stadium: Tullio Saleri] year \u2192 1988 (Transfermarkt/Wikipedia)
2026-05-09 13:44:43,093 - INFO - [Stadium: Tullio Saleri] latitude \u2192 45.65472 (Wikipedia)
2026-05-09 13:44:43,093 - INFO - [Stadium: Tullio Saleri] longitude \u2192 10.23611 (Wikipedia)
2026-05-09 13:44:43,093 - INFO - [Stadium: Tullio Saleri] image \u2192 https://upload.wikimedia.org/wikipedia/commons/0/01/Stadio_Tullio_Saleri_Lumezzane.png (Wikipedia)
2026-05-09 13:44:43,093 - WARNING - [Stadium: Tullio Saleri] owner_raw \u2192 NOT FOUND
2026-05-09 13:44:43,093 - INFO - [Stadium: Tullio Saleri] ownership \u2192 UNKNOWN (Wikipedia)
2026-05-09 13:44:43,099 - INFO - Updated stadium: Tullio Saleri
2026-05-09 13:44:47,760 - INFO - ====== WebDriver manager ======
2026-05-09 13:44:49,378 - INFO - Get LATEST chromedriver version for google-chrome
2026-05-09 13:44:49,448 - INFO - Get LATEST chromedriver version for google-chrome
2026-05-09 13:44:49,519 - INFO - Driver [C:\Users\marco\.wdm\drivers\chromedriver\win64\147.0.7727.117\chromedriver-win32/chromedriver.exe] found in cache
2026-05-09 13:45:04,199 - INFO - Accepted consent popup.
2026-05-09 13:45:29,192 - INFO - ====== WebDriver manager ======
2026-05-09 13:45:31,511 - INFO - Get LATEST chromedriver version for google-chrome
2026-05-09 13:45:31,607 - INFO - Get LATEST chromedriver version for google-chrome
2026-05-09 13:45:31,689 - INFO - Driver [C:\Users\marco\.wdm\drivers\chromedriver\win64\147.0.7727.117\chromedriver-win32/chromedriver.exe] found in cache
2026-05-09 13:45:44,360 - INFO - Accepted consent popup.
2026-05-09 13:45:46,478 - INFO - Average attendance extracted: 579
2026-05-09 13:45:53,730 - INFO - [Team: FC Lumezzane] manager \u2192 Massimo Paci (Wikipedia)
2026-05-09 13:45:53,731 - INFO - [Team: FC Lumezzane] founded \u2192 1946-01-01 (Transfermarkt/Wikipedia)
2026-05-09 13:45:53,731 - INFO - [Team: FC Lumezzane] tier \u2192 3 (Transfermarkt/JSON)
2026-05-09 13:45:53,731 - INFO - Updated team: FC Lumezzane
2026-05-09 13:45:57,819 - INFO - Finished processing FC Lumezzane
2026-05-09 13:45:57,819 - INFO - -----------------------------------------
2026-05-09 13:45:57,819 - INFO - Processing team: AC Renate
2026-05-09 13:45:58,103 - WARNING - [City population] No infobox found
2026-05-09 13:45:58,114 - INFO - [Wikipedia] No infobox found for image extraction
2026-05-09 13:45:58,117 - INFO - [Wikipedia] No Open Graph image found
2026-05-09 13:45:58,575 - WARNING - [City: Meda] population \u2192 NOT FOUND
2026-05-09 13:45:58,575 - INFO - [City: Meda] image \u2192 https://upload.wikimedia.org/wikipedia/commons/thumb/9/99/Wiktionary-logo-en-v2.svg/40px-Wiktionary-logo-en-v2.svg.png (Wikipedia)
2026-05-09 13:45:58,580 - INFO - Updated city: Meda
2026-05-09 13:45:59,325 - ERROR - Error loading Wikipedia page https://en.wikipedia.org/wiki/Stadio_Citt%C3%A0_di_Meda: 404 Client Error: Not Found for url: https://en.wikipedia.org/wiki/Stadio_Citt%C3%A0_di_Meda
2026-05-09 13:46:00,672 - INFO - ====== WebDriver manager ======
2026-05-09 13:46:02,533 - INFO - Get LATEST chromedriver version for google-chrome
2026-05-09 13:46:02,635 - INFO - Get LATEST chromedriver version for google-chrome
2026-05-09 13:46:02,705 - INFO - Driver [C:\Users\marco\.wdm\drivers\chromedriver\win64\147.0.7727.117\chromedriver-win32/chromedriver.exe] found in cache
2026-05-09 13:46:14,889 - INFO - Accepted consent popup.
2026-05-09 13:46:22,584 - INFO - Year not found on Transfermarkt for stadium Città di Meda - Mino Favini
2026-05-09 13:46:25,397 - INFO - [Stadium: Città di Meda - Mino Favini] capacity \u2192 2500 (Transfermarkt/Wikipedia)
2026-05-09 13:46:25,397 - WARNING - [Stadium: Città di Meda - Mino Favini] year \u2192 NOT FOUND
2026-05-09 13:46:25,397 - WARNING - [Stadium: Città di Meda - Mino Favini] latitude \u2192 NOT FOUND
2026-05-09 13:46:25,397 - WARNING - [Stadium: Città di Meda - Mino Favini] longitude \u2192 NOT FOUND
2026-05-09 13:46:25,397 - WARNING - [Stadium: Città di Meda - Mino Favini] image \u2192 NOT FOUND
2026-05-09 13:46:25,397 - WARNING - [Stadium: Città di Meda - Mino Favini] owner_raw \u2192 NOT FOUND
2026-05-09 13:46:25,397 - WARNING - [Stadium: Città di Meda - Mino Favini] ownership \u2192 NOT FOUND
2026-05-09 13:46:25,406 - INFO - Updated stadium: Città di Meda - Mino Favini
2026-05-09 13:46:30,241 - INFO - ====== WebDriver manager ======
2026-05-09 13:46:32,019 - INFO - Get LATEST chromedriver version for google-chrome
2026-05-09 13:46:32,106 - INFO - Get LATEST chromedriver version for google-chrome
2026-05-09 13:46:32,180 - INFO - Driver [C:\Users\marco\.wdm\drivers\chromedriver\win64\147.0.7727.117\chromedriver-win32/chromedriver.exe] found in cache
2026-05-09 13:46:44,783 - INFO - Accepted consent popup.
2026-05-09 13:47:05,710 - INFO - ====== WebDriver manager ======
2026-05-09 13:47:07,786 - INFO - Get LATEST chromedriver version for google-chrome
2026-05-09 13:47:07,857 - INFO - Get LATEST chromedriver version for google-chrome
2026-05-09 13:47:07,927 - INFO - Driver [C:\Users\marco\.wdm\drivers\chromedriver\win64\147.0.7727.117\chromedriver-win32/chromedriver.exe] found in cache
2026-05-09 13:47:19,324 - INFO - Accepted consent popup.
2026-05-09 13:47:21,581 - INFO - Average attendance extracted: 376
2026-05-09 13:47:28,900 - INFO - [Team: AC Renate] manager \u2192 Luciano Foschi (Wikipedia)
2026-05-09 13:47:28,900 - INFO - [Team: AC Renate] founded \u2192 1947-01-01 (Transfermarkt/Wikipedia)
2026-05-09 13:47:28,900 - INFO - [Team: AC Renate] tier \u2192 3 (Transfermarkt/JSON)
2026-05-09 13:47:28,900 - INFO - Updated team: AC Renate
2026-05-09 13:47:32,937 - INFO - Finished processing AC Renate
2026-05-09 13:47:32,937 - INFO - -----------------------------------------
2026-05-09 13:47:32,937 - INFO - Processing team: Virtusvecomp Verona
2026-05-09 13:47:33,421 - INFO - [City population DEBUG] row header='Country' value='Italy'
2026-05-09 13:47:33,422 - INFO - [City population DEBUG] row header='Region' value='Veneto'
2026-05-09 13:47:33,422 - INFO - [City population DEBUG] row header='Province' value='Verona (VR)'
2026-05-09 13:47:33,423 - INFO - [City population DEBUG] row header='Frazioni' value='Avesa, San Michele Extra, San Massimo all'Adige, Quinzano, Quinto di Valpantena, Poiano di Valpantena, Parona di Valpolicella, Montorio Veronese, Mizzole, Marchesino, Chievo, Cà di David e Moruri'
2026-05-09 13:47:33,424 - INFO - [City population DEBUG] row header='• Mayor' value='Damiano Tommasi ( Centre-left Independent )'
2026-05-09 13:47:33,424 - INFO - [City population DEBUG] row header='• Total' value='198.92 km 2 (76.80 sq mi)'
2026-05-09 13:47:33,424 - INFO - [City population DEBUG] row header='Elevation' value='59 m (194 ft)'
2026-05-09 13:47:33,425 - INFO - [City population DEBUG] row header='• Total' value='255,133'
2026-05-09 13:47:33,425 - INFO - [City population] Candidate from row '• Total': 255133
2026-05-09 13:47:33,425 - INFO - [City population DEBUG] row header='• Density' value='1,282.6/km 2 (3,321.9/sq mi)'
2026-05-09 13:47:33,425 - INFO - [City population DEBUG] row header='Demonym(s)' value='Veronese Scaligero'
2026-05-09 13:47:33,425 - INFO - [City population DEBUG] row header='Time zone' value='UTC+1 ( CET )'
2026-05-09 13:47:33,426 - INFO - [City population DEBUG] row header='• Summer ( DST )' value='UTC+2 ( CEST )'
2026-05-09 13:47:33,426 - INFO - [City population DEBUG] row header='Postal code' value='37100'
2026-05-09 13:47:33,426 - INFO - [City population DEBUG] row header='Dialing code' value='045'
2026-05-09 13:47:33,426 - INFO - [City population DEBUG] row header='ISTAT code' value='023091'
2026-05-09 13:47:33,426 - INFO - [City population DEBUG] row header='Patron saint' value='Saint Zeno of Verona'
2026-05-09 13:47:33,427 - INFO - [City population DEBUG] row header='Saint day' value='12 April'
2026-05-09 13:47:33,427 - INFO - [City population DEBUG] row header='Website' value='www .comune .verona .it'
2026-05-09 13:47:33,427 - INFO - [City population DEBUG] row header='Criteria' value='Cultural: ii, iv'
2026-05-09 13:47:33,427 - INFO - [City population DEBUG] row header='Reference' value='797'
2026-05-09 13:47:33,427 - INFO - [City population DEBUG] row header='Inscription' value='2000 (24th Session )'
2026-05-09 13:47:33,428 - INFO - [City population DEBUG] row header='Area' value='444.4 ha (1,098 acres)'
2026-05-09 13:47:33,428 - INFO - [City population DEBUG] row header='Buffer zone' value='303.98 ha (751.2 acres)'
2026-05-09 13:47:33,428 - INFO - [City population] Found from municipality/comune candidate: 255133
2026-05-09 13:47:34,438 - INFO - [City: Verona] population \u2192 255133 (Wikipedia)
2026-05-09 13:47:34,438 - INFO - [City: Verona] image \u2192 https://upload.wikimedia.org/wikipedia/commons/thumb/5/51/Tramonto_a_Verona.jpg/330px-Tramonto_a_Verona.jpg (Wikipedia)
2026-05-09 13:47:34,447 - INFO - Updated city: Verona
2026-05-09 13:47:34,803 - ERROR - Error loading Wikipedia page https://en.wikipedia.org/wiki/Stadio_Gavagnin_Nocini: 404 Client Error: Not Found for url: https://en.wikipedia.org/wiki/Stadio_Gavagnin_Nocini
2026-05-09 13:47:35,055 - INFO - ====== WebDriver manager ======
2026-05-09 13:47:36,924 - INFO - Get LATEST chromedriver version for google-chrome
2026-05-09 13:47:37,000 - INFO - Get LATEST chromedriver version for google-chrome
2026-05-09 13:47:37,069 - INFO - Driver [C:\Users\marco\.wdm\drivers\chromedriver\win64\147.0.7727.117\chromedriver-win32/chromedriver.exe] found in cache
2026-05-09 13:47:51,644 - INFO - Accepted consent popup.
2026-05-09 13:47:56,607 - INFO - Year not found on Transfermarkt for stadium Gavagnin-Nocini
2026-05-09 13:47:59,904 - INFO - [Stadium: Gavagnin-Nocini] capacity \u2192 1500 (Transfermarkt/Wikipedia)
2026-05-09 13:47:59,905 - WARNING - [Stadium: Gavagnin-Nocini] year \u2192 NOT FOUND
2026-05-09 13:47:59,905 - WARNING - [Stadium: Gavagnin-Nocini] latitude \u2192 NOT FOUND
2026-05-09 13:47:59,905 - WARNING - [Stadium: Gavagnin-Nocini] longitude \u2192 NOT FOUND
2026-05-09 13:47:59,905 - WARNING - [Stadium: Gavagnin-Nocini] image \u2192 NOT FOUND
2026-05-09 13:47:59,906 - WARNING - [Stadium: Gavagnin-Nocini] owner_raw \u2192 NOT FOUND
2026-05-09 13:47:59,906 - WARNING - [Stadium: Gavagnin-Nocini] ownership \u2192 NOT FOUND
2026-05-09 13:47:59,913 - INFO - Updated stadium: Gavagnin-Nocini
2026-05-09 13:48:05,685 - INFO - ====== WebDriver manager ======
2026-05-09 13:48:08,232 - INFO - Get LATEST chromedriver version for google-chrome
2026-05-09 13:48:08,305 - INFO - Get LATEST chromedriver version for google-chrome
2026-05-09 13:48:08,376 - INFO - Driver [C:\Users\marco\.wdm\drivers\chromedriver\win64\147.0.7727.117\chromedriver-win32/chromedriver.exe] found in cache
2026-05-09 13:48:22,692 - INFO - Accepted consent popup.
2026-05-09 13:48:46,444 - INFO - ====== WebDriver manager ======
2026-05-09 13:48:48,073 - INFO - Get LATEST chromedriver version for google-chrome
2026-05-09 13:48:48,144 - INFO - Get LATEST chromedriver version for google-chrome
2026-05-09 13:48:48,236 - INFO - Driver [C:\Users\marco\.wdm\drivers\chromedriver\win64\147.0.7727.117\chromedriver-win32/chromedriver.exe] found in cache
2026-05-09 13:49:00,386 - INFO - Accepted consent popup.
2026-05-09 13:49:05,814 - INFO - Average attendance extracted: 565
2026-05-09 13:49:12,888 - INFO - [Team: Virtusvecomp Verona] manager \u2192 Luigi Fresco (Wikipedia)
2026-05-09 13:49:12,888 - INFO - [Team: Virtusvecomp Verona] founded \u2192 1921-01-01 (Transfermarkt/Wikipedia)
2026-05-09 13:49:12,888 - INFO - [Team: Virtusvecomp Verona] tier \u2192 3 (Transfermarkt/JSON)
2026-05-09 13:49:12,889 - INFO - Updated team: Virtusvecomp Verona
2026-05-09 13:49:16,957 - INFO - Finished processing Virtusvecomp Verona
2026-05-09 13:49:16,957 - INFO - -----------------------------------------
2026-05-09 13:49:16,957 - INFO - Processing team: AS Giana Erminio
2026-05-09 13:49:17,286 - INFO - [City population DEBUG] row header='Country of origin' value='Italy'
2026-05-09 13:49:17,286 - INFO - [City population DEBUG] row header='Region' value='Lombardy'
2026-05-09 13:49:17,286 - INFO - [City population DEBUG] row header='Town' value='Gorgonzola'
2026-05-09 13:49:17,286 - INFO - [City population DEBUG] row header='Source of milk' value='Cow'
2026-05-09 13:49:17,286 - INFO - [City population DEBUG] row header='Pasteurized' value='Yes'
2026-05-09 13:49:17,287 - INFO - [City population DEBUG] row header='Texture' value='Soft and crumbly'
2026-05-09 13:49:17,287 - INFO - [City population DEBUG] row header='Fat content' value='25–35%'
2026-05-09 13:49:17,288 - INFO - [City population DEBUG] row header='Aging time' value='3–4 months'
2026-05-09 13:49:17,288 - INFO - [City population DEBUG] row header='Certification' value='Italy: DOC from 1955; EU : PDO from 1996 [ 1 ]'
2026-05-09 13:49:17,288 - WARNING - [City population] NOT FOUND in infobox
2026-05-09 13:49:17,898 - WARNING - [City: Gorgonzola] population \u2192 NOT FOUND
2026-05-09 13:49:17,898 - INFO - [City: Gorgonzola] image \u2192 https://upload.wikimedia.org/wikipedia/commons/thumb/c/cb/A_Gongonzola_from_Baci.jpg/250px-A_Gongonzola_from_Baci.jpg (Wikipedia)
2026-05-09 13:49:17,902 - INFO - Updated city: Gorgonzola
2026-05-09 13:49:18,375 - INFO - ====== WebDriver manager ======
2026-05-09 13:49:20,110 - INFO - Get LATEST chromedriver version for google-chrome
2026-05-09 13:49:20,179 - INFO - Get LATEST chromedriver version for google-chrome
2026-05-09 13:49:20,258 - INFO - Driver [C:\Users\marco\.wdm\drivers\chromedriver\win64\147.0.7727.117\chromedriver-win32/chromedriver.exe] found in cache
2026-05-09 13:49:30,162 - INFO - Accepted consent popup.
2026-05-09 13:49:40,939 - INFO - [Stadium: Comunale Città di Gorgonzola] capacity \u2192 3766 (Transfermarkt/Wikipedia)
2026-05-09 13:49:40,939 - INFO - [Stadium: Comunale Città di Gorgonzola] year \u2192 1909 (Transfermarkt/Wikipedia)
2026-05-09 13:49:40,940 - INFO - [Stadium: Comunale Città di Gorgonzola] latitude \u2192 45.528778 (Wikipedia)
2026-05-09 13:49:40,940 - INFO - [Stadium: Comunale Città di Gorgonzola] longitude \u2192 9.40194 (Wikipedia)
2026-05-09 13:49:40,940 - INFO - [Stadium: Comunale Città di Gorgonzola] image \u2192 https://upload.wikimedia.org/wikipedia/commons/thumb/c/c2/Tribuna_sud_stadio_Gorgonzola_30_apr_2023.jpeg/250px-Tribuna_sud_stadio_Gorgonzola_30_apr_2023.jpeg (Wikipedia)
2026-05-09 13:49:40,940 - INFO - [Stadium: Comunale Città di Gorgonzola] owner_raw \u2192 Comune of Gorgonzola (Wikipedia)
2026-05-09 13:49:40,940 - INFO - [Stadium: Comunale Città di Gorgonzola] ownership \u2192 PUBLIC (Wikipedia)
2026-05-09 13:49:40,945 - INFO - Updated stadium: Comunale Città di Gorgonzola
2026-05-09 13:49:46,211 - INFO - ====== WebDriver manager ======
2026-05-09 13:49:49,228 - INFO - Get LATEST chromedriver version for google-chrome
2026-05-09 13:49:49,317 - INFO - Get LATEST chromedriver version for google-chrome
2026-05-09 13:49:49,387 - INFO - Driver [C:\Users\marco\.wdm\drivers\chromedriver\win64\147.0.7727.117\chromedriver-win32/chromedriver.exe] found in cache
2026-05-09 13:50:02,265 - INFO - Accepted consent popup.
2026-05-09 13:50:21,448 - INFO - ====== WebDriver manager ======
2026-05-09 13:50:23,330 - INFO - Get LATEST chromedriver version for google-chrome
2026-05-09 13:50:23,401 - INFO - Get LATEST chromedriver version for google-chrome
2026-05-09 13:50:23,473 - INFO - Driver [C:\Users\marco\.wdm\drivers\chromedriver\win64\147.0.7727.117\chromedriver-win32/chromedriver.exe] found in cache
2026-05-09 13:50:37,117 - INFO - Accepted consent popup.
2026-05-09 13:50:39,206 - INFO - Average attendance extracted: 802
2026-05-09 13:50:46,485 - INFO - [Team: AS Giana Erminio] manager \u2192 Vinicio Espinal (Wikipedia)
2026-05-09 13:50:46,486 - INFO - [Team: AS Giana Erminio] founded \u2192 1909-01-01 (Transfermarkt/Wikipedia)
2026-05-09 13:50:46,486 - INFO - [Team: AS Giana Erminio] tier \u2192 3 (Transfermarkt/JSON)
2026-05-09 13:50:46,486 - INFO - Updated team: AS Giana Erminio
2026-05-09 13:50:50,546 - INFO - Finished processing AS Giana Erminio
2026-05-09 13:50:50,546 - INFO - -----------------------------------------
2026-05-09 13:50:50,547 - INFO - Processing team: UC AlbinoLeffe
2026-05-09 13:50:50,861 - INFO - [City population DEBUG] row header='Country' value='Italy'
2026-05-09 13:50:50,862 - INFO - [City population DEBUG] row header='Region' value='Lombardy'
2026-05-09 13:50:50,862 - INFO - [City population DEBUG] row header='Province' value='Bergamo (BG)'
2026-05-09 13:50:50,862 - INFO - [City population DEBUG] row header='Frazioni' value='San Rocco'
2026-05-09 13:50:50,865 - INFO - [City population DEBUG] row header='• Mayor' value='Marco Gallizioli'
2026-05-09 13:50:50,865 - INFO - [City population DEBUG] row header='• Total' value='6.69 km 2 (2.58 sq mi)'
2026-05-09 13:50:50,866 - INFO - [City population DEBUG] row header='Elevation' value='453 m (1,486 ft)'
2026-05-09 13:50:50,866 - INFO - [City population DEBUG] row header='• Total' value='4,463'
2026-05-09 13:50:50,867 - INFO - [City population] Candidate from row '• Total': 4463
2026-05-09 13:50:50,867 - INFO - [City population DEBUG] row header='• Density' value='667/km 2 (1,730/sq mi)'
2026-05-09 13:50:50,867 - INFO - [City population DEBUG] row header='Demonym' value='Leffesi'
2026-05-09 13:50:50,868 - INFO - [City population DEBUG] row header='Time zone' value='UTC+1 ( CET )'
2026-05-09 13:50:50,868 - INFO - [City population DEBUG] row header='• Summer ( DST )' value='UTC+2 ( CEST )'
2026-05-09 13:50:50,869 - INFO - [City population DEBUG] row header='Postal code' value='24026'
2026-05-09 13:50:50,869 - INFO - [City population DEBUG] row header='Dialing code' value='035'
2026-05-09 13:50:50,869 - INFO - [City population DEBUG] row header='Patron saint' value='Saint Michael'
2026-05-09 13:50:50,870 - INFO - [City population DEBUG] row header='Saint day' value='29 September'
2026-05-09 13:50:50,870 - INFO - [City population DEBUG] row header='Website' value='Official website'
2026-05-09 13:50:50,870 - INFO - [City population] Found from municipality/comune candidate: 4463
2026-05-09 13:50:51,397 - INFO - [City: Leffe, Lombardy] population \u2192 4463 (Wikipedia)
2026-05-09 13:50:51,397 - INFO - [City: Leffe, Lombardy] image \u2192 https://upload.wikimedia.org/wikipedia/commons/thumb/6/65/LeffeItalia.jpg/250px-LeffeItalia.jpg (Wikipedia)
2026-05-09 13:50:51,407 - INFO - Updated city: Leffe, Lombardy
2026-05-09 13:50:52,032 - INFO - [Wikipedia] geo class not found
2026-05-09 13:50:52,047 - INFO - [Wikipedia] latitude/longitude span not found
2026-05-09 13:50:52,054 - WARNING - [Wikipedia] Coordinates not found for AlbinoLeffe Stadium - Wikipedia
2026-05-09 13:50:52,054 - WARNING - [Wikipedia] All coordinate methods failed
2026-05-09 13:50:52,072 - INFO - ====== WebDriver manager ======
2026-05-09 13:50:53,517 - INFO - Get LATEST chromedriver version for google-chrome
2026-05-09 13:50:53,599 - INFO - Get LATEST chromedriver version for google-chrome
2026-05-09 13:50:53,663 - INFO - Driver [C:\Users\marco\.wdm\drivers\chromedriver\win64\147.0.7727.117\chromedriver-win32/chromedriver.exe] found in cache
2026-05-09 13:51:03,389 - INFO - Accepted consent popup.
2026-05-09 13:51:10,510 - INFO - [Stadium: AlbinoLeffe Stadium] capacity \u2192 1791 (Transfermarkt/Wikipedia)
2026-05-09 13:51:10,511 - INFO - [Stadium: AlbinoLeffe Stadium] year \u2192 2021 (Transfermarkt/Wikipedia)
2026-05-09 13:51:10,511 - WARNING - [Stadium: AlbinoLeffe Stadium] latitude \u2192 NOT FOUND
2026-05-09 13:51:10,511 - WARNING - [Stadium: AlbinoLeffe Stadium] longitude \u2192 NOT FOUND
2026-05-09 13:51:10,511 - INFO - [Stadium: AlbinoLeffe Stadium] image \u2192 https://upload.wikimedia.org/wikipedia/commons/thumb/1/1d/AlbinoLeffe_Stadium%2C_vista_dal_campo.jpg/330px-AlbinoLeffe_Stadium%2C_vista_dal_campo.jpg (Wikipedia)
2026-05-09 13:51:10,511 - WARNING - [Stadium: AlbinoLeffe Stadium] owner_raw \u2192 NOT FOUND
2026-05-09 13:51:10,511 - INFO - [Stadium: AlbinoLeffe Stadium] ownership \u2192 UNKNOWN (Wikipedia)
2026-05-09 13:51:10,515 - INFO - Updated stadium: AlbinoLeffe Stadium
2026-05-09 13:51:15,463 - INFO - ====== WebDriver manager ======
2026-05-09 13:51:16,681 - INFO - Get LATEST chromedriver version for google-chrome
2026-05-09 13:51:16,744 - INFO - Get LATEST chromedriver version for google-chrome
2026-05-09 13:51:16,813 - INFO - Driver [C:\Users\marco\.wdm\drivers\chromedriver\win64\147.0.7727.117\chromedriver-win32/chromedriver.exe] found in cache
2026-05-09 13:51:28,687 - INFO - Accepted consent popup.
2026-05-09 13:51:43,956 - INFO - ====== WebDriver manager ======
2026-05-09 13:51:45,353 - INFO - Get LATEST chromedriver version for google-chrome
2026-05-09 13:51:45,444 - INFO - Get LATEST chromedriver version for google-chrome
2026-05-09 13:51:45,516 - INFO - Driver [C:\Users\marco\.wdm\drivers\chromedriver\win64\147.0.7727.117\chromedriver-win32/chromedriver.exe] found in cache
2026-05-09 13:51:58,038 - INFO - Accepted consent popup.
2026-05-09 13:52:02,977 - INFO - Average attendance extracted: 626
2026-05-09 13:52:09,667 - INFO - [Team: UC AlbinoLeffe] manager \u2192 Giovanni Lopez (Wikipedia)
2026-05-09 13:52:09,668 - INFO - [Team: UC AlbinoLeffe] founded \u2192 1998-01-01 (Transfermarkt/Wikipedia)
2026-05-09 13:52:09,668 - INFO - [Team: UC AlbinoLeffe] tier \u2192 3 (Transfermarkt/JSON)
2026-05-09 13:52:09,668 - INFO - Updated team: UC AlbinoLeffe
2026-05-09 13:52:13,753 - INFO - Finished processing UC AlbinoLeffe
2026-05-09 13:52:13,753 - INFO - -----------------------------------------
2026-05-09 13:52:13,753 - INFO - Processing team: Arzignano Valchiampo
2026-05-09 13:52:14,022 - INFO - [City population DEBUG] row header='Country' value='Italy'
2026-05-09 13:52:14,022 - INFO - [City population DEBUG] row header='Region' value='Veneto'
2026-05-09 13:52:14,023 - INFO - [City population DEBUG] row header='Province' value='Vicenza (VI)'
2026-05-09 13:52:14,023 - INFO - [City population DEBUG] row header='Frazioni' value='Costo, Pugnello , Castello, Restena, San Bortolo, San Zenone, Tezze'
2026-05-09 13:52:14,023 - INFO - [City population DEBUG] row header='• Mayor' value='Teresa Inglese prefectural commissioner'
2026-05-09 13:52:14,023 - INFO - [City population DEBUG] row header='• Total' value='34 km 2 (13 sq mi)'
2026-05-09 13:52:14,024 - INFO - [City population DEBUG] row header='Elevation' value='118 m (387 ft)'
2026-05-09 13:52:14,024 - INFO - [City population DEBUG] row header='• Total' value='25,642'
2026-05-09 13:52:14,024 - INFO - [City population] Candidate from row '• Total': 25642
2026-05-09 13:52:14,024 - INFO - [City population DEBUG] row header='• Density' value='750/km 2 (2,000/sq mi)'
2026-05-09 13:52:14,024 - INFO - [City population DEBUG] row header='Demonym' value='Arzignanesi'
2026-05-09 13:52:14,024 - INFO - [City population DEBUG] row header='Time zone' value='UTC+1 ( CET )'
2026-05-09 13:52:14,024 - INFO - [City population DEBUG] row header='• Summer ( DST )' value='UTC+2 ( CEST )'
2026-05-09 13:52:14,024 - INFO - [City population DEBUG] row header='Postal code' value='36071'
2026-05-09 13:52:14,024 - INFO - [City population DEBUG] row header='Dialing code' value='0444'
2026-05-09 13:52:14,025 - INFO - [City population DEBUG] row header='Patron saint' value='Ognissanti'
2026-05-09 13:52:14,025 - INFO - [City population DEBUG] row header='Saint day' value='November 1'
2026-05-09 13:52:14,025 - INFO - [City population DEBUG] row header='Website' value='Official website'
2026-05-09 13:52:14,025 - INFO - [City population] Found from municipality/comune candidate: 25642
2026-05-09 13:52:14,534 - INFO - [City: Arzignano] population \u2192 25642 (Wikipedia)
2026-05-09 13:52:14,535 - INFO - [City: Arzignano] image \u2192 https://upload.wikimedia.org/wikipedia/commons/thumb/1/16/Arzignano_da_Brendola.JPG/250px-Arzignano_da_Brendola.JPG (Wikipedia)
2026-05-09 13:52:14,537 - INFO - Updated city: Arzignano
2026-05-09 13:52:15,249 - INFO - [Wikipedia] geo class not found
2026-05-09 13:52:15,268 - INFO - [Wikipedia] latitude/longitude span not found
2026-05-09 13:52:15,271 - WARNING - [Wikipedia] Coordinates not found for Stadio Tommaso Dal Molin - Wikipedia
2026-05-09 13:52:15,271 - WARNING - [Wikipedia] All coordinate methods failed
2026-05-09 13:52:15,284 - INFO - ====== WebDriver manager ======
2026-05-09 13:52:16,573 - INFO - Get LATEST chromedriver version for google-chrome
2026-05-09 13:52:16,654 - INFO - Get LATEST chromedriver version for google-chrome
2026-05-09 13:52:16,724 - INFO - Driver [C:\Users\marco\.wdm\drivers\chromedriver\win64\147.0.7727.117\chromedriver-win32/chromedriver.exe] found in cache
2026-05-09 13:52:27,939 - INFO - Accepted consent popup.
2026-05-09 13:52:33,470 - INFO - Year not found on Transfermarkt for stadium Dal Molin
2026-05-09 13:52:36,182 - INFO - [Stadium: Dal Molin] capacity \u2192 1340 (Transfermarkt/Wikipedia)
2026-05-09 13:52:36,183 - WARNING - [Stadium: Dal Molin] year \u2192 NOT FOUND
2026-05-09 13:52:36,183 - WARNING - [Stadium: Dal Molin] latitude \u2192 NOT FOUND
2026-05-09 13:52:36,183 - WARNING - [Stadium: Dal Molin] longitude \u2192 NOT FOUND
2026-05-09 13:52:36,183 - INFO - [Stadium: Dal Molin] image \u2192 https://upload.wikimedia.org/wikipedia/commons/thumb/0/03/Flag_of_Italy.svg/20px-Flag_of_Italy.svg.png (Wikipedia)
2026-05-09 13:52:36,183 - WARNING - [Stadium: Dal Molin] owner_raw \u2192 NOT FOUND
2026-05-09 13:52:36,183 - INFO - [Stadium: Dal Molin] ownership \u2192 UNKNOWN (Wikipedia)
2026-05-09 13:52:36,193 - INFO - Updated stadium: Dal Molin
2026-05-09 13:52:40,709 - INFO - ====== WebDriver manager ======
2026-05-09 13:52:42,117 - INFO - Get LATEST chromedriver version for google-chrome
2026-05-09 13:52:42,204 - INFO - Get LATEST chromedriver version for google-chrome
2026-05-09 13:52:42,267 - INFO - Driver [C:\Users\marco\.wdm\drivers\chromedriver\win64\147.0.7727.117\chromedriver-win32/chromedriver.exe] found in cache
2026-05-09 13:52:54,566 - INFO - Accepted consent popup.
2026-05-09 13:53:12,444 - INFO - ====== WebDriver manager ======
2026-05-09 13:53:13,897 - INFO - Get LATEST chromedriver version for google-chrome
2026-05-09 13:53:13,971 - INFO - Get LATEST chromedriver version for google-chrome
2026-05-09 13:53:14,044 - INFO - Driver [C:\Users\marco\.wdm\drivers\chromedriver\win64\147.0.7727.117\chromedriver-win32/chromedriver.exe] found in cache
2026-05-09 13:53:26,235 - INFO - Accepted consent popup.
2026-05-09 13:53:31,822 - INFO - Average attendance extracted: 656
2026-05-09 13:53:38,938 - WARNING - [Team: Arzignano Valchiampo] manager \u2192 NOT FOUND
2026-05-09 13:53:38,938 - INFO - [Team: Arzignano Valchiampo] founded \u2192 2011-01-01 (Transfermarkt/Wikipedia)
2026-05-09 13:53:38,939 - INFO - [Team: Arzignano Valchiampo] tier \u2192 3 (Transfermarkt/JSON)
2026-05-09 13:53:38,939 - INFO - Updated team: Arzignano Valchiampo
2026-05-09 13:53:43,019 - INFO - Finished processing Arzignano Valchiampo
2026-05-09 13:53:43,019 - INFO - -----------------------------------------
2026-05-09 13:53:43,019 - INFO - Processing team: Aurora Pro Patria
2026-05-09 13:53:44,756 - INFO - [City population DEBUG] row header='Country' value='Italy'
2026-05-09 13:53:44,756 - INFO - [City population DEBUG] row header='Region' value='Lombardy'
2026-05-09 13:53:44,756 - INFO - [City population DEBUG] row header='Province' value='Varese (VA)'
2026-05-09 13:53:44,757 - INFO - [City population DEBUG] row header='Frazioni' value='Borsano , Sacconago'
2026-05-09 13:53:44,757 - INFO - [City population DEBUG] row header='• Mayor' value='Emanuele Antonelli ( Forza Italia )'
2026-05-09 13:53:44,758 - INFO - [City population DEBUG] row header='• Total' value='30.27 km 2 (11.69 sq mi)'
2026-05-09 13:53:44,758 - INFO - [City population DEBUG] row header='Elevation' value='226 m (741 ft)'
2026-05-09 13:53:44,758 - INFO - [City population DEBUG] row header='• Total' value='83,405'
2026-05-09 13:53:44,758 - INFO - [City population] Candidate from row '• Total': 83405
2026-05-09 13:53:44,759 - INFO - [City population DEBUG] row header='• Density' value='2,755/km 2 (7,136/sq mi)'
2026-05-09 13:53:44,759 - INFO - [City population DEBUG] row header='Demonym(s)' value='Bustocchi (for the people born in the city) Bustesi (for the people not born in the city)'
2026-05-09 13:53:44,760 - INFO - [City population DEBUG] row header='Time zone' value='UTC+1 ( CET )'
2026-05-09 13:53:44,760 - INFO - [City population DEBUG] row header='• Summer ( DST )' value='UTC+2 ( CEST )'
2026-05-09 13:53:44,760 - INFO - [City population DEBUG] row header='Postal code' value='21052'
2026-05-09 13:53:44,761 - INFO - [City population DEBUG] row header='Dialing code' value='0331'
2026-05-09 13:53:44,761 - INFO - [City population DEBUG] row header='Patron saint' value='Saint John the Baptist and Saint Michael the Archangel'
2026-05-09 13:53:44,761 - INFO - [City population DEBUG] row header='Saint day' value='June 24 and September 29'
2026-05-09 13:53:44,762 - INFO - [City population DEBUG] row header='Website' value='Official website'
2026-05-09 13:53:44,762 - INFO - [City population] Found from municipality/comune candidate: 83405
2026-05-09 13:53:46,066 - INFO - [City: Busto Arsizio] population \u2192 83405 (Wikipedia)
2026-05-09 13:53:46,066 - INFO - [City: Busto Arsizio] image \u2192 https://upload.wikimedia.org/wikipedia/commons/thumb/5/54/20071226SMaria.jpg/250px-20071226SMaria.jpg (Wikipedia)
2026-05-09 13:53:46,069 - INFO - Updated city: Busto Arsizio
2026-05-09 13:53:46,890 - INFO - ====== WebDriver manager ======
2026-05-09 13:53:48,347 - INFO - Get LATEST chromedriver version for google-chrome
2026-05-09 13:53:48,417 - INFO - Get LATEST chromedriver version for google-chrome
2026-05-09 13:53:48,484 - INFO - Driver [C:\Users\marco\.wdm\drivers\chromedriver\win64\147.0.7727.117\chromedriver-win32/chromedriver.exe] found in cache
2026-05-09 13:53:59,248 - INFO - Accepted consent popup.
2026-05-09 13:54:07,369 - INFO - [Stadium: Carlo Speroni] capacity \u2192 5867 (Transfermarkt/Wikipedia)
2026-05-09 13:54:07,369 - INFO - [Stadium: Carlo Speroni] year \u2192 1927 (Transfermarkt/Wikipedia)
2026-05-09 13:54:07,369 - INFO - [Stadium: Carlo Speroni] latitude \u2192 45.613508333333336 (Wikipedia)
2026-05-09 13:54:07,369 - INFO - [Stadium: Carlo Speroni] longitude \u2192 8.880758333333334 (Wikipedia)
2026-05-09 13:54:07,370 - INFO - [Stadium: Carlo Speroni] image \u2192 https://upload.wikimedia.org/wikipedia/commons/thumb/6/68/La_tribuna_dal_campo.jpg/330px-La_tribuna_dal_campo.jpg (Wikipedia)
2026-05-09 13:54:07,370 - WARNING - [Stadium: Carlo Speroni] owner_raw \u2192 NOT FOUND
2026-05-09 13:54:07,370 - INFO - [Stadium: Carlo Speroni] ownership \u2192 UNKNOWN (Wikipedia)
2026-05-09 13:54:07,376 - INFO - Updated stadium: Carlo Speroni
2026-05-09 13:54:12,119 - INFO - ====== WebDriver manager ======
2026-05-09 13:54:13,437 - INFO - Get LATEST chromedriver version for google-chrome
2026-05-09 13:54:13,516 - INFO - Get LATEST chromedriver version for google-chrome
2026-05-09 13:54:13,582 - INFO - Driver [C:\Users\marco\.wdm\drivers\chromedriver\win64\147.0.7727.117\chromedriver-win32/chromedriver.exe] found in cache
2026-05-09 13:54:25,204 - INFO - Accepted consent popup.
2026-05-09 13:54:40,229 - INFO - ====== WebDriver manager ======
2026-05-09 13:54:41,513 - INFO - Get LATEST chromedriver version for google-chrome
2026-05-09 13:54:41,589 - INFO - Get LATEST chromedriver version for google-chrome
2026-05-09 13:54:41,658 - INFO - Driver [C:\Users\marco\.wdm\drivers\chromedriver\win64\147.0.7727.117\chromedriver-win32/chromedriver.exe] found in cache
2026-05-09 13:54:54,386 - INFO - Accepted consent popup.
2026-05-09 13:55:02,632 - INFO - Average attendance extracted: 797
2026-05-09 13:55:09,378 - INFO - [Team: Aurora Pro Patria] manager \u2192 Leandro Greco (Wikipedia)
2026-05-09 13:55:09,379 - INFO - [Team: Aurora Pro Patria] founded \u2192 1919-01-01 (Transfermarkt/Wikipedia)
2026-05-09 13:55:09,379 - INFO - [Team: Aurora Pro Patria] tier \u2192 3 (Transfermarkt/JSON)
2026-05-09 13:55:09,379 - INFO - Updated team: Aurora Pro Patria
2026-05-09 13:55:13,458 - INFO - Finished processing Aurora Pro Patria
2026-05-09 13:55:13,458 - INFO - -----------------------------------------
2026-05-09 13:55:13,458 - INFO - Processing team: CPR Ospitaletto
2026-05-09 13:55:13,676 - INFO - [City population DEBUG] row header='Country' value='Italy'
2026-05-09 13:55:13,677 - INFO - [City population DEBUG] row header='Region' value='Lombardy'
2026-05-09 13:55:13,677 - INFO - [City population DEBUG] row header='Province' value='Brescia (BS)'
2026-05-09 13:55:13,677 - INFO - [City population DEBUG] row header='Frazioni' value='Lovernato'
2026-05-09 13:55:13,677 - INFO - [City population DEBUG] row header='• Mayor' value='Laura Treccani'
2026-05-09 13:55:13,677 - INFO - [City population DEBUG] row header='• Total' value='8 km 2 (3.1 sq mi)'
2026-05-09 13:55:13,677 - INFO - [City population DEBUG] row header='• Total' value='14,217'
2026-05-09 13:55:13,677 - INFO - [City population] Candidate from row '• Total': 14217
2026-05-09 13:55:13,677 - INFO - [City population DEBUG] row header='• Density' value='1,800/km 2 (4,600/sq mi)'
2026-05-09 13:55:13,678 - INFO - [City population DEBUG] row header='Demonym' value='Ospitalettesi'
2026-05-09 13:55:13,678 - INFO - [City population DEBUG] row header='Time zone' value='UTC+1 ( CET )'
2026-05-09 13:55:13,678 - INFO - [City population DEBUG] row header='• Summer ( DST )' value='UTC+2 ( CEST )'
2026-05-09 13:55:13,678 - INFO - [City population DEBUG] row header='Postal code' value='25035'
2026-05-09 13:55:13,678 - INFO - [City population DEBUG] row header='Dialing code' value='030'
2026-05-09 13:55:13,678 - INFO - [City population DEBUG] row header='Patron saint' value='St. James'
2026-05-09 13:55:13,678 - INFO - [City population DEBUG] row header='Saint day' value='July 25'
2026-05-09 13:55:13,678 - INFO - [City population DEBUG] row header='Website' value='Official website'
2026-05-09 13:55:13,678 - INFO - [City population] Found from municipality/comune candidate: 14217
2026-05-09 13:55:14,113 - INFO - [City: Ospitaletto] population \u2192 14217 (Wikipedia)
2026-05-09 13:55:14,113 - INFO - [City: Ospitaletto] image \u2192 https://upload.wikimedia.org/wikipedia/commons/thumb/9/93/Chiesa_Parrocchiale_di_San_Giacomo_apostolo%2C_Ospitaletto.jpg/250px-Chiesa_Parrocchiale_di_San_Giacomo_apostolo%2C_Ospitaletto.jpg (Wikipedia)
2026-05-09 13:55:14,115 - INFO - Updated city: Ospitaletto
2026-05-09 13:55:14,640 - INFO - ====== WebDriver manager ======
2026-05-09 13:55:15,826 - INFO - Get LATEST chromedriver version for google-chrome
2026-05-09 13:55:15,933 - INFO - Get LATEST chromedriver version for google-chrome
2026-05-09 13:55:15,995 - INFO - Driver [C:\Users\marco\.wdm\drivers\chromedriver\win64\147.0.7727.117\chromedriver-win32/chromedriver.exe] found in cache
2026-05-09 13:55:27,121 - INFO - Accepted consent popup.
2026-05-09 13:55:29,412 - INFO - Year not found on Transfermarkt for stadium Comunale Gino Corioni
2026-05-09 13:55:32,481 - INFO - [Stadium: Comunale Gino Corioni] capacity \u2192 9000 (Transfermarkt/Wikipedia)
2026-05-09 13:55:32,481 - WARNING - [Stadium: Comunale Gino Corioni] year \u2192 NOT FOUND
2026-05-09 13:55:32,482 - INFO - [Stadium: Comunale Gino Corioni] latitude \u2192 45.5582 (Wikipedia)
2026-05-09 13:55:32,482 - INFO - [Stadium: Comunale Gino Corioni] longitude \u2192 10.065800000000001 (Wikipedia)
2026-05-09 13:55:32,482 - INFO - [Stadium: Comunale Gino Corioni] image \u2192 https://upload.wikimedia.org/wikipedia/commons/thumb/c/c2/Stadio_Gino_Corioni.jpg/330px-Stadio_Gino_Corioni.jpg (Wikipedia)
2026-05-09 13:55:32,482 - WARNING - [Stadium: Comunale Gino Corioni] owner_raw \u2192 NOT FOUND
2026-05-09 13:55:32,482 - INFO - [Stadium: Comunale Gino Corioni] ownership \u2192 UNKNOWN (Wikipedia)
2026-05-09 13:55:32,487 - INFO - Updated stadium: Comunale Gino Corioni
2026-05-09 13:55:37,300 - INFO - ====== WebDriver manager ======
2026-05-09 13:55:38,849 - INFO - Get LATEST chromedriver version for google-chrome
2026-05-09 13:55:38,925 - INFO - Get LATEST chromedriver version for google-chrome
2026-05-09 13:55:38,999 - INFO - Driver [C:\Users\marco\.wdm\drivers\chromedriver\win64\147.0.7727.117\chromedriver-win32/chromedriver.exe] found in cache
2026-05-09 13:55:50,977 - INFO - Accepted consent popup.
2026-05-09 13:56:08,479 - INFO - ====== WebDriver manager ======
2026-05-09 13:56:10,267 - INFO - Get LATEST chromedriver version for google-chrome
2026-05-09 13:56:10,339 - INFO - Get LATEST chromedriver version for google-chrome
2026-05-09 13:56:10,406 - INFO - Driver [C:\Users\marco\.wdm\drivers\chromedriver\win64\147.0.7727.117\chromedriver-win32/chromedriver.exe] found in cache
2026-05-09 13:56:21,439 - INFO - Accepted consent popup.
2026-05-09 13:56:27,082 - INFO - Average attendance extracted: 567
2026-05-09 13:56:34,092 - WARNING - [Team: CPR Ospitaletto] manager \u2192 NOT FOUND
2026-05-09 13:56:34,093 - INFO - [Team: CPR Ospitaletto] founded \u2192 2021-01-01 (Transfermarkt/Wikipedia)
2026-05-09 13:56:34,093 - INFO - [Team: CPR Ospitaletto] tier \u2192 3 (Transfermarkt/JSON)
2026-05-09 13:56:34,093 - INFO - Updated team: CPR Ospitaletto
2026-05-09 13:56:38,167 - INFO - Finished processing CPR Ospitaletto
2026-05-09 13:56:38,167 - INFO - -----------------------------------------
2026-05-09 13:56:38,168 - INFO - Processing team: US Pergolettese 1932
2026-05-09 13:56:38,658 - INFO - [City population DEBUG] row header='Country' value='Italy'
2026-05-09 13:56:38,658 - INFO - [City population DEBUG] row header='Region' value='Lombardy'
2026-05-09 13:56:38,659 - INFO - [City population DEBUG] row header='Province' value='Cremona (CR)'
2026-05-09 13:56:38,659 - INFO - [City population DEBUG] row header='Frazioni' value='Santa Maria dei Mosi, Santo Stefano in Vairano , Vergonzana'
2026-05-09 13:56:38,660 - INFO - [City population DEBUG] row header='• Mayor' value='Fabio Bergamaschi ( PD )'
2026-05-09 13:56:38,660 - INFO - [City population DEBUG] row header='• Total' value='34 km 2 (13 sq mi)'
2026-05-09 13:56:38,661 - INFO - [City population DEBUG] row header='Elevation' value='79 m (259 ft)'
2026-05-09 13:56:38,661 - INFO - [City population DEBUG] row header='• Total' value='34,264'
2026-05-09 13:56:38,661 - INFO - [City population] Candidate from row '• Total': 34264
2026-05-09 13:56:38,662 - INFO - [City population DEBUG] row header='• Density' value='1,000/km 2 (2,600/sq mi)'
2026-05-09 13:56:38,662 - INFO - [City population DEBUG] row header='Demonym' value='Cremaschi'
2026-05-09 13:56:38,662 - INFO - [City population DEBUG] row header='Time zone' value='UTC+1 ( CET )'
2026-05-09 13:56:38,663 - INFO - [City population DEBUG] row header='• Summer ( DST )' value='UTC+2 ( CEST )'
2026-05-09 13:56:38,663 - INFO - [City population DEBUG] row header='Postal code' value='26013'
2026-05-09 13:56:38,663 - INFO - [City population DEBUG] row header='Dialing code' value='0373'
2026-05-09 13:56:38,664 - INFO - [City population DEBUG] row header='Patron saint' value='Saint Pantaleo'
2026-05-09 13:56:38,664 - INFO - [City population DEBUG] row header='Saint day' value='10 June'
2026-05-09 13:56:38,665 - INFO - [City population DEBUG] row header='Website' value='Official website'
2026-05-09 13:56:38,665 - INFO - [City population] Found from municipality/comune candidate: 34264
2026-05-09 13:56:39,278 - INFO - [City: Crema, Lombardy] population \u2192 34264 (Wikipedia)
2026-05-09 13:56:39,279 - INFO - [City: Crema, Lombardy] image \u2192 https://upload.wikimedia.org/wikipedia/commons/thumb/d/dd/Palazzo-comunale-2017.jpg/250px-Palazzo-comunale-2017.jpg (Wikipedia)
2026-05-09 13:56:39,285 - INFO - Updated city: Crema, Lombardy
2026-05-09 13:56:40,369 - INFO - ====== WebDriver manager ======
2026-05-09 13:56:41,735 - INFO - Get LATEST chromedriver version for google-chrome
2026-05-09 13:56:41,810 - INFO - Get LATEST chromedriver version for google-chrome
2026-05-09 13:56:41,886 - INFO - Driver [C:\Users\marco\.wdm\drivers\chromedriver\win64\147.0.7727.117\chromedriver-win32/chromedriver.exe] found in cache
2026-05-09 13:56:52,734 - INFO - Accepted consent popup.
2026-05-09 13:57:00,722 - INFO - [Stadium: Giuseppe Voltini] capacity \u2192 4100 (Transfermarkt/Wikipedia)
2026-05-09 13:57:00,722 - INFO - [Stadium: Giuseppe Voltini] year \u2192 1932 (Transfermarkt/Wikipedia)
2026-05-09 13:57:00,722 - INFO - [Stadium: Giuseppe Voltini] latitude \u2192 45.35777777777778 (Wikipedia)
2026-05-09 13:57:00,722 - INFO - [Stadium: Giuseppe Voltini] longitude \u2192 9.675555555555555 (Wikipedia)
2026-05-09 13:57:00,722 - INFO - [Stadium: Giuseppe Voltini] image \u2192 https://upload.wikimedia.org/wikipedia/commons/thumb/0/03/Flag_of_Italy.svg/20px-Flag_of_Italy.svg.png (Wikipedia)
2026-05-09 13:57:00,722 - WARNING - [Stadium: Giuseppe Voltini] owner_raw \u2192 NOT FOUND
2026-05-09 13:57:00,722 - INFO - [Stadium: Giuseppe Voltini] ownership \u2192 UNKNOWN (Wikipedia)
2026-05-09 13:57:00,728 - INFO - Updated stadium: Giuseppe Voltini
2026-05-09 13:57:05,517 - INFO - ====== WebDriver manager ======
2026-05-09 13:57:06,836 - INFO - Get LATEST chromedriver version for google-chrome
2026-05-09 13:57:06,909 - INFO - Get LATEST chromedriver version for google-chrome
2026-05-09 13:57:06,978 - INFO - Driver [C:\Users\marco\.wdm\drivers\chromedriver\win64\147.0.7727.117\chromedriver-win32/chromedriver.exe] found in cache
2026-05-09 13:57:17,191 - INFO - Accepted consent popup.
2026-05-09 13:57:32,361 - INFO - ====== WebDriver manager ======
2026-05-09 13:57:33,711 - INFO - Get LATEST chromedriver version for google-chrome
2026-05-09 13:57:33,802 - INFO - Get LATEST chromedriver version for google-chrome
2026-05-09 13:57:33,873 - INFO - Driver [C:\Users\marco\.wdm\drivers\chromedriver\win64\147.0.7727.117\chromedriver-win32/chromedriver.exe] found in cache
2026-05-09 13:57:46,083 - INFO - Accepted consent popup.
2026-05-09 13:57:48,122 - INFO - Average attendance extracted: 752
2026-05-09 13:57:54,636 - INFO - [Team: US Pergolettese 1932] manager \u2192 Mario Tacchinardi (Wikipedia)
2026-05-09 13:57:54,636 - INFO - [Team: US Pergolettese 1932] founded \u2192 1932-01-01 (Transfermarkt/Wikipedia)
2026-05-09 13:57:54,636 - INFO - [Team: US Pergolettese 1932] tier \u2192 3 (Transfermarkt/JSON)
2026-05-09 13:57:54,637 - INFO - Updated team: US Pergolettese 1932
2026-05-09 13:57:58,705 - INFO - Finished processing US Pergolettese 1932
2026-05-09 13:57:58,705 - INFO - -----------------------------------------
2026-05-09 13:57:58,705 - INFO - Processing team: US Triestina
2026-05-09 13:57:59,469 - INFO - [City population DEBUG] row header='Country' value='Italy'
2026-05-09 13:57:59,470 - INFO - [City population DEBUG] row header='Region' value='Friuli-Venezia Giulia'
2026-05-09 13:57:59,470 - INFO - [City population DEBUG] row header='Province' value='Trieste'
2026-05-09 13:57:59,471 - INFO - [City population DEBUG] row header='Frazioni' value='Banne (Bani), Barcola (Barkovlje), Basovizza (Bazovica), Borgo San Nazario, Cattinara (Katinara), Conconello (Ferlugi), Contovello (Kontovel), Grignano (Grljan), Gropada (Gropada), Longera (Lonjer), Miramare (Miramar), Opicina (Op\u010dine), Padriciano (Padri\u010de), Prosecco (Prosek), Santa Croce (Križ), Servola (Škedenj), Trebiciano (Treb\u010de)'
2026-05-09 13:57:59,472 - INFO - [City population DEBUG] row header='• Mayor' value='Roberto Dipiazza ( FI )'
2026-05-09 13:57:59,472 - INFO - [City population DEBUG] row header='• Total' value='85.11 km 2 (32.86 sq mi)'
2026-05-09 13:57:59,472 - INFO - [City population DEBUG] row header='Elevation' value='2 m (6.6 ft)'
2026-05-09 13:57:59,473 - INFO - [City population DEBUG] row header='• Total' value='198,668'
2026-05-09 13:57:59,473 - INFO - [City population] Candidate from row '• Total': 198668
2026-05-09 13:57:59,473 - INFO - [City population DEBUG] row header='• Density' value='2,334/km 2 (6,046/sq mi)'
2026-05-09 13:57:59,473 - INFO - [City population DEBUG] row header='Demonym(s)' value='English: Triestine or Triestino Italian : triestino (m.), triestina (f.)'
2026-05-09 13:57:59,473 - INFO - [City population DEBUG] row header='Time zone' value='UTC+1 ( CET )'
2026-05-09 13:57:59,473 - INFO - [City population DEBUG] row header='• Summer ( DST )' value='UTC+2 ( CEST )'
2026-05-09 13:57:59,474 - INFO - [City population DEBUG] row header='Postal code' value='34100'
2026-05-09 13:57:59,474 - INFO - [City population DEBUG] row header='Dialing code' value='040'
2026-05-09 13:57:59,474 - INFO - [City population DEBUG] row header='ISTAT code' value='032006'
2026-05-09 13:57:59,474 - INFO - [City population DEBUG] row header='Patron saint' value='St. Justus of Trieste'
2026-05-09 13:57:59,474 - INFO - [City population DEBUG] row header='Saint day' value='3 November'
2026-05-09 13:57:59,474 - INFO - [City population DEBUG] row header='Website' value='comune.trieste.it'
2026-05-09 13:57:59,474 - INFO - [City population] Found from municipality/comune candidate: 198668
2026-05-09 13:58:00,674 - INFO - [City: Trieste] population \u2192 198668 (Wikipedia)
2026-05-09 13:58:00,674 - INFO - [City: Trieste] image \u2192 https://upload.wikimedia.org/wikipedia/commons/thumb/5/57/Trieste_%2828766391880%29.jpg/330px-Trieste_%2828766391880%29.jpg (Wikipedia)
2026-05-09 13:58:00,676 - INFO - Updated city: Trieste
2026-05-09 13:58:01,326 - INFO - ====== WebDriver manager ======
2026-05-09 13:58:02,610 - INFO - Get LATEST chromedriver version for google-chrome
2026-05-09 13:58:02,678 - INFO - Get LATEST chromedriver version for google-chrome
2026-05-09 13:58:02,746 - INFO - Driver [C:\Users\marco\.wdm\drivers\chromedriver\win64\147.0.7727.117\chromedriver-win32/chromedriver.exe] found in cache
2026-05-09 13:58:13,866 - INFO - Accepted consent popup.
2026-05-09 13:58:21,487 - INFO - [Stadium: Nereo Rocco] capacity \u2192 28565 (Transfermarkt/Wikipedia)
2026-05-09 13:58:21,487 - INFO - [Stadium: Nereo Rocco] year \u2192 1992 (Transfermarkt/Wikipedia)
2026-05-09 13:58:21,487 - INFO - [Stadium: Nereo Rocco] latitude \u2192 45.6225 (Wikipedia)
2026-05-09 13:58:21,487 - INFO - [Stadium: Nereo Rocco] longitude \u2192 13.79278 (Wikipedia)
2026-05-09 13:58:21,487 - INFO - [Stadium: Nereo Rocco] image \u2192 https://tmssl.akamaized.net//images/foto/stadionnormal/stadio-nereo-rocco-triestina-1694784082-116728.jpg?lm=1694784109 (Wikipedia)
2026-05-09 13:58:21,488 - INFO - [Stadium: Nereo Rocco] owner_raw \u2192 Municipality of Trieste (Wikipedia)
2026-05-09 13:58:21,488 - INFO - [Stadium: Nereo Rocco] ownership \u2192 PUBLIC (Wikipedia)
2026-05-09 13:58:21,498 - INFO - Updated stadium: Nereo Rocco
2026-05-09 13:58:26,412 - INFO - ====== WebDriver manager ======
2026-05-09 13:58:28,536 - INFO - Get LATEST chromedriver version for google-chrome
2026-05-09 13:58:28,605 - INFO - Get LATEST chromedriver version for google-chrome
2026-05-09 13:58:28,676 - INFO - Driver [C:\Users\marco\.wdm\drivers\chromedriver\win64\147.0.7727.117\chromedriver-win32/chromedriver.exe] found in cache
2026-05-09 13:58:40,570 - INFO - Accepted consent popup.
2026-05-09 13:58:56,221 - INFO - ====== WebDriver manager ======
2026-05-09 13:58:57,541 - INFO - Get LATEST chromedriver version for google-chrome
2026-05-09 13:58:57,634 - INFO - Get LATEST chromedriver version for google-chrome
2026-05-09 13:58:57,704 - INFO - Driver [C:\Users\marco\.wdm\drivers\chromedriver\win64\147.0.7727.117\chromedriver-win32/chromedriver.exe] found in cache
2026-05-09 13:59:09,938 - INFO - Accepted consent popup.
2026-05-09 13:59:17,794 - INFO - Average attendance extracted: 4186
2026-05-09 13:59:24,778 - INFO - [Team: US Triestina] manager \u2192 Attilio Tesser (Wikipedia)
2026-05-09 13:59:24,778 - INFO - [Team: US Triestina] founded \u2192 1918-01-01 (Transfermarkt/Wikipedia)
2026-05-09 13:59:24,778 - INFO - [Team: US Triestina] tier \u2192 3 (Transfermarkt/JSON)
2026-05-09 13:59:24,778 - INFO - Updated team: US Triestina
2026-05-09 13:59:28,878 - INFO - Finished processing US Triestina
2026-05-09 13:59:28,878 - INFO - -----------------------------------------
2026-05-09 13:59:28,878 - INFO - Processing team: US Livorno 1915
2026-05-09 13:59:29,667 - INFO - [City population DEBUG] row header='Country' value='Italy'
2026-05-09 13:59:29,667 - INFO - [City population DEBUG] row header='Region' value='Tuscany'
2026-05-09 13:59:29,667 - INFO - [City population DEBUG] row header='Province' value='Livorno (LI)'
2026-05-09 13:59:29,668 - INFO - [City population DEBUG] row header='Frazioni' value='List Castellaccio, Gorgona , Limoncino, Quercianella , Valle Benedetta , Montenero'
2026-05-09 13:59:29,668 - INFO - [City population DEBUG] row header='• Mayor' value='Luca Salvetti ( PD )'
2026-05-09 13:59:29,669 - INFO - [City population DEBUG] row header='• Total' value='104.8 km 2 (40.5 sq mi)'
2026-05-09 13:59:29,669 - INFO - [City population DEBUG] row header='Elevation' value='3 m (9.8 ft)'
2026-05-09 13:59:29,670 - INFO - [City population DEBUG] row header='• Total' value='152,916'
2026-05-09 13:59:29,670 - INFO - [City population] Candidate from row '• Total': 152916
2026-05-09 13:59:29,670 - INFO - [City population DEBUG] row header='• Density' value='1,459/km 2 (3,779/sq mi)'
2026-05-09 13:59:29,671 - INFO - [City population DEBUG] row header='Demonym(s)' value='Livornesi Labronici'
2026-05-09 13:59:29,671 - INFO - [City population DEBUG] row header='Time zone' value='UTC+1 ( CET )'
2026-05-09 13:59:29,671 - INFO - [City population DEBUG] row header='• Summer ( DST )' value='UTC+2 ( CEST )'
2026-05-09 13:59:29,672 - INFO - [City population DEBUG] row header='Postal code' value='57100'
2026-05-09 13:59:29,672 - INFO - [City population DEBUG] row header='Dialing code' value='0586'
2026-05-09 13:59:29,672 - INFO - [City population DEBUG] row header='Patron saint' value='Julia of Corsica'
2026-05-09 13:59:29,673 - INFO - [City population DEBUG] row header='Saint day' value='22 May'
2026-05-09 13:59:29,673 - INFO - [City population DEBUG] row header='Website' value='Official website'
2026-05-09 13:59:29,673 - INFO - [City population] Found from municipality/comune candidate: 152916
2026-05-09 13:59:30,770 - INFO - [City: Livorno] population \u2192 152916 (Wikipedia)
2026-05-09 13:59:30,771 - INFO - [City: Livorno] image \u2192 https://upload.wikimedia.org/wikipedia/commons/thumb/d/d3/Livorno%2C_veduta_aerea_2015.jpg/250px-Livorno%2C_veduta_aerea_2015.jpg (Wikipedia)
2026-05-09 13:59:30,775 - INFO - Updated city: Livorno
2026-05-09 13:59:31,417 - INFO - ====== WebDriver manager ======
2026-05-09 13:59:32,681 - INFO - Get LATEST chromedriver version for google-chrome
2026-05-09 13:59:32,754 - INFO - Get LATEST chromedriver version for google-chrome
2026-05-09 13:59:32,824 - INFO - Driver [C:\Users\marco\.wdm\drivers\chromedriver\win64\147.0.7727.117\chromedriver-win32/chromedriver.exe] found in cache
2026-05-09 13:59:42,513 - INFO - Accepted consent popup.
2026-05-09 13:59:50,041 - INFO - [Stadium: Armando Picchi] capacity \u2192 19238 (Transfermarkt/Wikipedia)
2026-05-09 13:59:50,041 - INFO - [Stadium: Armando Picchi] year \u2192 1935 (Transfermarkt/Wikipedia)
2026-05-09 13:59:50,042 - INFO - [Stadium: Armando Picchi] latitude \u2192 43.52667 (Wikipedia)
2026-05-09 13:59:50,042 - INFO - [Stadium: Armando Picchi] longitude \u2192 10.31417 (Wikipedia)
2026-05-09 13:59:50,042 - INFO - [Stadium: Armando Picchi] image \u2192 https://tmssl.akamaized.net//images/foto/stadionnormal/livorno-calcio-stadio-armando-picchi-1710873816-132129.jpg?lm=1710873842 (Wikipedia)
2026-05-09 13:59:50,042 - INFO - [Stadium: Armando Picchi] owner_raw \u2192 Comune di Livorno (Wikipedia)
2026-05-09 13:59:50,043 - INFO - [Stadium: Armando Picchi] ownership \u2192 PUBLIC (Wikipedia)
2026-05-09 13:59:50,058 - INFO - Updated stadium: Armando Picchi
2026-05-09 13:59:55,081 - INFO - ====== WebDriver manager ======
2026-05-09 13:59:56,373 - INFO - Get LATEST chromedriver version for google-chrome
2026-05-09 13:59:56,439 - INFO - Get LATEST chromedriver version for google-chrome
2026-05-09 13:59:56,516 - INFO - Driver [C:\Users\marco\.wdm\drivers\chromedriver\win64\147.0.7727.117\chromedriver-win32/chromedriver.exe] found in cache
2026-05-09 14:00:07,491 - INFO - Accepted consent popup.
2026-05-09 14:00:23,335 - INFO - ====== WebDriver manager ======
2026-05-09 14:00:24,750 - INFO - Get LATEST chromedriver version for google-chrome
2026-05-09 14:00:24,824 - INFO - Get LATEST chromedriver version for google-chrome
2026-05-09 14:00:24,893 - INFO - Driver [C:\Users\marco\.wdm\drivers\chromedriver\win64\147.0.7727.117\chromedriver-win32/chromedriver.exe] found in cache
2026-05-09 14:00:37,859 - INFO - Accepted consent popup.
2026-05-09 14:00:40,092 - INFO - Average attendance extracted: 4333
2026-05-09 14:00:46,654 - INFO - [Team: US Livorno 1915] manager \u2192 Roberto Venturato (Wikipedia)
2026-05-09 14:00:46,654 - INFO - [Team: US Livorno 1915] founded \u2192 1915-01-01 (Transfermarkt/Wikipedia)
2026-05-09 14:00:46,654 - INFO - [Team: US Livorno 1915] tier \u2192 3 (Transfermarkt/JSON)
2026-05-09 14:00:46,654 - INFO - Updated team: US Livorno 1915
2026-05-09 14:00:50,690 - INFO - Finished processing US Livorno 1915
2026-05-09 14:00:50,690 - INFO - -----------------------------------------
2026-05-09 14:00:50,691 - INFO - Processing team: Vis Pesaro 1898
2026-05-09 14:00:50,980 - INFO - [City population DEBUG] row header='Country' value='Italy'
2026-05-09 14:00:50,980 - INFO - [City population DEBUG] row header='Region' value='Marche'
2026-05-09 14:00:50,981 - INFO - [City population DEBUG] row header='Province' value='Pesaro e Urbino (PU)'
2026-05-09 14:00:50,981 - INFO - [City population DEBUG] row header='Frazioni' value='Borgo Santa Maria, Candelara, Case Bruciate, Casteldimezzo, Cattabrighe, Chiusa di Ginestreto, Colombarone, Fiorenzuola di Focara, Ginestreto, Monteciccardo , Novilara, Ponte Valle, Pozzo Alto, Santa Maria dell'Arzilla, Santa Marina Alta, Santa Veneranda, Trebbiantico, TrePonti, Villa Ceccolini, Villa Fastiggi, Villa San Martin'
2026-05-09 14:00:50,982 - INFO - [City population DEBUG] row header='• Mayor' value='Andrea Biancani ( PD )'
2026-05-09 14:00:50,982 - INFO - [City population DEBUG] row header='• Total' value='126.77 km 2 (48.95 sq mi)'
2026-05-09 14:00:50,983 - INFO - [City population DEBUG] row header='Elevation' value='11 m (36 ft)'
2026-05-09 14:00:50,983 - INFO - [City population DEBUG] row header='• Total' value='95,000'
2026-05-09 14:00:50,983 - INFO - [City population] Candidate from row '• Total': 95000
2026-05-09 14:00:50,983 - INFO - [City population DEBUG] row header='• Density' value='750/km 2 (1,900/sq mi)'
2026-05-09 14:00:50,984 - INFO - [City population DEBUG] row header='Demonym' value='Pesaresi'
2026-05-09 14:00:50,984 - INFO - [City population DEBUG] row header='Time zone' value='UTC+1 ( CET )'
2026-05-09 14:00:50,984 - INFO - [City population DEBUG] row header='• Summer ( DST )' value='UTC+2 ( CEST )'
2026-05-09 14:00:50,984 - INFO - [City population DEBUG] row header='Postal code' value='61121, 61122'
2026-05-09 14:00:50,984 - INFO - [City population DEBUG] row header='Dialing code' value='0721'
2026-05-09 14:00:50,984 - INFO - [City population DEBUG] row header='Patron saint' value='St. Terence'
2026-05-09 14:00:50,985 - INFO - [City population DEBUG] row header='Saint day' value='September 24'
2026-05-09 14:00:50,985 - INFO - [City population DEBUG] row header='Website' value='Official website'
2026-05-09 14:00:50,985 - INFO - [City population] Found from municipality/comune candidate: 95000
2026-05-09 14:00:51,612 - INFO - [City: Pesaro] population \u2192 95000 (Wikipedia)
2026-05-09 14:00:51,612 - INFO - [City: Pesaro] image \u2192 https://upload.wikimedia.org/wikipedia/commons/thumb/5/5e/Pesaro_panorama.jpg/250px-Pesaro_panorama.jpg (Wikipedia)
2026-05-09 14:00:51,613 - INFO - Updated city: Pesaro
2026-05-09 14:00:52,386 - INFO - ====== WebDriver manager ======
2026-05-09 14:00:53,685 - INFO - Get LATEST chromedriver version for google-chrome
2026-05-09 14:00:53,753 - INFO - Get LATEST chromedriver version for google-chrome
2026-05-09 14:00:53,823 - INFO - Driver [C:\Users\marco\.wdm\drivers\chromedriver\win64\147.0.7727.117\chromedriver-win32/chromedriver.exe] found in cache
2026-05-09 14:01:03,367 - INFO - Accepted consent popup.
2026-05-09 14:01:09,345 - INFO - [Stadium: Tonino Benelli] capacity \u2192 4898 (Transfermarkt/Wikipedia)
2026-05-09 14:01:09,345 - INFO - [Stadium: Tonino Benelli] year \u2192 1927 (Transfermarkt/Wikipedia)
2026-05-09 14:01:09,345 - INFO - [Stadium: Tonino Benelli] latitude \u2192 43.8996 (Wikipedia)
2026-05-09 14:01:09,345 - INFO - [Stadium: Tonino Benelli] longitude \u2192 12.9055 (Wikipedia)
2026-05-09 14:01:09,345 - INFO - [Stadium: Tonino Benelli] image \u2192 https://upload.wikimedia.org/wikipedia/commons/thumb/5/54/Stadio_Tonino_Benelli%2C_Pesaro_-_2024_-_1.jpg/250px-Stadio_Tonino_Benelli%2C_Pesaro_-_2024_-_1.jpg (Wikipedia)
2026-05-09 14:01:09,345 - INFO - [Stadium: Tonino Benelli] owner_raw \u2192 Commune of Pesaro (Wikipedia)
2026-05-09 14:01:09,345 - INFO - [Stadium: Tonino Benelli] ownership \u2192 UNKNOWN (Wikipedia)
2026-05-09 14:01:09,348 - INFO - Updated stadium: Tonino Benelli
2026-05-09 14:01:14,184 - INFO - ====== WebDriver manager ======
2026-05-09 14:01:15,463 - INFO - Get LATEST chromedriver version for google-chrome
2026-05-09 14:01:15,528 - INFO - Get LATEST chromedriver version for google-chrome
2026-05-09 14:01:15,592 - INFO - Driver [C:\Users\marco\.wdm\drivers\chromedriver\win64\147.0.7727.117\chromedriver-win32/chromedriver.exe] found in cache
2026-05-09 14:01:28,482 - INFO - Accepted consent popup.
2026-05-09 14:01:45,976 - INFO - ====== WebDriver manager ======
2026-05-09 14:01:48,904 - INFO - Get LATEST chromedriver version for google-chrome
2026-05-09 14:01:48,970 - INFO - Get LATEST chromedriver version for google-chrome
2026-05-09 14:01:49,032 - INFO - Driver [C:\Users\marco\.wdm\drivers\chromedriver\win64\147.0.7727.117\chromedriver-win32/chromedriver.exe] found in cache
2026-05-09 14:02:03,336 - INFO - Accepted consent popup.
2026-05-09 14:02:14,365 - INFO - Average attendance extracted: 1692
2026-05-09 14:02:22,009 - INFO - [Team: Vis Pesaro 1898] manager \u2192 Roberto Stellone (Wikipedia)
2026-05-09 14:02:22,012 - INFO - [Team: Vis Pesaro 1898] founded \u2192 1898-01-01 (Transfermarkt/Wikipedia)
2026-05-09 14:02:22,012 - INFO - [Team: Vis Pesaro 1898] tier \u2192 3 (Transfermarkt/JSON)
2026-05-09 14:02:22,020 - INFO - Updated team: Vis Pesaro 1898
2026-05-09 14:02:26,105 - INFO - Finished processing Vis Pesaro 1898
2026-05-09 14:02:26,105 - INFO - -----------------------------------------
2026-05-09 14:02:26,106 - INFO - Processing team: Guidonia Montecelio 1937 FC
2026-05-09 14:02:26,460 - INFO - [City population DEBUG] row header='Country' value='Italy'
2026-05-09 14:02:26,461 - INFO - [City population DEBUG] row header='Region' value='Lazio'
2026-05-09 14:02:26,461 - INFO - [City population DEBUG] row header='Metropolitan city' value='Rome (RM)'
2026-05-09 14:02:26,461 - INFO - [City population DEBUG] row header='Frazioni' value='Albuccione, Bivio di Guidonia, Colle Fiorito, Colleverde, La Botte, Marco Simone, Montecelio , Pichini, Setteville, Setteville Nord, Villalba, Villanova'
2026-05-09 14:02:26,462 - INFO - [City population DEBUG] row header='• Mayor' value='Mauro Lombardo'
2026-05-09 14:02:26,462 - INFO - [City population DEBUG] row header='• Total' value='79.47 km 2 (30.68 sq mi)'
2026-05-09 14:02:26,462 - INFO - [City population DEBUG] row header='Elevation' value='105 m (344 ft)'
2026-05-09 14:02:26,462 - INFO - [City population DEBUG] row header='• Total' value='86,814'
2026-05-09 14:02:26,462 - INFO - [City population] Candidate from row '• Total': 86814
2026-05-09 14:02:26,462 - INFO - [City population DEBUG] row header='• Density' value='1,092/km 2 (2,829/sq mi)'
2026-05-09 14:02:26,463 - INFO - [City population DEBUG] row header='Demonym' value='Guidoniani'
2026-05-09 14:02:26,463 - INFO - [City population DEBUG] row header='Time zone' value='UTC+1 ( CET )'
2026-05-09 14:02:26,463 - INFO - [City population DEBUG] row header='• Summer ( DST )' value='UTC+2 ( CEST )'
2026-05-09 14:02:26,463 - INFO - [City population DEBUG] row header='Postal code' value='00010, 00011, 00012, 00014'
2026-05-09 14:02:26,463 - INFO - [City population DEBUG] row header='Dialing code' value='0774'
2026-05-09 14:02:26,464 - INFO - [City population DEBUG] row header='Patron saint' value='Maria Beata Vergine di Loreto'
2026-05-09 14:02:26,464 - INFO - [City population DEBUG] row header='Saint day' value='10 December'
2026-05-09 14:02:26,464 - INFO - [City population DEBUG] row header='Website' value='Official website'
2026-05-09 14:02:26,464 - INFO - [City population] Found from municipality/comune candidate: 86814
2026-05-09 14:02:27,082 - INFO - [City: Guidonia Montecelio] population \u2192 86814 (Wikipedia)
2026-05-09 14:02:27,082 - INFO - [City: Guidonia Montecelio] image \u2192 https://upload.wikimedia.org/wikipedia/commons/thumb/2/2f/Panorama_Guidonia_Montecelio.jpg/250px-Panorama_Guidonia_Montecelio.jpg (Wikipedia)
2026-05-09 14:02:27,091 - INFO - Updated city: Guidonia Montecelio
2026-05-09 14:02:27,984 - INFO - ====== WebDriver manager ======
2026-05-09 14:02:30,191 - INFO - Get LATEST chromedriver version for google-chrome
2026-05-09 14:02:30,290 - INFO - Get LATEST chromedriver version for google-chrome
2026-05-09 14:02:30,360 - INFO - Driver [C:\Users\marco\.wdm\drivers\chromedriver\win64\147.0.7727.117\chromedriver-win32/chromedriver.exe] found in cache
2026-05-09 14:02:44,649 - INFO - Accepted consent popup.
2026-05-09 14:02:53,811 - INFO - Year not found on Transfermarkt for stadium Stadio Città dell’Aria
2026-05-09 14:02:56,886 - INFO - [Stadium: Stadio Città dell’Aria] capacity \u2192 2900 (Transfermarkt/Wikipedia)
2026-05-09 14:02:56,886 - WARNING - [Stadium: Stadio Città dell’Aria] year \u2192 NOT FOUND
2026-05-09 14:02:56,886 - INFO - [Stadium: Stadio Città dell’Aria] latitude \u2192 42.00155 (Wikipedia)
2026-05-09 14:02:56,886 - INFO - [Stadium: Stadio Città dell’Aria] longitude \u2192 12.72626111111111 (Wikipedia)
2026-05-09 14:02:56,886 - INFO - [Stadium: Stadio Città dell’Aria] image \u2192 https://upload.wikimedia.org/wikipedia/commons/thumb/1/17/Campo_sportivo_Guidonia.jpg/330px-Campo_sportivo_Guidonia.jpg (Wikipedia)
2026-05-09 14:02:56,886 - WARNING - [Stadium: Stadio Città dell’Aria] owner_raw \u2192 NOT FOUND
2026-05-09 14:02:56,886 - INFO - [Stadium: Stadio Città dell’Aria] ownership \u2192 UNKNOWN (Wikipedia)
2026-05-09 14:02:56,892 - INFO - Updated stadium: Stadio Città dell’Aria
2026-05-09 14:03:01,563 - INFO - ====== WebDriver manager ======
2026-05-09 14:03:03,564 - INFO - Get LATEST chromedriver version for google-chrome
2026-05-09 14:03:03,631 - INFO - Get LATEST chromedriver version for google-chrome
2026-05-09 14:03:03,701 - INFO - Driver [C:\Users\marco\.wdm\drivers\chromedriver\win64\147.0.7727.117\chromedriver-win32/chromedriver.exe] found in cache
2026-05-09 14:03:18,610 - INFO - Accepted consent popup.
2026-05-09 14:03:35,728 - INFO - ====== WebDriver manager ======
2026-05-09 14:03:37,690 - INFO - Get LATEST chromedriver version for google-chrome
2026-05-09 14:03:37,764 - INFO - Get LATEST chromedriver version for google-chrome
2026-05-09 14:03:37,834 - INFO - Driver [C:\Users\marco\.wdm\drivers\chromedriver\win64\147.0.7727.117\chromedriver-win32/chromedriver.exe] found in cache
2026-05-09 14:03:50,595 - INFO - Accepted consent popup.
2026-05-09 14:03:52,730 - INFO - Average attendance extracted: 739
2026-05-09 14:04:00,160 - INFO - [Team: Guidonia Montecelio 1937 FC] manager \u2192 Ciro Ginestra (Wikipedia)
2026-05-09 14:04:00,160 - INFO - [Team: Guidonia Montecelio 1937 FC] founded \u2192 2004-01-01 (Transfermarkt/Wikipedia)
2026-05-09 14:04:00,161 - INFO - [Team: Guidonia Montecelio 1937 FC] tier \u2192 3 (Transfermarkt/JSON)
2026-05-09 14:04:00,161 - INFO - Updated team: Guidonia Montecelio 1937 FC
2026-05-09 14:04:04,240 - INFO - Finished processing Guidonia Montecelio 1937 FC
2026-05-09 14:04:04,241 - INFO - -----------------------------------------
2026-05-09 14:04:04,241 - INFO - Processing team: US Sambenedettese
2026-05-09 14:04:04,711 - INFO - [City population DEBUG] row header='Country' value='Italy'
2026-05-09 14:04:04,712 - INFO - [City population DEBUG] row header='Region' value='Marche'
2026-05-09 14:04:04,712 - INFO - [City population DEBUG] row header='Province' value='Ascoli Piceno (AP)'
2026-05-09 14:04:04,715 - INFO - [City population DEBUG] row header='• Mayor' value='Rita Stentella (Prefectural commissioner )'
2026-05-09 14:04:04,716 - INFO - [City population DEBUG] row header='• Total' value='25.31 km 2 (9.77 sq mi)'
2026-05-09 14:04:04,717 - INFO - [City population DEBUG] row header='Highest elevation' value='282 m (925 ft)'
2026-05-09 14:04:04,717 - INFO - [City population DEBUG] row header='Lowest elevation' value='0 m (0 ft)'
2026-05-09 14:04:04,717 - INFO - [City population DEBUG] row header='• Total' value='46 976'
2026-05-09 14:04:04,717 - INFO - [City population DEBUG] row header='• Density' value='1.8/km 2 (4.7/sq mi)'
2026-05-09 14:04:04,717 - INFO - [City population DEBUG] row header='Demonym' value='Sambenedettesi'
2026-05-09 14:04:04,717 - INFO - [City population DEBUG] row header='Time zone' value='UTC+1 ( CET )'
2026-05-09 14:04:04,718 - INFO - [City population DEBUG] row header='• Summer ( DST )' value='UTC+2 ( CEST )'
2026-05-09 14:04:04,718 - INFO - [City population DEBUG] row header='Postal code' value='63074'
2026-05-09 14:04:04,718 - INFO - [City population DEBUG] row header='Dialing code' value='0735'
2026-05-09 14:04:04,718 - INFO - [City population DEBUG] row header='Patron saint' value='San Benedetto Martire'
2026-05-09 14:04:04,718 - INFO - [City population DEBUG] row header='Saint day' value='13 October'
2026-05-09 14:04:04,718 - INFO - [City population DEBUG] row header='Website' value='Official website'
2026-05-09 14:04:04,719 - WARNING - [City population] NOT FOUND in infobox
2026-05-09 14:04:05,748 - WARNING - [City: San Benedetto del Tronto] population \u2192 NOT FOUND
2026-05-09 14:04:05,749 - INFO - [City: San Benedetto del Tronto] image \u2192 https://upload.wikimedia.org/wikipedia/commons/thumb/8/8e/Sanbenedettodeltronto02.jpg/250px-Sanbenedettodeltronto02.jpg (Wikipedia)
2026-05-09 14:04:05,771 - INFO - Updated city: San Benedetto del Tronto
2026-05-09 14:04:06,580 - INFO - ====== WebDriver manager ======
2026-05-09 14:04:10,585 - INFO - Get LATEST chromedriver version for google-chrome
2026-05-09 14:04:10,677 - INFO - Get LATEST chromedriver version for google-chrome
2026-05-09 14:04:10,748 - INFO - Driver [C:\Users\marco\.wdm\drivers\chromedriver\win64\147.0.7727.117\chromedriver-win32/chromedriver.exe] found in cache
2026-05-09 14:04:26,035 - INFO - Accepted consent popup.
2026-05-09 14:04:40,961 - INFO - [Stadium: Riviera delle Palme] capacity \u2192 13683 (Transfermarkt/Wikipedia)
2026-05-09 14:04:40,962 - INFO - [Stadium: Riviera delle Palme] year \u2192 1985 (Transfermarkt/Wikipedia)
2026-05-09 14:04:40,962 - INFO - [Stadium: Riviera delle Palme] latitude \u2192 42.93056 (Wikipedia)
2026-05-09 14:04:40,962 - INFO - [Stadium: Riviera delle Palme] longitude \u2192 13.88472 (Wikipedia)
2026-05-09 14:04:40,963 - INFO - [Stadium: Riviera delle Palme] image \u2192 https://upload.wikimedia.org/wikipedia/commons/thumb/a/a6/Vista_aerea_dello_stadio_Riviera_delle_Palme_di_San_Benedetto_del_Tronto.jpg/250px-Vista_aerea_dello_stadio_Riviera_delle_Palme_di_San_Benedetto_del_Tronto.jpg (Wikipedia)
2026-05-09 14:04:40,963 - INFO - [Stadium: Riviera delle Palme] owner_raw \u2192 Municipality of San Bendetto del Tronto (Wikipedia)
2026-05-09 14:04:40,963 - INFO - [Stadium: Riviera delle Palme] ownership \u2192 PUBLIC (Wikipedia)
2026-05-09 14:04:40,976 - INFO - Updated stadium: Riviera delle Palme
2026-05-09 14:04:45,988 - INFO - ====== WebDriver manager ======
2026-05-09 14:04:48,393 - INFO - Get LATEST chromedriver version for google-chrome
2026-05-09 14:04:48,576 - INFO - Get LATEST chromedriver version for google-chrome
2026-05-09 14:04:48,657 - INFO - Driver [C:\Users\marco\.wdm\drivers\chromedriver\win64\147.0.7727.117\chromedriver-win32/chromedriver.exe] found in cache
2026-05-09 14:05:02,184 - INFO - Accepted consent popup.
2026-05-09 14:05:18,650 - INFO - ====== WebDriver manager ======
2026-05-09 14:05:20,886 - INFO - Get LATEST chromedriver version for google-chrome
2026-05-09 14:05:20,991 - INFO - Get LATEST chromedriver version for google-chrome
2026-05-09 14:05:21,057 - INFO - Driver [C:\Users\marco\.wdm\drivers\chromedriver\win64\147.0.7727.117\chromedriver-win32/chromedriver.exe] found in cache
2026-05-09 14:05:34,511 - INFO - Accepted consent popup.
2026-05-09 14:05:40,946 - INFO - Average attendance extracted: 6157
2026-05-09 14:05:49,371 - INFO - [Team: US Sambenedettese] manager \u2192 Ottavio Palladini (Wikipedia)
2026-05-09 14:05:49,373 - INFO - [Team: US Sambenedettese] founded \u2192 1923-01-01 (Transfermarkt/Wikipedia)
2026-05-09 14:05:49,373 - INFO - [Team: US Sambenedettese] tier \u2192 3 (Transfermarkt/JSON)
2026-05-09 14:05:49,373 - INFO - Updated team: US Sambenedettese
2026-05-09 14:05:53,433 - INFO - Finished processing US Sambenedettese
2026-05-09 14:05:53,434 - INFO - -----------------------------------------
2026-05-09 14:05:53,434 - INFO - Processing team: Pineto Calcio
2026-05-09 14:05:53,682 - INFO - [City population DEBUG] row header='Country' value='Italy'
2026-05-09 14:05:53,683 - INFO - [City population DEBUG] row header='Region' value='Abruzzo'
2026-05-09 14:05:53,683 - INFO - [City population DEBUG] row header='Province' value='Teramo (TE)'
2026-05-09 14:05:53,683 - INFO - [City population DEBUG] row header='Frazioni' value='Borgo Santa Maria Immacolata , Colle Morino, Croce Ferretti, Mutignano , Scerne, Torre Cerrano, Torre San Rocco'
2026-05-09 14:05:53,684 - INFO - [City population DEBUG] row header='• Mayor' value='Alberto Dell'Orletta ( Ind. )'
2026-05-09 14:05:53,685 - INFO - [City population DEBUG] row header='• Total' value='37.69 km 2 (14.55 sq mi)'
2026-05-09 14:05:53,685 - INFO - [City population DEBUG] row header='Elevation' value='4 m (13 ft)'
2026-05-09 14:05:53,685 - INFO - [City population DEBUG] row header='• Total' value='14,430'
2026-05-09 14:05:53,685 - INFO - [City population] Candidate from row '• Total': 14430
2026-05-09 14:05:53,685 - INFO - [City population DEBUG] row header='• Density' value='382.9/km 2 (991.6/sq mi)'
2026-05-09 14:05:53,685 - INFO - [City population DEBUG] row header='Demonym' value='Pinetesi'
2026-05-09 14:05:53,686 - INFO - [City population DEBUG] row header='Time zone' value='UTC+1 ( CET )'
2026-05-09 14:05:53,686 - INFO - [City population DEBUG] row header='• Summer ( DST )' value='UTC+2 ( CEST )'
2026-05-09 14:05:53,686 - INFO - [City population DEBUG] row header='Postal code' value='64025'
2026-05-09 14:05:53,686 - INFO - [City population DEBUG] row header='Dialing code' value='085'
2026-05-09 14:05:53,686 - INFO - [City population DEBUG] row header='Patron saint' value='St. Agnes'
2026-05-09 14:05:53,686 - INFO - [City population DEBUG] row header='Saint day' value='21 January'
2026-05-09 14:05:53,686 - INFO - [City population DEBUG] row header='Website' value='Official website'
2026-05-09 14:05:53,686 - INFO - [City population] Found from municipality/comune candidate: 14430
2026-05-09 14:05:54,128 - INFO - [City: Pineto] population \u2192 14430 (Wikipedia)
2026-05-09 14:05:54,129 - INFO - [City: Pineto] image \u2192 https://upload.wikimedia.org/wikipedia/commons/thumb/f/f6/Teramo_pineto.jpg/250px-Teramo_pineto.jpg (Wikipedia)
2026-05-09 14:05:54,134 - INFO - Updated city: Pineto
2026-05-09 14:05:54,874 - INFO - ====== WebDriver manager ======
2026-05-09 14:05:56,429 - INFO - Get LATEST chromedriver version for google-chrome
2026-05-09 14:05:56,503 - INFO - Get LATEST chromedriver version for google-chrome
2026-05-09 14:05:56,564 - INFO - Driver [C:\Users\marco\.wdm\drivers\chromedriver\win64\147.0.7727.117\chromedriver-win32/chromedriver.exe] found in cache
2026-05-09 14:06:07,840 - INFO - Accepted consent popup.
2026-05-09 14:06:12,849 - INFO - Year not found on Transfermarkt for stadium Mimmo Pavone e Alessandro Mariani
2026-05-09 14:06:17,626 - INFO - [Stadium: Mimmo Pavone e Alessandro Mariani] capacity \u2192 1500 (Transfermarkt/Wikipedia)
2026-05-09 14:06:17,626 - WARNING - [Stadium: Mimmo Pavone e Alessandro Mariani] year \u2192 NOT FOUND
2026-05-09 14:06:17,626 - INFO - [Stadium: Mimmo Pavone e Alessandro Mariani] latitude \u2192 42.61024166666667 (Wikipedia)
2026-05-09 14:06:17,626 - INFO - [Stadium: Mimmo Pavone e Alessandro Mariani] longitude \u2192 14.053522222222224 (Wikipedia)
2026-05-09 14:06:17,626 - INFO - [Stadium: Mimmo Pavone e Alessandro Mariani] image \u2192 https://upload.wikimedia.org/wikipedia/commons/thumb/0/03/Flag_of_Italy.svg/20px-Flag_of_Italy.svg.png (Wikipedia)
2026-05-09 14:06:17,626 - WARNING - [Stadium: Mimmo Pavone e Alessandro Mariani] owner_raw \u2192 NOT FOUND
2026-05-09 14:06:17,626 - INFO - [Stadium: Mimmo Pavone e Alessandro Mariani] ownership \u2192 UNKNOWN (Wikipedia)
2026-05-09 14:06:17,632 - INFO - Updated stadium: Mimmo Pavone e Alessandro Mariani
2026-05-09 14:06:22,144 - INFO - ====== WebDriver manager ======
2026-05-09 14:06:23,361 - INFO - Get LATEST chromedriver version for google-chrome
2026-05-09 14:06:23,432 - INFO - Get LATEST chromedriver version for google-chrome
2026-05-09 14:06:23,494 - INFO - Driver [C:\Users\marco\.wdm\drivers\chromedriver\win64\147.0.7727.117\chromedriver-win32/chromedriver.exe] found in cache
2026-05-09 14:06:35,376 - INFO - Accepted consent popup.
2026-05-09 14:06:50,890 - INFO - ====== WebDriver manager ======
2026-05-09 14:06:52,479 - INFO - Get LATEST chromedriver version for google-chrome
2026-05-09 14:06:52,542 - INFO - Get LATEST chromedriver version for google-chrome
2026-05-09 14:06:52,608 - INFO - Driver [C:\Users\marco\.wdm\drivers\chromedriver\win64\147.0.7727.117\chromedriver-win32/chromedriver.exe] found in cache
2026-05-09 14:07:03,400 - INFO - Accepted consent popup.
2026-05-09 14:07:05,534 - INFO - Average attendance extracted: 738
2026-05-09 14:07:12,194 - INFO - [Team: Pineto Calcio] manager \u2192 Ivan Tisci (Wikipedia)
2026-05-09 14:07:12,194 - INFO - [Team: Pineto Calcio] founded \u2192 1962-01-01 (Transfermarkt/Wikipedia)
2026-05-09 14:07:12,194 - INFO - [Team: Pineto Calcio] tier \u2192 3 (Transfermarkt/JSON)
2026-05-09 14:07:12,194 - INFO - Updated team: Pineto Calcio
2026-05-09 14:07:16,270 - INFO - Finished processing Pineto Calcio
2026-05-09 14:07:16,270 - INFO - -----------------------------------------
2026-05-09 14:07:16,270 - INFO - Processing team: AS Gubbio 1910
2026-05-09 14:07:16,998 - INFO - [City population DEBUG] row header='Country' value='Italy'
2026-05-09 14:07:16,999 - INFO - [City population DEBUG] row header='Region' value='Umbria'
2026-05-09 14:07:16,999 - INFO - [City population DEBUG] row header='Province' value='Perugia (PG)'
2026-05-09 14:07:16,999 - INFO - [City population DEBUG] row header='Frazioni' value='see list'
2026-05-09 14:07:16,999 - INFO - [City population DEBUG] row header='• Mayor' value='Filippo Mario Stirati ( SEL )'
2026-05-09 14:07:16,999 - INFO - [City population DEBUG] row header='• Total' value='525.78 km 2 (203.00 sq mi)'
2026-05-09 14:07:17,000 - INFO - [City population DEBUG] row header='Elevation' value='522 m (1,713 ft)'
2026-05-09 14:07:17,000 - INFO - [City population DEBUG] row header='• Total' value='30,297'
2026-05-09 14:07:17,000 - INFO - [City population] Candidate from row '• Total': 30297
2026-05-09 14:07:17,000 - INFO - [City population DEBUG] row header='• Density' value='57.623/km 2 (149.24/sq mi)'
2026-05-09 14:07:17,000 - INFO - [City population DEBUG] row header='Demonym' value='Eugubini'
2026-05-09 14:07:17,000 - INFO - [City population DEBUG] row header='Time zone' value='UTC+1 ( CET )'
2026-05-09 14:07:17,000 - INFO - [City population DEBUG] row header='• Summer ( DST )' value='UTC+2 ( CEST )'
2026-05-09 14:07:17,000 - INFO - [City population DEBUG] row header='Postal code' value='06024, 06020'
2026-05-09 14:07:17,000 - INFO - [City population DEBUG] row header='Dialing code' value='075'
2026-05-09 14:07:17,000 - INFO - [City population DEBUG] row header='Patron saint' value='St. Ubaldus'
2026-05-09 14:07:17,000 - INFO - [City population DEBUG] row header='Saint day' value='16 May'
2026-05-09 14:07:17,001 - INFO - [City population DEBUG] row header='Website' value='Official website'
2026-05-09 14:07:17,001 - INFO - [City population] Found from municipality/comune candidate: 30297
2026-05-09 14:07:17,530 - INFO - [City: Gubbio] population \u2192 30297 (Wikipedia)
2026-05-09 14:07:17,530 - INFO - [City: Gubbio] image \u2192 https://upload.wikimedia.org/wikipedia/commons/thumb/c/c7/Gubbio_panorama.jpg/250px-Gubbio_panorama.jpg (Wikipedia)
2026-05-09 14:07:17,531 - INFO - Updated city: Gubbio
2026-05-09 14:07:18,033 - INFO - ====== WebDriver manager ======
2026-05-09 14:07:19,380 - INFO - Get LATEST chromedriver version for google-chrome
2026-05-09 14:07:19,441 - INFO - Get LATEST chromedriver version for google-chrome
2026-05-09 14:07:19,511 - INFO - Driver [C:\Users\marco\.wdm\drivers\chromedriver\win64\147.0.7727.117\chromedriver-win32/chromedriver.exe] found in cache
2026-05-09 14:07:30,331 - INFO - Accepted consent popup.
2026-05-09 14:07:38,349 - INFO - [Stadium: Pietro Barbetti] capacity \u2192 4939 (Transfermarkt/Wikipedia)
2026-05-09 14:07:38,349 - INFO - [Stadium: Pietro Barbetti] year \u2192 1977 (Transfermarkt/Wikipedia)
2026-05-09 14:07:38,349 - INFO - [Stadium: Pietro Barbetti] latitude \u2192 43.35 (Wikipedia)
2026-05-09 14:07:38,350 - INFO - [Stadium: Pietro Barbetti] longitude \u2192 12.56667 (Wikipedia)
2026-05-09 14:07:38,350 - INFO - [Stadium: Pietro Barbetti] image \u2192 https://upload.wikimedia.org/wikipedia/commons/thumb/5/57/Stadio_Pietro_Barbetti.jpg/250px-Stadio_Pietro_Barbetti.jpg (Wikipedia)
2026-05-09 14:07:38,350 - INFO - [Stadium: Pietro Barbetti] owner_raw \u2192 Comune of Gubbio (Wikipedia)
2026-05-09 14:07:38,350 - INFO - [Stadium: Pietro Barbetti] ownership \u2192 PUBLIC (Wikipedia)
2026-05-09 14:07:38,353 - INFO - Updated stadium: Pietro Barbetti
2026-05-09 14:07:42,927 - INFO - ====== WebDriver manager ======
2026-05-09 14:07:44,244 - INFO - Get LATEST chromedriver version for google-chrome
2026-05-09 14:07:44,315 - INFO - Get LATEST chromedriver version for google-chrome
2026-05-09 14:07:44,385 - INFO - Driver [C:\Users\marco\.wdm\drivers\chromedriver\win64\147.0.7727.117\chromedriver-win32/chromedriver.exe] found in cache
2026-05-09 14:07:56,836 - INFO - Accepted consent popup.
2026-05-09 14:08:12,373 - INFO - ====== WebDriver manager ======
2026-05-09 14:08:14,010 - INFO - Get LATEST chromedriver version for google-chrome
2026-05-09 14:08:14,083 - INFO - Get LATEST chromedriver version for google-chrome
2026-05-09 14:08:14,150 - INFO - Driver [C:\Users\marco\.wdm\drivers\chromedriver\win64\147.0.7727.117\chromedriver-win32/chromedriver.exe] found in cache
2026-05-09 14:08:26,333 - INFO - Accepted consent popup.
2026-05-09 14:08:32,760 - INFO - Average attendance extracted: 1229
2026-05-09 14:08:39,561 - INFO - [Team: AS Gubbio 1910] manager \u2192 Domenico Di Carlo (Wikipedia)
2026-05-09 14:08:39,561 - INFO - [Team: AS Gubbio 1910] founded \u2192 1910-01-01 (Transfermarkt/Wikipedia)
2026-05-09 14:08:39,561 - INFO - [Team: AS Gubbio 1910] tier \u2192 3 (Transfermarkt/JSON)
2026-05-09 14:08:39,562 - INFO - Updated team: AS Gubbio 1910
2026-05-09 14:08:43,619 - INFO - Finished processing AS Gubbio 1910
2026-05-09 14:08:43,619 - INFO - -----------------------------------------
2026-05-09 14:08:43,620 - INFO - Processing team: Campobasso FC
2026-05-09 14:08:43,827 - INFO - [City population DEBUG] row header='Country' value='Italy'
2026-05-09 14:08:43,828 - INFO - [City population DEBUG] row header='Region' value='Molise'
2026-05-09 14:08:43,828 - INFO - [City population DEBUG] row header='Province' value='Campobasso (CB)'
2026-05-09 14:08:43,828 - INFO - [City population DEBUG] row header='Frazioni' value='Santo Stefano'
2026-05-09 14:08:43,828 - INFO - [City population DEBUG] row header='• Mayor' value='Marialuisa Forte ( centre-left )'
2026-05-09 14:08:43,828 - INFO - [City population DEBUG] row header='• Total' value='55 km 2 (21 sq mi)'
2026-05-09 14:08:43,828 - INFO - [City population DEBUG] row header='Elevation' value='701 m (2,300 ft)'
2026-05-09 14:08:43,828 - INFO - [City population DEBUG] row header='• Total' value='47,519'
2026-05-09 14:08:43,828 - INFO - [City population] Candidate from row '• Total': 47519
2026-05-09 14:08:43,828 - INFO - [City population DEBUG] row header='• Density' value='860/km 2 (2,200/sq mi)'
2026-05-09 14:08:43,829 - INFO - [City population DEBUG] row header='Demonym' value='Campobassani'
2026-05-09 14:08:43,829 - INFO - [City population DEBUG] row header='Time zone' value='UTC+1 ( CET )'
2026-05-09 14:08:43,829 - INFO - [City population DEBUG] row header='• Summer ( DST )' value='UTC+2 ( CEST )'
2026-05-09 14:08:43,829 - INFO - [City population DEBUG] row header='Postal code' value='86100'
2026-05-09 14:08:43,829 - INFO - [City population DEBUG] row header='Dialing code' value='0874'
2026-05-09 14:08:43,829 - INFO - [City population DEBUG] row header='Patron saint' value='St. George'
2026-05-09 14:08:43,829 - INFO - [City population DEBUG] row header='Saint day' value='23 April'
2026-05-09 14:08:43,829 - INFO - [City population DEBUG] row header='Website' value='Official website'
2026-05-09 14:08:43,829 - INFO - [City population] Found from municipality/comune candidate: 47519
2026-05-09 14:08:44,235 - INFO - [City: Campobasso] population \u2192 47519 (Wikipedia)
2026-05-09 14:08:44,235 - INFO - [City: Campobasso] image \u2192 https://upload.wikimedia.org/wikipedia/commons/thumb/d/de/Vista_su_Campobasso_dal_Castello_Monforte.jpg/250px-Vista_su_Campobasso_dal_Castello_Monforte.jpg (Wikipedia)
2026-05-09 14:08:44,237 - INFO - Updated city: Campobasso
2026-05-09 14:08:44,644 - INFO - ====== WebDriver manager ======
2026-05-09 14:08:46,012 - INFO - Get LATEST chromedriver version for google-chrome
2026-05-09 14:08:46,078 - INFO - Get LATEST chromedriver version for google-chrome
2026-05-09 14:08:46,142 - INFO - Driver [C:\Users\marco\.wdm\drivers\chromedriver\win64\147.0.7727.117\chromedriver-win32/chromedriver.exe] found in cache
2026-05-09 14:08:55,716 - INFO - Accepted consent popup.
2026-05-09 14:09:00,691 - INFO - [Stadium: Axum Molinari Stadium] capacity \u2192 25000 (Transfermarkt/Wikipedia)
2026-05-09 14:09:00,692 - INFO - [Stadium: Axum Molinari Stadium] year \u2192 1985 (Transfermarkt/Wikipedia)
2026-05-09 14:09:00,692 - INFO - [Stadium: Axum Molinari Stadium] latitude \u2192 41.57 (Wikipedia)
2026-05-09 14:09:00,692 - INFO - [Stadium: Axum Molinari Stadium] longitude \u2192 14.63083 (Wikipedia)
2026-05-09 14:09:00,692 - INFO - [Stadium: Axum Molinari Stadium] image \u2192 https://upload.wikimedia.org/wikipedia/commons/thumb/e/e0/Immagine_aerea_dell%27Avicor_Stadium_Campobasso.jpg/250px-Immagine_aerea_dell%27Avicor_Stadium_Campobasso.jpg (Wikipedia)
2026-05-09 14:09:00,692 - INFO - [Stadium: Axum Molinari Stadium] owner_raw \u2192 City of Campobasso (Wikipedia)
2026-05-09 14:09:00,692 - INFO - [Stadium: Axum Molinari Stadium] ownership \u2192 PUBLIC (Wikipedia)
2026-05-09 14:09:00,694 - INFO - Updated stadium: Axum Molinari Stadium
2026-05-09 14:09:05,265 - INFO - ====== WebDriver manager ======
2026-05-09 14:09:06,584 - INFO - Get LATEST chromedriver version for google-chrome
2026-05-09 14:09:06,649 - INFO - Get LATEST chromedriver version for google-chrome
2026-05-09 14:09:06,716 - INFO - Driver [C:\Users\marco\.wdm\drivers\chromedriver\win64\147.0.7727.117\chromedriver-win32/chromedriver.exe] found in cache
2026-05-09 14:09:18,159 - INFO - Accepted consent popup.
2026-05-09 14:09:33,042 - INFO - ====== WebDriver manager ======
2026-05-09 14:09:34,287 - INFO - Get LATEST chromedriver version for google-chrome
2026-05-09 14:09:34,363 - INFO - Get LATEST chromedriver version for google-chrome
2026-05-09 14:09:34,435 - INFO - Driver [C:\Users\marco\.wdm\drivers\chromedriver\win64\147.0.7727.117\chromedriver-win32/chromedriver.exe] found in cache
2026-05-09 14:09:48,401 - INFO - Accepted consent popup.
2026-05-09 14:09:50,522 - INFO - Average attendance extracted: 3905
2026-05-09 14:09:57,137 - INFO - [Team: Campobasso FC] manager \u2192 Luciano Zauri (Wikipedia)
2026-05-09 14:09:57,137 - INFO - [Team: Campobasso FC] founded \u2192 2016-01-01 (Transfermarkt/Wikipedia)
2026-05-09 14:09:57,137 - INFO - [Team: Campobasso FC] tier \u2192 3 (Transfermarkt/JSON)
2026-05-09 14:09:57,138 - INFO - Updated team: Campobasso FC
2026-05-09 14:10:01,195 - INFO - Finished processing Campobasso FC
2026-05-09 14:10:01,195 - INFO - -----------------------------------------
2026-05-09 14:10:01,196 - INFO - Processing team: SEF Torres 1903
2026-05-09 14:10:01,476 - INFO - [City population DEBUG] row header='Country' value='Italy'
2026-05-09 14:10:01,477 - INFO - [City population DEBUG] row header='Region' value='Sardinia'
2026-05-09 14:10:01,477 - INFO - [City population DEBUG] row header='Metropolitan city' value='Sassari'
2026-05-09 14:10:01,477 - INFO - [City population DEBUG] row header='Frazioni' value='Argentiera Bancali Biancareddu Campanedda Canaglia Caniga La Corte La Landrigga La Pedraia Ottava Palmadula Platamona Saccheddu San Giovanni Tottubella'
2026-05-09 14:10:01,477 - INFO - [City population DEBUG] row header='• Mayor' value='Giuseppe Mascia'
2026-05-09 14:10:01,477 - INFO - [City population DEBUG] row header='• Total' value='547.04 km 2 (211.21 sq mi)'
2026-05-09 14:10:01,477 - INFO - [City population DEBUG] row header='Elevation' value='225 m (738 ft)'
2026-05-09 14:10:01,477 - INFO - [City population DEBUG] row header='• Total' value='120,231'
2026-05-09 14:10:01,477 - INFO - [City population] Candidate from row '• Total': 120231
2026-05-09 14:10:01,478 - INFO - [City population DEBUG] row header='• Density' value='219.78/km 2 (569.24/sq mi)'
2026-05-09 14:10:01,478 - INFO - [City population DEBUG] row header='Demonym' value='Sassaresi or Turritani'
2026-05-09 14:10:01,478 - INFO - [City population DEBUG] row header='Time zone' value='UTC+1 ( CET )'
2026-05-09 14:10:01,478 - INFO - [City population DEBUG] row header='• Summer ( DST )' value='UTC+2 ( CEST )'
2026-05-09 14:10:01,478 - INFO - [City population DEBUG] row header='Postal code' value='07100'
2026-05-09 14:10:01,478 - INFO - [City population DEBUG] row header='Dialing code' value='079'
2026-05-09 14:10:01,479 - INFO - [City population DEBUG] row header='Patron saint' value='Saint Nicholas'
2026-05-09 14:10:01,479 - INFO - [City population DEBUG] row header='Saint day' value='6 December'
2026-05-09 14:10:01,479 - INFO - [City population DEBUG] row header='Website' value='Official website'
2026-05-09 14:10:01,479 - INFO - [City population] Found from municipality/comune candidate: 120231
2026-05-09 14:10:02,138 - INFO - [City: Sassari] population \u2192 120231 (Wikipedia)
2026-05-09 14:10:02,138 - INFO - [City: Sassari] image \u2192 https://upload.wikimedia.org/wikipedia/commons/thumb/8/8c/Sassari_collage_nuovo.png/330px-Sassari_collage_nuovo.png (Wikipedia)
2026-05-09 14:10:02,139 - INFO - Updated city: Sassari
2026-05-09 14:10:02,687 - INFO - ====== WebDriver manager ======
2026-05-09 14:10:04,026 - INFO - Get LATEST chromedriver version for google-chrome
2026-05-09 14:10:04,095 - INFO - Get LATEST chromedriver version for google-chrome
2026-05-09 14:10:04,168 - INFO - Driver [C:\Users\marco\.wdm\drivers\chromedriver\win64\147.0.7727.117\chromedriver-win32/chromedriver.exe] found in cache
2026-05-09 14:10:13,666 - INFO - Accepted consent popup.
2026-05-09 14:10:19,311 - INFO - [Stadium: Vanni Sanna] capacity \u2192 7480 (Transfermarkt/Wikipedia)
2026-05-09 14:10:19,312 - INFO - [Stadium: Vanni Sanna] year \u2192 1922 (Transfermarkt/Wikipedia)
2026-05-09 14:10:19,312 - INFO - [Stadium: Vanni Sanna] latitude \u2192 40.71806 (Wikipedia)
2026-05-09 14:10:19,312 - INFO - [Stadium: Vanni Sanna] longitude \u2192 8.57972 (Wikipedia)
2026-05-09 14:10:19,312 - INFO - [Stadium: Vanni Sanna] image \u2192 https://upload.wikimedia.org/wikipedia/commons/thumb/2/25/Stadio_Vanni_Sanna_02.jpg/250px-Stadio_Vanni_Sanna_02.jpg (Wikipedia)
2026-05-09 14:10:19,312 - WARNING - [Stadium: Vanni Sanna] owner_raw \u2192 NOT FOUND
2026-05-09 14:10:19,312 - INFO - [Stadium: Vanni Sanna] ownership \u2192 UNKNOWN (Wikipedia)
2026-05-09 14:10:19,315 - INFO - Updated stadium: Vanni Sanna
2026-05-09 14:10:23,969 - INFO - ====== WebDriver manager ======
2026-05-09 14:10:25,205 - INFO - Get LATEST chromedriver version for google-chrome
2026-05-09 14:10:25,267 - INFO - Get LATEST chromedriver version for google-chrome
2026-05-09 14:10:25,332 - INFO - Driver [C:\Users\marco\.wdm\drivers\chromedriver\win64\147.0.7727.117\chromedriver-win32/chromedriver.exe] found in cache
2026-05-09 14:10:37,639 - INFO - Accepted consent popup.
2026-05-09 14:10:53,688 - INFO - ====== WebDriver manager ======
2026-05-09 14:10:55,331 - INFO - Get LATEST chromedriver version for google-chrome
2026-05-09 14:10:55,394 - INFO - Get LATEST chromedriver version for google-chrome
2026-05-09 14:10:55,457 - INFO - Driver [C:\Users\marco\.wdm\drivers\chromedriver\win64\147.0.7727.117\chromedriver-win32/chromedriver.exe] found in cache
2026-05-09 14:11:09,628 - INFO - Accepted consent popup.
2026-05-09 14:11:11,764 - INFO - Average attendance extracted: 3578
2026-05-09 14:11:18,642 - INFO - [Team: SEF Torres 1903] manager \u2192 Alfonso Greco (Wikipedia)
2026-05-09 14:11:18,642 - INFO - [Team: SEF Torres 1903] founded \u2192 1903-01-01 (Transfermarkt/Wikipedia)
2026-05-09 14:11:18,643 - INFO - [Team: SEF Torres 1903] tier \u2192 3 (Transfermarkt/JSON)
2026-05-09 14:11:18,643 - INFO - Updated team: SEF Torres 1903
2026-05-09 14:11:22,703 - INFO - Finished processing SEF Torres 1903
2026-05-09 14:11:22,703 - INFO - -----------------------------------------
2026-05-09 14:11:22,704 - INFO - Processing team: AC Carpi
2026-05-09 14:11:23,001 - INFO - [City population DEBUG] row header='Country' value='Italy'
2026-05-09 14:11:23,001 - INFO - [City population DEBUG] row header='Region' value='Emilia-Romagna'
2026-05-09 14:11:23,001 - INFO - [City population DEBUG] row header='Province' value='Modena (MO)'
2026-05-09 14:11:23,001 - INFO - [City population DEBUG] row header='Frazioni' value='Budrione, Cantone di Gargallo, Cibeno Pile, Cortile, Fossoli , Gargallo, Lama di Quartirolo, Migliarina, Osteriola, San Marino, San Martino Secchia, Santa Croce [ 1 ]'
2026-05-09 14:11:23,001 - INFO - [City population DEBUG] row header='• Mayor' value='Riccardo Righi (Centrosinistra)'
2026-05-09 14:11:23,001 - INFO - [City population DEBUG] row header='• Total' value='131.54 km 2 (50.79 sq mi)'
2026-05-09 14:11:23,001 - INFO - [City population DEBUG] row header='Elevation' value='28 m (92 ft)'
2026-05-09 14:11:23,002 - INFO - [City population DEBUG] row header='• Total' value='73,796'
2026-05-09 14:11:23,002 - INFO - [City population] Candidate from row '• Total': 73796
2026-05-09 14:11:23,002 - INFO - [City population DEBUG] row header='• Density' value='561.02/km 2 (1,453.0/sq mi)'
2026-05-09 14:11:23,002 - INFO - [City population DEBUG] row header='Demonym' value='Carpigiani'
2026-05-09 14:11:23,002 - INFO - [City population DEBUG] row header='Time zone' value='UTC+1 ( CET )'
2026-05-09 14:11:23,002 - INFO - [City population DEBUG] row header='• Summer ( DST )' value='UTC+2 ( CEST )'
2026-05-09 14:11:23,002 - INFO - [City population DEBUG] row header='Postal code' value='41012'
2026-05-09 14:11:23,002 - INFO - [City population DEBUG] row header='Dialing code' value='059'
2026-05-09 14:11:23,002 - INFO - [City population DEBUG] row header='Patron saint' value='San Bernardino da Siena'
2026-05-09 14:11:23,002 - INFO - [City population DEBUG] row header='Saint day' value='20 May'
2026-05-09 14:11:23,002 - INFO - [City population DEBUG] row header='Website' value='Official website'
2026-05-09 14:11:23,003 - INFO - [City population] Found from municipality/comune candidate: 73796
2026-05-09 14:11:23,393 - INFO - [City: Carpi, Emilia-Romagna] population \u2192 73796 (Wikipedia)
2026-05-09 14:11:23,393 - INFO - [City: Carpi, Emilia-Romagna] image \u2192 https://upload.wikimedia.org/wikipedia/commons/thumb/4/48/Carpi_-_Modena.jpg/250px-Carpi_-_Modena.jpg (Wikipedia)
2026-05-09 14:11:23,394 - INFO - Updated city: Carpi, Emilia-Romagna
2026-05-09 14:11:23,902 - INFO - ====== WebDriver manager ======
2026-05-09 14:11:25,657 - INFO - Get LATEST chromedriver version for google-chrome
2026-05-09 14:11:25,734 - INFO - Get LATEST chromedriver version for google-chrome
2026-05-09 14:11:25,808 - INFO - Driver [C:\Users\marco\.wdm\drivers\chromedriver\win64\147.0.7727.117\chromedriver-win32/chromedriver.exe] found in cache
2026-05-09 14:11:43,009 - INFO - Accepted consent popup.
2026-05-09 14:11:59,048 - INFO - [Stadium: Sandro Cabassi] capacity \u2192 5510 (Transfermarkt/Wikipedia)
2026-05-09 14:11:59,049 - INFO - [Stadium: Sandro Cabassi] year \u2192 1928 (Transfermarkt/Wikipedia)
2026-05-09 14:11:59,049 - INFO - [Stadium: Sandro Cabassi] latitude \u2192 44.77556 (Wikipedia)
2026-05-09 14:11:59,049 - INFO - [Stadium: Sandro Cabassi] longitude \u2192 10.88167 (Wikipedia)
2026-05-09 14:11:59,049 - INFO - [Stadium: Sandro Cabassi] image \u2192 https://tmssl.akamaized.net//images/foto/stadionnormal/cabassi-stadium-carpi-2019-1715164241-136027.jpg?lm=1715164258 (Wikipedia)
2026-05-09 14:11:59,049 - INFO - [Stadium: Sandro Cabassi] owner_raw \u2192 comunale of Carpi (Wikipedia)
2026-05-09 14:11:59,049 - INFO - [Stadium: Sandro Cabassi] ownership \u2192 UNKNOWN (Wikipedia)
2026-05-09 14:11:59,064 - INFO - Updated stadium: Sandro Cabassi
2026-05-09 14:12:03,782 - INFO - ====== WebDriver manager ======
2026-05-09 14:12:05,491 - INFO - Get LATEST chromedriver version for google-chrome
2026-05-09 14:12:05,558 - INFO - Get LATEST chromedriver version for google-chrome
2026-05-09 14:12:05,636 - INFO - Driver [C:\Users\marco\.wdm\drivers\chromedriver\win64\147.0.7727.117\chromedriver-win32/chromedriver.exe] found in cache
2026-05-09 14:12:18,830 - INFO - Accepted consent popup.
2026-05-09 14:12:34,342 - INFO - ====== WebDriver manager ======
2026-05-09 14:12:35,814 - INFO - Get LATEST chromedriver version for google-chrome
2026-05-09 14:12:35,887 - INFO - Get LATEST chromedriver version for google-chrome
2026-05-09 14:12:35,955 - INFO - Driver [C:\Users\marco\.wdm\drivers\chromedriver\win64\147.0.7727.117\chromedriver-win32/chromedriver.exe] found in cache
2026-05-09 14:12:47,221 - INFO - Accepted consent popup.
2026-05-09 14:12:53,276 - INFO - Average attendance extracted: 1107
2026-05-09 14:13:00,033 - INFO - [Team: AC Carpi] manager \u2192 Stefano Cassani (Wikipedia)
2026-05-09 14:13:00,033 - INFO - [Team: AC Carpi] founded \u2192 1908-01-01 (Transfermarkt/Wikipedia)
2026-05-09 14:13:00,033 - INFO - [Team: AC Carpi] tier \u2192 3 (Transfermarkt/JSON)
2026-05-09 14:13:00,033 - INFO - Updated team: AC Carpi
2026-05-09 14:13:04,102 - INFO - Finished processing AC Carpi
2026-05-09 14:13:04,103 - INFO - -----------------------------------------
2026-05-09 14:13:04,103 - INFO - Processing team: US Pianese
2026-05-09 14:13:04,339 - INFO - [City population DEBUG] row header='Country' value='Italy'
2026-05-09 14:13:04,339 - INFO - [City population DEBUG] row header='Region' value='Tuscany'
2026-05-09 14:13:04,339 - INFO - [City population DEBUG] row header='Province' value='Siena (SI)'
2026-05-09 14:13:04,340 - INFO - [City population DEBUG] row header='Frazioni' value='Saragiolo'
2026-05-09 14:13:04,340 - INFO - [City population DEBUG] row header='• Mayor' value='Luigi Vagaggini'
2026-05-09 14:13:04,340 - INFO - [City population DEBUG] row header='• Total' value='69.7 km 2 (26.9 sq mi)'
2026-05-09 14:13:04,340 - INFO - [City population DEBUG] row header='Elevation' value='772 m (2,533 ft)'
2026-05-09 14:13:04,341 - INFO - [City population DEBUG] row header='• Total' value='4,200'
2026-05-09 14:13:04,341 - INFO - [City population] Candidate from row '• Total': 4200
2026-05-09 14:13:04,341 - INFO - [City population DEBUG] row header='• Density' value='60/km 2 (160/sq mi)'
2026-05-09 14:13:04,341 - INFO - [City population DEBUG] row header='Demonym' value='Pianesi'
2026-05-09 14:13:04,341 - INFO - [City population DEBUG] row header='Time zone' value='UTC+1 ( CET )'
2026-05-09 14:13:04,341 - INFO - [City population DEBUG] row header='• Summer ( DST )' value='UTC+2 ( CEST )'
2026-05-09 14:13:04,341 - INFO - [City population DEBUG] row header='Postal code' value='53025'
2026-05-09 14:13:04,341 - INFO - [City population DEBUG] row header='Dialing code' value='0577'
2026-05-09 14:13:04,341 - INFO - [City population DEBUG] row header='Website' value='Official website'
2026-05-09 14:13:04,341 - INFO - [City population] Found from municipality/comune candidate: 4200
2026-05-09 14:13:04,672 - INFO - [City: Piancastagnaio] population \u2192 4200 (Wikipedia)
2026-05-09 14:13:04,672 - INFO - [City: Piancastagnaio] image \u2192 https://upload.wikimedia.org/wikipedia/commons/thumb/0/03/Piancastagnaio_panorama.jpg/250px-Piancastagnaio_panorama.jpg (Wikipedia)
2026-05-09 14:13:04,676 - INFO - Updated city: Piancastagnaio
2026-05-09 14:13:05,273 - INFO - ====== WebDriver manager ======
2026-05-09 14:13:06,629 - INFO - Get LATEST chromedriver version for google-chrome
2026-05-09 14:13:06,694 - INFO - Get LATEST chromedriver version for google-chrome
2026-05-09 14:13:06,755 - INFO - Driver [C:\Users\marco\.wdm\drivers\chromedriver\win64\147.0.7727.117\chromedriver-win32/chromedriver.exe] found in cache
2026-05-09 14:13:16,484 - INFO - Accepted consent popup.
2026-05-09 14:13:24,378 - INFO - Year not found on Transfermarkt for stadium Comunale di Piancastagnaio
2026-05-09 14:13:27,265 - INFO - [Stadium: Comunale di Piancastagnaio] capacity \u2192 1500 (Transfermarkt/Wikipedia)
2026-05-09 14:13:27,266 - INFO - [Stadium: Comunale di Piancastagnaio] year \u2192 1952 (Transfermarkt/Wikipedia)
2026-05-09 14:13:27,266 - INFO - [Stadium: Comunale di Piancastagnaio] latitude \u2192 42.75889 (Wikipedia)
2026-05-09 14:13:27,266 - INFO - [Stadium: Comunale di Piancastagnaio] longitude \u2192 11.1075 (Wikipedia)
2026-05-09 14:13:27,266 - INFO - [Stadium: Comunale di Piancastagnaio] image \u2192 https://upload.wikimedia.org/wikipedia/commons/thumb/8/82/20100410GrStadioVonCurvaNord.JPG/250px-20100410GrStadioVonCurvaNord.JPG (Wikipedia)
2026-05-09 14:13:27,266 - INFO - [Stadium: Comunale di Piancastagnaio] owner_raw \u2192 Municipality of Grosseto (Wikipedia)
2026-05-09 14:13:27,266 - INFO - [Stadium: Comunale di Piancastagnaio] ownership \u2192 PUBLIC (Wikipedia)
2026-05-09 14:13:27,271 - INFO - Updated stadium: Comunale di Piancastagnaio
2026-05-09 14:13:31,837 - INFO - ====== WebDriver manager ======
2026-05-09 14:13:33,347 - INFO - Get LATEST chromedriver version for google-chrome
2026-05-09 14:13:33,417 - INFO - Get LATEST chromedriver version for google-chrome
2026-05-09 14:13:33,478 - INFO - Driver [C:\Users\marco\.wdm\drivers\chromedriver\win64\147.0.7727.117\chromedriver-win32/chromedriver.exe] found in cache
2026-05-09 14:13:45,951 - INFO - Accepted consent popup.
2026-05-09 14:14:04,031 - INFO - ====== WebDriver manager ======
2026-05-09 14:14:06,184 - INFO - Get LATEST chromedriver version for google-chrome
2026-05-09 14:14:06,275 - INFO - Get LATEST chromedriver version for google-chrome
2026-05-09 14:14:06,342 - INFO - Driver [C:\Users\marco\.wdm\drivers\chromedriver\win64\147.0.7727.117\chromedriver-win32/chromedriver.exe] found in cache
2026-05-09 14:14:19,794 - INFO - Accepted consent popup.
2026-05-09 14:14:26,122 - INFO - Average attendance extracted: 814
2026-05-09 14:14:34,045 - INFO - [Team: US Pianese] manager \u2192 Alessandro Birindelli (Wikipedia)
2026-05-09 14:14:34,047 - INFO - [Team: US Pianese] founded \u2192 2016-01-01 (Transfermarkt/Wikipedia)
2026-05-09 14:14:34,047 - INFO - [Team: US Pianese] tier \u2192 3 (Transfermarkt/JSON)
2026-05-09 14:14:34,047 - INFO - Updated team: US Pianese
2026-05-09 14:14:38,080 - INFO - Finished processing US Pianese
2026-05-09 14:14:38,080 - INFO - -----------------------------------------
2026-05-09 14:14:38,080 - INFO - Processing team: AC Bra
2026-05-09 14:14:38,438 - INFO - [City population DEBUG] row header='Country' value='Italy'
2026-05-09 14:14:38,439 - INFO - [City population DEBUG] row header='Region' value='Piedmont'
2026-05-09 14:14:38,439 - INFO - [City population DEBUG] row header='Province' value='Province of Cuneo (CN)'
2026-05-09 14:14:38,440 - INFO - [City population DEBUG] row header='Frazioni' value='Bandito, Borgo Nuovo, Case Del Bosco, Castelletto, Chiossa, Falchetto, Grione, Matrotti, Monta' Della Radice, Piumati, Pollenzo , Quinto Bianco, Riva, Rivo, Ronchi, Sabecco Superiore, San Maurizio, Sant'Agnese, Scatoleri, Tetti Bona, Tetti Milanesi'
2026-05-09 14:14:38,440 - INFO - [City population DEBUG] row header='• Mayor' value='Giovanni Fogliato'
2026-05-09 14:14:38,440 - INFO - [City population DEBUG] row header='• Total' value='59.53 km 2 (22.98 sq mi)'
2026-05-09 14:14:38,440 - INFO - [City population DEBUG] row header='Elevation' value='285 m (935 ft)'
2026-05-09 14:14:38,441 - INFO - [City population DEBUG] row header='• Total' value='29,466'
2026-05-09 14:14:38,441 - INFO - [City population] Candidate from row '• Total': 29466
2026-05-09 14:14:38,441 - INFO - [City population DEBUG] row header='• Density' value='495.0/km 2 (1,282/sq mi)'
2026-05-09 14:14:38,441 - INFO - [City population DEBUG] row header='Demonym' value='Braidese(i)'
2026-05-09 14:14:38,441 - INFO - [City population DEBUG] row header='Time zone' value='UTC+1 ( CET )'
2026-05-09 14:14:38,441 - INFO - [City population DEBUG] row header='• Summer ( DST )' value='UTC+2 ( CEST )'
2026-05-09 14:14:38,441 - INFO - [City population DEBUG] row header='Postal code' value='12042'
2026-05-09 14:14:38,441 - INFO - [City population DEBUG] row header='Dialing code' value='0172'
2026-05-09 14:14:38,441 - INFO - [City population DEBUG] row header='Patron saint' value='Madonna dei Fiori'
2026-05-09 14:14:38,441 - INFO - [City population DEBUG] row header='Saint day' value='8 September'
2026-05-09 14:14:38,441 - INFO - [City population DEBUG] row header='Website' value='Official website'
2026-05-09 14:14:38,442 - INFO - [City population] Found from municipality/comune candidate: 29466
2026-05-09 14:14:39,660 - INFO - [City: Bra, Piedmont] population \u2192 29466 (Wikipedia)
2026-05-09 14:14:39,660 - INFO - [City: Bra, Piedmont] image \u2192 https://upload.wikimedia.org/wikipedia/commons/thumb/5/51/Bra-panorama.jpg/250px-Bra-panorama.jpg (Wikipedia)
2026-05-09 14:14:39,674 - INFO - Updated city: Bra, Piedmont
2026-05-09 14:14:40,275 - ERROR - Error loading Wikipedia page https://en.wikipedia.org/wiki/Stadio_Attilio_Bravi: 404 Client Error: Not Found for url: https://en.wikipedia.org/wiki/Stadio_Attilio_Bravi
2026-05-09 14:14:40,616 - INFO - ====== WebDriver manager ======
2026-05-09 14:14:42,234 - INFO - Get LATEST chromedriver version for google-chrome
2026-05-09 14:14:42,304 - INFO - Get LATEST chromedriver version for google-chrome
2026-05-09 14:14:42,369 - INFO - Driver [C:\Users\marco\.wdm\drivers\chromedriver\win64\147.0.7727.117\chromedriver-win32/chromedriver.exe] found in cache
2026-05-09 14:14:52,865 - INFO - Accepted consent popup.
2026-05-09 14:15:05,104 - INFO - [Stadium: Giuseppe Sivori] capacity \u2192 1500 (Transfermarkt/Wikipedia)
2026-05-09 14:15:05,105 - INFO - [Stadium: Giuseppe Sivori] year \u2192 1945 (Transfermarkt/Wikipedia)
2026-05-09 14:15:05,105 - WARNING - [Stadium: Giuseppe Sivori] latitude \u2192 NOT FOUND
2026-05-09 14:15:05,105 - WARNING - [Stadium: Giuseppe Sivori] longitude \u2192 NOT FOUND
2026-05-09 14:15:05,105 - WARNING - [Stadium: Giuseppe Sivori] image \u2192 NOT FOUND
2026-05-09 14:15:05,105 - WARNING - [Stadium: Giuseppe Sivori] owner_raw \u2192 NOT FOUND
2026-05-09 14:15:05,105 - WARNING - [Stadium: Giuseppe Sivori] ownership \u2192 NOT FOUND
2026-05-09 14:15:05,110 - INFO - Updated stadium: Giuseppe Sivori
2026-05-09 14:15:09,698 - INFO - ====== WebDriver manager ======
2026-05-09 14:15:11,175 - INFO - Get LATEST chromedriver version for google-chrome
2026-05-09 14:15:11,243 - INFO - Get LATEST chromedriver version for google-chrome
2026-05-09 14:15:11,303 - INFO - Driver [C:\Users\marco\.wdm\drivers\chromedriver\win64\147.0.7727.117\chromedriver-win32/chromedriver.exe] found in cache
2026-05-09 14:15:24,029 - INFO - Accepted consent popup.
2026-05-09 14:15:39,086 - INFO - ====== WebDriver manager ======
2026-05-09 14:15:40,340 - INFO - Get LATEST chromedriver version for google-chrome
2026-05-09 14:15:40,424 - INFO - Get LATEST chromedriver version for google-chrome
2026-05-09 14:15:40,488 - INFO - Driver [C:\Users\marco\.wdm\drivers\chromedriver\win64\147.0.7727.117\chromedriver-win32/chromedriver.exe] found in cache
2026-05-09 14:15:52,363 - INFO - Accepted consent popup.
2026-05-09 14:15:56,589 - INFO - Average attendance extracted: 423
2026-05-09 14:16:03,674 - INFO - [Team: AC Bra] manager \u2192 Rhys Crosland (Wikipedia)
2026-05-09 14:16:03,674 - INFO - [Team: AC Bra] founded \u2192 1913-01-01 (Transfermarkt/Wikipedia)
2026-05-09 14:16:03,674 - INFO - [Team: AC Bra] tier \u2192 3 (Transfermarkt/JSON)
2026-05-09 14:16:03,674 - INFO - Updated team: AC Bra
2026-05-09 14:16:07,728 - INFO - Finished processing AC Bra
2026-05-09 14:16:07,728 - INFO - -----------------------------------------
2026-05-09 14:16:07,729 - INFO - Processing team: Rimini FC
2026-05-09 14:16:08,326 - INFO - [City population DEBUG] row header='Country' value='Italy'
2026-05-09 14:16:08,326 - INFO - [City population DEBUG] row header='Region' value='Emilia-Romagna'
2026-05-09 14:16:08,326 - INFO - [City population DEBUG] row header='Province' value='Rimini'
2026-05-09 14:16:08,326 - INFO - [City population DEBUG] row header='Frazioni' value='Several, including Miramare and San Vito'
2026-05-09 14:16:08,326 - INFO - [City population DEBUG] row header='• Mayor' value='Jamil Sadegholvaad ( PD )'
2026-05-09 14:16:08,326 - INFO - [City population DEBUG] row header='• Total' value='135.79 km 2 (52.43 sq mi)'
2026-05-09 14:16:08,326 - INFO - [City population DEBUG] row header='Elevation' value='6 m (20 ft)'
2026-05-09 14:16:08,327 - INFO - [City population DEBUG] row header='• Total' value='150,630'
2026-05-09 14:16:08,327 - INFO - [City population] Candidate from row '• Total': 150630
2026-05-09 14:16:08,327 - INFO - [City population DEBUG] row header='• Density' value='1,109.3/km 2 (2,873.0/sq mi)'
2026-05-09 14:16:08,327 - INFO - [City population DEBUG] row header='Demonym' value='Riminese(i)'
2026-05-09 14:16:08,327 - INFO - [City population DEBUG] row header='Time zone' value='UTC+1 ( CET )'
2026-05-09 14:16:08,327 - INFO - [City population DEBUG] row header='• Summer ( DST )' value='UTC+2 ( CEST )'
2026-05-09 14:16:08,327 - INFO - [City population DEBUG] row header='Postal code' value='47921, 47922, 47923, 47924'
2026-05-09 14:16:08,327 - INFO - [City population DEBUG] row header='Dialing code' value='0541'
2026-05-09 14:16:08,327 - INFO - [City population DEBUG] row header='Patron saint' value='Gaudentius of Rimini'
2026-05-09 14:16:08,328 - INFO - [City population DEBUG] row header='Saint day' value='14 October'
2026-05-09 14:16:08,328 - INFO - [City population DEBUG] row header='Website' value='Official website'
2026-05-09 14:16:08,328 - INFO - [City population] Found from municipality/comune candidate: 150630
2026-05-09 14:16:09,329 - INFO - [City: Rimini] population \u2192 150630 (Wikipedia)
2026-05-09 14:16:09,329 - INFO - [City: Rimini] image \u2192 https://upload.wikimedia.org/wikipedia/commons/thumb/9/9a/Rimini_Montage.jpg/330px-Rimini_Montage.jpg (Wikipedia)
2026-05-09 14:16:09,331 - INFO - Updated city: Rimini
2026-05-09 14:16:09,827 - INFO - ====== WebDriver manager ======
2026-05-09 14:16:11,080 - INFO - Get LATEST chromedriver version for google-chrome
2026-05-09 14:16:11,148 - INFO - Get LATEST chromedriver version for google-chrome
2026-05-09 14:16:11,215 - INFO - Driver [C:\Users\marco\.wdm\drivers\chromedriver\win64\147.0.7727.117\chromedriver-win32/chromedriver.exe] found in cache
2026-05-09 14:16:22,826 - INFO - Accepted consent popup.
2026-05-09 14:16:30,695 - INFO - [Stadium: Romeo Neri] capacity \u2192 9768 (Transfermarkt/Wikipedia)
2026-05-09 14:16:30,695 - INFO - [Stadium: Romeo Neri] year \u2192 1934 (Transfermarkt/Wikipedia)
2026-05-09 14:16:30,696 - INFO - [Stadium: Romeo Neri] latitude \u2192 44.05306 (Wikipedia)
2026-05-09 14:16:30,696 - INFO - [Stadium: Romeo Neri] longitude \u2192 12.57722 (Wikipedia)
2026-05-09 14:16:30,696 - INFO - [Stadium: Romeo Neri] image \u2192 https://upload.wikimedia.org/wikipedia/commons/thumb/9/92/Stadio_Romeo_Neri_Rimini.jpg/250px-Stadio_Romeo_Neri_Rimini.jpg (Wikipedia)
2026-05-09 14:16:30,696 - INFO - [Stadium: Romeo Neri] owner_raw \u2192 Comune di Rimini (Wikipedia)
2026-05-09 14:16:30,696 - INFO - [Stadium: Romeo Neri] ownership \u2192 PUBLIC (Wikipedia)
2026-05-09 14:16:30,700 - INFO - Updated stadium: Romeo Neri
2026-05-09 14:16:35,339 - INFO - ====== WebDriver manager ======
2026-05-09 14:16:36,842 - INFO - Get LATEST chromedriver version for google-chrome
2026-05-09 14:16:36,907 - INFO - Get LATEST chromedriver version for google-chrome
2026-05-09 14:16:36,972 - INFO - Driver [C:\Users\marco\.wdm\drivers\chromedriver\win64\147.0.7727.117\chromedriver-win32/chromedriver.exe] found in cache
2026-05-09 14:17:02,548 - INFO - Tier not found on Transfermarkt for Rimini FC; using JSON tier: 3
2026-05-09 14:17:04,958 - INFO - ====== WebDriver manager ======
2026-05-09 14:17:06,260 - INFO - Get LATEST chromedriver version for google-chrome
2026-05-09 14:17:06,329 - INFO - Get LATEST chromedriver version for google-chrome
2026-05-09 14:17:06,394 - INFO - Driver [C:\Users\marco\.wdm\drivers\chromedriver\win64\147.0.7727.117\chromedriver-win32/chromedriver.exe] found in cache
2026-05-09 14:17:18,444 - INFO - Accepted consent popup.
2026-05-09 14:17:25,124 - INFO - Average attendance extracted: 2867
2026-05-09 14:17:32,496 - INFO - [Team: Rimini FC] manager \u2192 Filippo D'Alesio (Wikipedia)
2026-05-09 14:17:32,497 - INFO - [Team: Rimini FC] founded \u2192 1912-01-01 (Transfermarkt/Wikipedia)
2026-05-09 14:17:32,497 - INFO - [Team: Rimini FC] tier \u2192 3 (Transfermarkt/JSON)
2026-05-09 14:17:32,497 - INFO - Updated team: Rimini FC
2026-05-09 14:17:36,554 - INFO - Finished processing Rimini FC
