stadium_id,stadium_name,surface,surface_raw,source_url,wikipedia_url,transfermarkt_url,notes
989,18 June Stadium,GRASS,"Natural grass Contact Address: Stadiumi ""18 Qershori"" Klinë 32000 Klinë Kosovo",https://www.transfermarkt.com/kf-dukagjini/stadion/verein/46887,,https://www.transfermarkt.com/kf-dukagjini/stadion/verein/46887,transfermarkt fallback: surface mapped
644,A. Le Coq Arena,GRASS,Natural grass,https://www.transfermarkt.com/fc-flora-tallinn/stadion/verein/1002/saison_id/2025,https://en.wikipedia.org/wiki/A._Le_Coq_Arena,https://www.transfermarkt.com/fc-flora-tallinn/stadion/verein/1002/saison_id/2025,transfermarkt: surface mapped
312,AFAS Stadion,GRASS,Hybrid grass,https://www.transfermarkt.com/az-alkmaar/stadion/verein/1090,https://en.wikipedia.org/wiki/AFAS_Stadion,https://www.transfermarkt.com/az-alkmaar/stadion/verein/1090,transfermarkt: surface mapped
914,AFAS Trainingscomplex,ARTIFICIAL,"Artificial turf Contact Address: Sportpark ""De Kalverhoek"" (AFAS Trainingscompl",https://www.transfermarkt.com/az-alkmaar-ii/stadion/verein/11368,,https://www.transfermarkt.com/az-alkmaar-ii/stadion/verein/11368,transfermarkt fallback: surface mapped
485,AIL Arena,GRASS,Hybrid grass Contact Address: AIL Arena Via Giacomo e Filippo Ciani 100 6900 Lu,https://www.transfermarkt.com/fc-lugano/stadion/verein/2790,https://en.wikipedia.org/wiki/Cornaredo_Stadium,https://www.transfermarkt.com/fc-lugano/stadion/verein/2790,transfermarkt fallback: surface mapped
982,Abovyan City Stadium,GRASS,Grass,https://en.wikipedia.org/wiki/Vahagn_Tumasyan_Stadium,https://en.wikipedia.org/wiki/Vahagn_Tumasyan_Stadium,https://www.transfermarkt.com/fc-noah-erewan/stadion/verein/60368,wikipedia: surface mapped
334,Achter de Kazerne,GRASS,Natural grass Contact Address: Achter de Kazerne Kleine Nieuwedijkstraat 53 280,https://www.transfermarkt.com/kv-mechelen/stadion/verein/354,https://en.wikipedia.org/wiki/Achter_de_Kazerne,https://www.transfermarkt.com/kv-mechelen/stadion/verein/354,transfermarkt fallback: surface mapped
856,Adjarabet Arena,GRASS,Hybrid grass,https://www.transfermarkt.com/dinamo-batumi/stadion/verein/11344,https://en.wikipedia.org/wiki/Adjarabet_Arena,https://www.transfermarkt.com/dinamo-batumi/stadion/verein/11344,transfermarkt: surface mapped
825,Ak Bars Arena,GRASS,Natural grass,https://www.transfermarkt.com/rubin-kazan/stadion/verein/2698,https://en.wikipedia.org/wiki/Ak_Bars_Arena,https://www.transfermarkt.com/rubin-kazan/stadion/verein/2698,transfermarkt: surface mapped
813,Akhmat Arena,GRASS,Natural grass,https://www.transfermarkt.com/akhmat-grozny/stadion/verein/3725,https://en.wikipedia.org/wiki/Akhmat-Arena,https://www.transfermarkt.com/akhmat-grozny/stadion/verein/3725,transfermarkt: surface mapped
93,Alberto De Cristofaro,ARTIFICIAL,Artificial turf,https://www.transfermarkt.com/fc-giugliano-1928/stadion/verein/9818/saison_id/2025,,https://www.transfermarkt.com/fc-giugliano-1928/stadion/verein/9818/saison_id/2025,transfermarkt: surface mapped
109,AlbinoLeffe Stadium,GRASS,Natural grass Contact Address: AlbinoLeffe Stadium Via Comun Nuovo 26-28 24050,https://www.transfermarkt.com/uc-albinoleffe/stadion/verein/4541/saison_id/2025,https://it.wikipedia.org/wiki/AlbinoLeffe_Stadium,https://www.transfermarkt.com/uc-albinoleffe/stadion/verein/4541/saison_id/2025,transfermarkt fallback: surface mapped
439,Alfonso Murube,GRASS,Natural grass,https://www.transfermarkt.com/ad-ceuta/stadion/verein/8568,https://en.wikipedia.org/wiki/Estadio_Alfonso_Murube,https://www.transfermarkt.com/ad-ceuta/stadion/verein/8568,transfermarkt: surface mapped
385,Allianz-Stadion,GRASS,Natural grass,https://www.transfermarkt.com/sk-rapid-wien/stadion/verein/170,https://en.wikipedia.org/wiki/Allianz_Stadion,https://www.transfermarkt.com/sk-rapid-wien/stadion/verein/170,transfermarkt: surface mapped
369,Andrův stadion,GRASS,Natural grass,https://www.transfermarkt.com/sk-sigma-olomouc/stadion/verein/2311,https://en.wikipedia.org/wiki/Andr%C5%AFv_stadion,https://www.transfermarkt.com/sk-sigma-olomouc/stadion/verein/2311,transfermarkt: surface mapped
1058,Ankara Aktepe Stadium,GRASS,Natural grass,https://www.transfermarkt.com/ankara-keciorengucu/stadion/verein/12388/saison_id/2025,https://en.wikipedia.org/wiki/Ankara_Aktepe_Stadium,https://www.transfermarkt.com/ankara-keciorengucu/stadion/verein/12388/saison_id/2025,transfermarkt: surface mapped
238,Anoeta,GRASS,Natural grass,https://www.transfermarkt.com/real-sociedad-de-futbol/stadion/verein/681,https://en.wikipedia.org/wiki/Reale_Arena,https://www.transfermarkt.com/real-sociedad-de-futbol/stadion/verein/681,transfermarkt: surface mapped
817,Anzhi Arena,GRASS,Natural grass,https://www.transfermarkt.com/fk-makhachkala/stadion/verein/75231,https://en.wikipedia.org/wiki/Anzhi_Arena,https://www.transfermarkt.com/fk-makhachkala/stadion/verein/75231,transfermarkt: surface mapped
811,ArcelorMittal Park,,,https://www.transfermarkt.com/wieczysta-krakow/stadion/verein/30974,,https://www.transfermarkt.com/wieczysta-krakow/stadion/verein/30974,transfermarkt: surface not found
219,Arena Zabrze,GRASS,Natural grass,https://www.transfermarkt.com/gornik-zabrze/stadion/verein/428,https://en.wikipedia.org/wiki/Ernest_Pohl_Stadium,https://www.transfermarkt.com/gornik-zabrze/stadion/verein/428,transfermarkt: surface mapped
841,Atlant Stadium,GRASS,Natural grass Contact Address: Atlant Molodezhnajastraße Novopolotsk Belarus Te,https://www.transfermarkt.com/naftan-novopolotsk/stadion/verein/8563,https://en.wikipedia.org/wiki/Atlant_Stadium,https://www.transfermarkt.com/naftan-novopolotsk/stadion/verein/8563,transfermarkt fallback: surface mapped
873,Audi Sportpark,GRASS,Natural grass,https://www.transfermarkt.com/fc-ingolstadt-04/stadion/verein/4795,https://en.wikipedia.org/wiki/Audi_Sportpark,https://www.transfermarkt.com/fc-ingolstadt-04/stadion/verein/4795,transfermarkt: surface mapped
780,Aviva Stadium,GRASS,English Ryegrass,https://en.wikipedia.org/wiki/Aviva_Stadium,https://en.wikipedia.org/wiki/Aviva_Stadium,,wikipedia: surface mapped
885,BRITA-Arena,GRASS,Natural grass,https://www.transfermarkt.com/sv-wehen-wiesbaden/stadion/verein/108,https://en.wikipedia.org/wiki/Brita-Arena,https://www.transfermarkt.com/sv-wehen-wiesbaden/stadion/verein/108,transfermarkt: surface mapped
388,BWT X Oberösterreichische Arena,GRASS,Natural grass,https://www.transfermarkt.com/sv-ried/stadion/verein/266,https://en.wikipedia.org/wiki/Keine_Sorgen_Arena,https://www.transfermarkt.com/sv-ried/stadion/verein/266,transfermarkt: surface mapped
440,Bahrain Victorious Nuevo Arcángel,GRASS,Natural grass,https://www.transfermarkt.com/cordoba-cf/stadion/verein/993,https://en.wikipedia.org/wiki/Estadio_Nuevo_Arc%C3%A1ngel,https://www.transfermarkt.com/cordoba-cf/stadion/verein/993,transfermarkt: surface mapped
987,Bajram Aliu Stadium,GRASS,"Natural grass Contact Address: Stadiumi ""Bajram Aliu"" 41000 Skenderaj Kosovo Pr",https://www.transfermarkt.com/kf-drenica/stadion/verein/19697,https://en.wikipedia.org/wiki/Bajram_Aliu_Stadium,https://www.transfermarkt.com/kf-drenica/stadion/verein/19697,transfermarkt fallback: surface mapped
792,Baku Olympic Stadium,GRASS,GrassMaster,https://en.wikipedia.org/wiki/Baku_Olympic_Stadium,https://en.wikipedia.org/wiki/Baku_Olympic_Stadium,,wikipedia: surface mapped
1024,Ballymena Showgrounds,GRASS,Natural grass,https://www.transfermarkt.com/ballymena-united/stadion/verein/15244/saison_id/2025,https://en.wikipedia.org/wiki/Ballymena_Showgrounds,https://www.transfermarkt.com/ballymena-united/stadion/verein/15244/saison_id/2025,transfermarkt: surface mapped
850,Bank Respublika Arena,GRASS,"Natural grass Contact Address: Bank Respublika Arena Masazyr, Baku Azerbaijan P",https://www.transfermarkt.com/sabah-fk/stadion/verein/63993,https://en.wikipedia.org/wiki/Bank_Respublika_Arena,https://www.transfermarkt.com/sabah-fk/stadion/verein/63993,transfermarkt fallback: surface mapped
305,Başakşehir Fatih Terim,GRASS,Natural grass,https://www.transfermarkt.com/istanbul-basaksehir-fk/stadion/verein/6890,https://en.wikipedia.org/wiki/Ba%C5%9Fak%C5%9Fehir_Fatih_Terim_Stadium,https://www.transfermarkt.com/istanbul-basaksehir-fk/stadion/verein/6890,transfermarkt: surface mapped
924,Benfica Campus,GRASS,Natural grass,https://www.transfermarkt.com/benfica-lissabon-b/stadion/verein/10330,https://en.wikipedia.org/wiki/Benfica_Campus,https://www.transfermarkt.com/benfica-lissabon-b/stadion/verein/10330,transfermarkt: surface mapped
904,Bingoal Stadion,GRASS,Natural grass,https://www.transfermarkt.com/ado-den-haag/stadion/verein/1268,https://en.wikipedia.org/wiki/ADO_Den_Haag_Stadium,https://www.transfermarkt.com/ado-den-haag/stadion/verein/1268,transfermarkt: surface mapped
1001,Bloomfield Stadium,GRASS,Hybrid grass Contact Address: Bloomfield Hatehiya Str. 1 68139 Tel Aviv Israel,https://www.transfermarkt.com/maccabi-tel-aviv/stadion/verein/119,https://en.wikipedia.org/wiki/Bloomfield_Stadium,https://www.transfermarkt.com/maccabi-tel-aviv/stadion/verein/119,transfermarkt fallback: surface mapped
570,Bonifika,GRASS,Natural grass,https://www.transfermarkt.com/fc-koper/stadion/verein/433,https://en.wikipedia.org/wiki/Bonifika_Stadium,https://www.transfermarkt.com/fc-koper/stadion/verein/433,transfermarkt: surface mapped
791,Boris Paichadze Dinamo Arena,GRASS,Natural grass,https://www.transfermarkt.com/dinamo-tbilisi/stadion/verein/663,https://en.wikipedia.org/wiki/Boris_Paichadze_Dinamo_Arena,https://www.transfermarkt.com/dinamo-tbilisi/stadion/verein/663,transfermarkt: surface mapped
830,Borisov Arena,GRASS,Natural grass,https://www.transfermarkt.com/bate-borisov/stadion/verein/713,https://en.wikipedia.org/wiki/Borisov_Arena,https://www.transfermarkt.com/bate-borisov/stadion/verein/713,transfermarkt: surface mapped
1010,Bryntirion Park,ARTIFICIAL,Artificial turf Contact Address: DragonBet Stadium Llangewydd Road CF31 4JU Bry,https://www.transfermarkt.com/penybont-fc/stadion/verein/62026/saison_id/2025,,https://www.transfermarkt.com/penybont-fc/stadion/verein/62026/saison_id/2025,transfermarkt fallback: surface mapped
936,CTFD PortoGaia,GRASS,Natural grass,https://www.transfermarkt.com/fc-porto-b/stadion/verein/10331,https://en.wikipedia.org/wiki/CTFD_PortoGaia,https://www.transfermarkt.com/fc-porto-b/stadion/verein/10331,transfermarkt: surface mapped
1014,Cae-y-Castell,ARTIFICIAL,"Artificial turf Contact Address: Essity Stadium Marsh Lane CH6 5PJ Flint, Flint",https://www.transfermarkt.com/flint-town-united/stadion/verein/31188/saison_id/2025,https://en.wikipedia.org/wiki/Cae-y-Castell,https://www.transfermarkt.com/flint-town-united/stadion/verein/31188/saison_id/2025,transfermarkt fallback: surface mapped
906,Cambuur Stadion,GRASS,Hybrid grass,https://www.transfermarkt.com/sc-cambuur-leeuwarden/stadion/verein/133,https://en.wikipedia.org/wiki/Cambuur_Stadion,https://www.transfermarkt.com/sc-cambuur-leeuwarden/stadion/verein/133,transfermarkt: surface mapped
941,Campo Municipal de Gobela,ARTIFICIAL,Artificial turf,https://www.transfermarkt.com/arenas-club/stadion/verein/16122,https://en.wikipedia.org/wiki/Campo_Municipal_de_Gobela,https://www.transfermarkt.com/arenas-club/stadion/verein/16122,transfermarkt: surface mapped
971,Can Misses,GRASS,Natural grass,https://www.transfermarkt.com/ud-ibiza/stadion/verein/13241,https://en.wikipedia.org/wiki/Estadi_Municipal_de_Can_Misses,https://www.transfermarkt.com/ud-ibiza/stadion/verein/13241,transfermarkt: surface mapped
1016,Cardiff International Sports Campus,ARTIFICIAL,Artificial turf Contact Address: Cyncoed Campus Cyncoed Road CF23 6XD Cardiff W,https://www.transfermarkt.com/cardiff-metropolitan-university-fc/stadion/verein/53152/saison_id/2025,https://en.wikipedia.org/wiki/Cardiff_International_Sports_Campus,https://www.transfermarkt.com/cardiff-metropolitan-university-fc/stadion/verein/53152/saison_id/2025,transfermarkt fallback: surface mapped
875,Carl-Benz-Stadion,,,https://en.wikipedia.org/wiki/Carl-Benz-Stadion,https://en.wikipedia.org/wiki/Carl-Benz-Stadion,https://www.transfermarkt.com/sv-waldhof-mannheim/stadion/verein/85,wikipedia: surface not found
111,Carlo Speroni,GRASS,Natural grass,https://www.transfermarkt.com/aurora-pro-patria/stadion/verein/4146/saison_id/2025,https://it.wikipedia.org/wiki/Stadio_Carlo_Speroni,https://www.transfermarkt.com/aurora-pro-patria/stadion/verein/4146/saison_id/2025,transfermarkt: surface mapped
433,Carlos Belmonte,GRASS,Natural grass,https://www.transfermarkt.com/albacete-balompie/stadion/verein/1532,https://en.wikipedia.org/wiki/Estadio_Carlos_Belmonte,https://www.transfermarkt.com/albacete-balompie/stadion/verein/1532,transfermarkt: surface mapped
333,Cegeka Arena,GRASS,Natural grass,https://www.transfermarkt.com/krc-genk/stadion/verein/1184,https://en.wikipedia.org/wiki/Cegeka_Arena,https://www.transfermarkt.com/krc-genk/stadion/verein/1184,transfermarkt: surface mapped
835,Central Stadium,GRASS,Natural grass,https://www.transfermarkt.com/fk-gomel/stadion/verein/10694,https://en.wikipedia.org/wiki/Central_Stadium_(Gomel),https://www.transfermarkt.com/fk-gomel/stadion/verein/10694,transfermarkt: surface mapped
1036,Central Stadium,,,"https://ru.wikipedia.org/wiki/Центральный_(стадион,_Новороссийск)","https://ru.wikipedia.org/wiki/Центральный_(стадион,_Новороссийск)",https://www.transfermarkt.com/chernomorets-novorossijsk/stadion/verein/5287/saison_id/2025,wikipedia: surface not found
963,Centro Deportivo Alcalá de Henares,GRASS,Natural grass,https://www.transfermarkt.com/atletico-madrid-b/stadion/verein/3679,,https://www.transfermarkt.com/atletico-madrid-b/stadion/verein/3679,transfermarkt: surface mapped
985,Charentsavan City Stadium,ARTIFICIAL,Artificial turf,https://www.transfermarkt.com/fc-van/stadion/verein/74661,https://en.wikipedia.org/wiki/Charentsavan_City_Stadium,https://www.transfermarkt.com/fc-van/stadion/verein/74661,transfermarkt: surface mapped
586,Cherry Red Records Stadium,GRASS,Natural grass Contact Address: Cherry Red Records Stadium Plough Lane SW17 0NR,https://www.transfermarkt.com/afc-wimbledon/stadion/verein/3884,https://en.wikipedia.org/wiki/Plough_Lane,https://www.transfermarkt.com/afc-wimbledon/stadion/verein/3884,transfermarkt fallback: surface mapped
85,Ciro Vigorito,GRASS,Natural grass,https://www.transfermarkt.com/benevento-calcio/stadion/verein/4171/saison_id/2025,https://en.wikipedia.org/wiki/Stadio_Ciro_Vigorito,https://www.transfermarkt.com/benevento-calcio/stadion/verein/4171/saison_id/2025,transfermarkt: surface mapped
106,Città di Meda - Mino Favini,GRASS,Natural grass,https://www.transfermarkt.com/ac-renate/stadion/verein/24898/saison_id/2025,https://en.wikipedia.org/wiki/Stadio_Citt%C3%A0_di_Meda,https://www.transfermarkt.com/ac-renate/stadion/verein/24898/saison_id/2025,transfermarkt: surface mapped
839,City Stadium Dzerzhinsk,,,https://www.transfermarkt.com/arsenal-dzerzhinsk/stadion/verein/72822,,https://www.transfermarkt.com/arsenal-dzerzhinsk/stadion/verein/72822,transfermarkt: surface not found
965,Ciudad Deportiva Luis del Sol,GRASS,Natural grass,https://www.transfermarkt.com/real-betis-sevilla-b/stadion/verein/2865,,https://www.transfermarkt.com/real-betis-sevilla-b/stadion/verein/2865,transfermarkt: surface mapped
1027,Clandeboye Park,ARTIFICIAL,Artificial turf Contact Address: Clandeboye Park Clandeboye Road BT20 3JT Bango,https://www.transfermarkt.com/bangor-fc/stadion/verein/21531/saison_id/2025,https://en.wikipedia.org/wiki/Clandeboye_Park,https://www.transfermarkt.com/bangor-fc/stadion/verein/21531/saison_id/2025,transfermarkt fallback: surface mapped
345,Cluj Arena,GRASS,Natural grass,https://www.transfermarkt.com/fc-universitatea-cluj/stadion/verein/6429,https://en.wikipedia.org/wiki/Cluj_Arena,https://www.transfermarkt.com/fc-universitatea-cluj/stadion/verein/6429,transfermarkt: surface mapped
242,Coliseum,GRASS,Natural grass,https://www.transfermarkt.com/getafe-cf/stadion/verein/3709,https://en.wikipedia.org/wiki/Coliseum_Alfonso_P%C3%A9rez,https://www.transfermarkt.com/getafe-cf/stadion/verein/3709,transfermarkt: surface mapped
181,Complexo Desportivo FC Alverca,GRASS,Natural grass,https://www.transfermarkt.com/fc-alverca/stadion/verein/2521,https://en.wikipedia.org/wiki/Est%C3%A1dio_Municipal_de_Alverca,https://www.transfermarkt.com/fc-alverca/stadion/verein/2521,transfermarkt: surface mapped
112,Comunale Gino Corioni,GRASS,Natural grass,https://www.transfermarkt.com/cpr-ospitaletto/stadion/verein/5542/saison_id/2025,https://it.wikipedia.org/wiki/Stadio_Gino_Corioni,https://www.transfermarkt.com/cpr-ospitaletto/stadion/verein/5542/saison_id/2025,transfermarkt: surface mapped
84,Comunale di Caravaggio,GRASS,Natural grass,https://www.transfermarkt.com/atalanta-bergamo-weitere/stadion/verein/41110/saison_id/2025,,https://www.transfermarkt.com/atalanta-bergamo-weitere/stadion/verein/41110/saison_id/2025,transfermarkt: surface mapped
921,Covebo Stadion - De Koel,GRASS,Natural grass Contact Address: Seacon Stadion - De Koel Kaldenkerkerweg 182 591,https://www.transfermarkt.com/vvv-venlo/stadion/verein/1426,https://en.wikipedia.org/wiki/De_Koel,https://www.transfermarkt.com/vvv-venlo/stadion/verein/1426,transfermarkt fallback: surface mapped
110,Dal Molin,GRASS,Natural grass Contact Address: Dal Molin Via Consolini 17 36071 Arzignano (VI),https://www.transfermarkt.com/arzignano-valchiampo/stadion/verein/46619/saison_id/2025,https://it.wikipedia.org/wiki/Stadio_Tommaso_Dal_Molin,https://www.transfermarkt.com/arzignano-valchiampo/stadion/verein/46619/saison_id/2025,transfermarkt fallback: surface mapped
843,Dalga Arena,ARTIFICIAL,Artificial turf Contact Address: Liv Bona Dea Arena Baku Azerbaijan Pricing inf,https://www.transfermarkt.com/araz-naxcivan-nakchivan/stadion/verein/44360,https://en.wikipedia.org/wiki/Dalga_Arena,https://www.transfermarkt.com/araz-naxcivan-nakchivan/stadion/verein/44360,transfermarkt fallback: surface mapped
722,Daugava Stadium,GRASS,Natural grass,https://www.transfermarkt.com/fk-liepaja/stadion/verein/43162/saison_id/2025,https://en.wikipedia.org/wiki/Daugava_Stadium_(Liep%C4%81ja),https://www.transfermarkt.com/fk-liepaja/stadion/verein/43162/saison_id/2025,transfermarkt: surface mapped
319,De Adelaarshorst,GRASS,Natural grass,https://www.transfermarkt.com/go-ahead-eagles/stadion/verein/1435,https://en.wikipedia.org/wiki/De_Adelaarshorst,https://www.transfermarkt.com/go-ahead-eagles/stadion/verein/1435,transfermarkt: surface mapped
915,De Herdgang,ARTIFICIAL,"Artificial turf Contact Address: TenCate Stadion ""De Herdgang"" Oirschotsedijk 1",https://www.transfermarkt.com/psv-eindhoven-ii/stadion/verein/9715,https://en.wikipedia.org/wiki/De_Herdgang,https://www.transfermarkt.com/psv-eindhoven-ii/stadion/verein/9715,transfermarkt fallback: surface mapped
911,De Oude Meerdijk,ARTIFICIAL,Artificial turf Contact Address: De Oude Meerdijk Stadionplein 1 7825 SG Emmen,https://www.transfermarkt.com/fc-emmen/stadion/verein/1283,https://en.wikipedia.org/wiki/De_Oude_Meerdijk,https://www.transfermarkt.com/fc-emmen/stadion/verein/1283,transfermarkt fallback: surface mapped
405,Deepdale,GRASS,Natural grass,https://www.transfermarkt.com/preston-north-end/stadion/verein/466,https://en.wikipedia.org/wiki/Deepdale,https://www.transfermarkt.com/preston-north-end/stadion/verein/466,transfermarkt: surface mapped
1007,Deeside Stadium,ARTIFICIAL,"Artificial turf Contact Address: Essity Stadium Marsh Lane CH6 5PJ Flint, Flint",https://www.transfermarkt.com/connah-s-quay-nomads/stadion/verein/22499/saison_id/2025,https://en.wikipedia.org/wiki/Deeside_Stadium,https://www.transfermarkt.com/connah-s-quay-nomads/stadion/verein/22499/saison_id/2025,transfermarkt fallback: surface mapped
872,Dietmar-Hopp-Stadion,GRASS,Natural grass Contact Address: Dietmar-Hopp-Stadion Silbergasse 45 74889 Sinshe,https://www.transfermarkt.com/tsg-1899-hoffenheim-ii/stadion/verein/983,https://en.wikipedia.org/wiki/Dietmar-Hopp-Stadion,https://www.transfermarkt.com/tsg-1899-hoffenheim-ii/stadion/verein/983,transfermarkt fallback: surface mapped
511,"Dimotiko Stadio ""Tasos Markou""",GRASS,"Natural grass Contact Address: Dimotiko Stadio ""Tasos Markou"" Antonis Papadopou",https://www.transfermarkt.com/enosis-neon-paralimniou/stadion/verein/840,https://en.wikipedia.org/wiki/Tasos_Markou_Stadium,https://www.transfermarkt.com/enosis-neon-paralimniou/stadion/verein/840,transfermarkt fallback: surface mapped
831,Dinamo Stadium,GRASS,Natural grass,https://www.transfermarkt.com/dinamo-minsk/stadion/verein/1180,https://en.wikipedia.org/wiki/Dinamo_Stadium_(Minsk),https://www.transfermarkt.com/dinamo-minsk/stadion/verein/1180,transfermarkt: surface mapped
996,Doha Stadium,GRASS,Natural grass Contact Address: Doha Stadium 1 Sakhnin Blvd. 20173 Sakhnin Israe,https://www.transfermarkt.com/ihud-bnei-sachnin/stadion/verein/4769,https://en.wikipedia.org/wiki/Doha_Stadium,https://www.transfermarkt.com/ihud-bnei-sachnin/stadion/verein/4769,transfermarkt fallback: surface mapped
95,Domenico Francioni,GRASS,Natural grass,https://www.transfermarkt.com/latina-calcio-1932/stadion/verein/22045/saison_id/2025,https://en.wikipedia.org/wiki/Stadio_Domenico_Francioni,https://www.transfermarkt.com/latina-calcio-1932/stadion/verein/22045/saison_id/2025,transfermarkt: surface mapped
97,Domenico Monterisi,GRASS,Natural grass,https://www.transfermarkt.com/audace-cerignola/stadion/verein/22249/saison_id/2025,,https://www.transfermarkt.com/audace-cerignola/stadion/verein/22249/saison_id/2025,transfermarkt: surface mapped
100,Donato Curcio,ARTIFICIAL,Artificial turf,https://www.transfermarkt.com/az-picerno/stadion/verein/49430/saison_id/2025,,https://www.transfermarkt.com/az-picerno/stadion/verein/49430/saison_id/2025,transfermarkt: surface mapped
883,Donaustadion,GRASS,Natural grass,https://www.transfermarkt.com/ssv-ulm-1846/stadion/verein/69,https://en.wikipedia.org/wiki/Donaustadion,https://www.transfermarkt.com/ssv-ulm-1846/stadion/verein/69,transfermarkt: surface mapped
350,Dr. Constantin Rădulescu,GRASS,Natural grass,https://www.transfermarkt.com/cfr-cluj/stadion/verein/7769,https://en.wikipedia.org/wiki/Cluj_Arena,https://www.transfermarkt.com/cfr-cluj/stadion/verein/7769,transfermarkt: surface mapped
65,Druso,GRASS,Natural grass,https://www.transfermarkt.com/fc-sudtirol/stadion/verein/4554/saison_id/2025,https://en.wikipedia.org/wiki/Stadio_Druso,https://www.transfermarkt.com/fc-sudtirol/stadion/verein/4554/saison_id/2025,transfermarkt: surface mapped
1046,Eduard Streltsov Stadium,GRASS,Natural grass,https://www.transfermarkt.com/torpedo-moscow/stadion/verein/1186/saison_id/2025,https://en.wikipedia.org/wiki/Eduard_Streltsov_Stadium,https://www.transfermarkt.com/torpedo-moscow/stadion/verein/1186/saison_id/2025,transfermarkt: surface mapped
871,Eilenriedestadion,,,https://en.wikipedia.org/wiki/Eilenriedestadion,https://en.wikipedia.org/wiki/Eilenriedestadion,https://www.transfermarkt.com/tsv-havelse/stadion/verein/476,wikipedia: no infobox
445,El Alcoraz,GRASS,Natural grass,https://www.transfermarkt.com/sd-huesca/stadion/verein/5358,https://en.wikipedia.org/wiki/Estadio_El_Alcoraz,https://www.transfermarkt.com/sd-huesca/stadion/verein/5358,transfermarkt: surface mapped
962,El Maulí,GRASS,"Natural grass Contact Address: Nuevo El Maulí Cl. Escultor Diego Márquez, 43 29",https://www.transfermarkt.com/antequera-cf/stadion/verein/16022,,https://www.transfermarkt.com/antequera-cf/stadion/verein/16022,transfermarkt fallback: surface mapped
964,El Palmar,GRASS,Natural grass,https://www.transfermarkt.com/atletico-sanluqueno/stadion/verein/21322,,https://www.transfermarkt.com/atletico-sanluqueno/stadion/verein/21322,transfermarkt: surface mapped
972,El Pozuelo,GRASS,Natural grass,https://www.transfermarkt.com/juventud-torremolinos-cf/stadion/verein/43454,,https://www.transfermarkt.com/juventud-torremolinos-cf/stadion/verein/43454,transfermarkt: surface mapped
956,El Prado,GRASS,Natural grass,https://www.transfermarkt.com/cf-talavera-de-la-reina/stadion/verein/47421,,https://www.transfermarkt.com/cf-talavera-de-la-reina/stadion/verein/47421,transfermarkt: surface mapped
450,El Sardinero,GRASS,Natural grass,https://www.transfermarkt.com/racing-santander/stadion/verein/630,https://en.wikipedia.org/wiki/Campos_de_Sport_de_El_Sardinero,https://www.transfermarkt.com/racing-santander/stadion/verein/630,transfermarkt: surface mapped
466,Energi Viborg Arena,GRASS,Hybrid grass,https://www.transfermarkt.com/viborg-ff/stadion/verein/1063,https://en.wikipedia.org/wiki/Viborg_Stadium,https://www.transfermarkt.com/viborg-ff/stadion/verein/1063,transfermarkt: surface mapped
67,Enrico Sannazzari,ARTIFICIAL,Artificial turf,https://www.transfermarkt.com/virtus-entella/stadion/verein/20519/saison_id/2025,https://en.wikipedia.org/wiki/Stadio_Comunale_(Chiavari),https://www.transfermarkt.com/virtus-entella/stadion/verein/20519/saison_id/2025,transfermarkt: surface mapped
303,Eryaman Stadyumu,GRASS,Hybrid grass,https://www.transfermarkt.com/genclerbirligi-ankara/stadion/verein/820,https://en.wikipedia.org/wiki/Eryaman_Stadium,https://www.transfermarkt.com/genclerbirligi-ankara/stadion/verein/820,transfermarkt: surface mapped
867,Erzgebirgsstadion,GRASS,Natural grass,https://www.transfermarkt.com/fc-erzgebirge-aue/stadion/verein/94,https://en.wikipedia.org/wiki/Eins_Erzgebirgsstadion,https://www.transfermarkt.com/fc-erzgebirge-aue/stadion/verein/94,transfermarkt: surface mapped
942,Espiñedo,GRASS,Natural grass,https://www.transfermarkt.com/cd-arenteiro/stadion/verein/58946,,https://www.transfermarkt.com/cd-arenteiro/stadion/verein/58946,transfermarkt: surface mapped
955,Estadio Alfredo Di Stéfano,GRASS,Natural grass,https://www.transfermarkt.com/real-madrid-b-castilla-/stadion/verein/6767,https://en.wikipedia.org/wiki/Alfredo_Di_St%C3%A9fano_Stadium,https://www.transfermarkt.com/real-madrid-b-castilla-/stadion/verein/6767,transfermarkt: surface mapped
948,Estadio Anxo Carro,GRASS,Natural grass,https://www.transfermarkt.com/cd-lugo/stadion/verein/11000,https://en.wikipedia.org/wiki/Estadio_Anxo_Carro,https://www.transfermarkt.com/cd-lugo/stadion/verein/11000,transfermarkt: surface mapped
966,Estadio Cartagonova,GRASS,Natural grass,https://www.transfermarkt.com/fc-cartagena/stadion/verein/7077,,https://www.transfermarkt.com/fc-cartagena/stadion/verein/7077,transfermarkt: surface mapped
952,Estadio El Toralín,GRASS,Natural grass,https://www.transfermarkt.com/sd-ponferradina/stadion/verein/4032,https://en.wikipedia.org/wiki/Estadio_El_Toral%C3%ADn,https://www.transfermarkt.com/sd-ponferradina/stadion/verein/4032,transfermarkt: surface mapped
974,Estadio Enrique Roca,GRASS,Natural grass,https://www.transfermarkt.com/real-murcia/stadion/verein/171,https://en.wikipedia.org/wiki/Estadio_Nueva_Condomina,https://www.transfermarkt.com/real-murcia/stadion/verein/171,transfermarkt: surface mapped
957,Estadio Heliodoro Rodríguez López,GRASS,Natural grass,https://www.transfermarkt.com/cd-teneriffa/stadion/verein/648,https://en.wikipedia.org/wiki/Estadio_Heliodoro_Rodr%C3%ADguez_L%C3%B3pez,https://www.transfermarkt.com/cd-teneriffa/stadion/verein/648,transfermarkt: surface mapped
976,Estadio Jesús Navas,GRASS,Natural grass,https://www.transfermarkt.com/fc-sevilla-b-atletico-/stadion/verein/8519,https://en.wikipedia.org/wiki/Ciudad_Deportiva_Jos%C3%A9_Ram%C3%B3n_Cisneros_Palacios,https://www.transfermarkt.com/fc-sevilla-b-atletico-/stadion/verein/8519,transfermarkt: surface mapped
970,Estadio José Rico Pérez,GRASS,Natural grass,https://www.transfermarkt.com/hercules-alicante/stadion/verein/7971,https://en.wikipedia.org/wiki/Jos%C3%A9_Rico_P%C3%A9rez,https://www.transfermarkt.com/hercules-alicante/stadion/verein/7971,transfermarkt: surface mapped
973,Estadio Municipal de Marbella,,,https://www.transfermarkt.com/marbella-fc/stadion/verein/12361,,https://www.transfermarkt.com/marbella-fc/stadion/verein/12361,transfermarkt: surface not found
951,Estadio O Couto,GRASS,Natural grass,https://www.transfermarkt.com/fc-ourense/stadion/verein/55398,,https://www.transfermarkt.com/fc-ourense/stadion/verein/55398,transfermarkt: surface mapped
947,Estadio Pedro Escartín,GRASS,Natural grass,https://www.transfermarkt.com/cd-guadalajara/stadion/verein/16576,https://en.wikipedia.org/wiki/Pedro_Escart%C3%ADn,https://www.transfermarkt.com/cd-guadalajara/stadion/verein/16576,transfermarkt: surface mapped
967,Estadio Pepico Amat,GRASS,Natural grass,https://www.transfermarkt.com/cd-eldense/stadion/verein/12567,https://en.wikipedia.org/wiki/Nuevo_Pepico_Amat,https://www.transfermarkt.com/cd-eldense/stadion/verein/12567,transfermarkt: surface mapped
946,Estadio Príncipe Felipe,GRASS,Natural grass,https://www.transfermarkt.com/cp-cacereno/stadion/verein/11602,https://en.wikipedia.org/wiki/Estadio_Pr%C3%ADncipe_Felipe,https://www.transfermarkt.com/cp-cacereno/stadion/verein/11602,transfermarkt: surface mapped
958,Estadio Reina Sofía,GRASS,Natural grass,https://www.transfermarkt.com/unionistas-cf/stadion/verein/52397,,https://www.transfermarkt.com/unionistas-cf/stadion/verein/52397,transfermarkt: surface mapped
949,Estadio Romano,GRASS,Natural grass,https://www.transfermarkt.com/merida-ad/stadion/verein/46854,https://en.wikipedia.org/wiki/Estadio_Romano,https://www.transfermarkt.com/merida-ad/stadion/verein/46854,transfermarkt: surface mapped
943,Estadio Román Suárez Puerta,GRASS,Natural grass,https://www.transfermarkt.com/real-aviles-cf/stadion/verein/20844,https://en.wikipedia.org/wiki/Estadio_Rom%C3%A1n_Su%C3%A1rez_Puerta,https://www.transfermarkt.com/real-aviles-cf/stadion/verein/20844,transfermarkt: surface mapped
959,Estadio Ruta de la Plata,GRASS,Natural grass,https://www.transfermarkt.com/fc-zamora/stadion/verein/10907,https://en.wikipedia.org/wiki/Estadio_Ruta_de_la_Plata,https://www.transfermarkt.com/fc-zamora/stadion/verein/10907,transfermarkt: surface mapped
960,Estadio Santo Domingo,GRASS,Natural grass,https://www.transfermarkt.com/ad-alcorcon/stadion/verein/11596,https://en.wikipedia.org/wiki/Estadio_Municipal_de_Santo_Domingo,https://www.transfermarkt.com/ad-alcorcon/stadion/verein/11596,transfermarkt: surface mapped
954,Estadio da Malata,GRASS,Natural grass,https://www.transfermarkt.com/racing-ferrol/stadion/verein/1176,https://en.wikipedia.org/wiki/Estadio_Municipal_de_A_Malata,https://www.transfermarkt.com/racing-ferrol/stadion/verein/1176,transfermarkt: surface mapped
446,Estadio de Gran Canaria,GRASS,Natural grass,https://www.transfermarkt.com/ud-las-palmas/stadion/verein/472,https://en.wikipedia.org/wiki/Gran_Canaria_Stadium,https://www.transfermarkt.com/ud-las-palmas/stadion/verein/472,transfermarkt: surface mapped
953,Estadio de Pasarón,GRASS,Natural grass,https://www.transfermarkt.com/pontevedra-cf/stadion/verein/5650,https://en.wikipedia.org/wiki/Estadio_Municipal_de_Pasar%C3%B3n,https://www.transfermarkt.com/pontevedra-cf/stadion/verein/5650,transfermarkt: surface mapped
937,Estádio Aurélio Pereira,GRASS,Natural grass,https://www.transfermarkt.com/sporting-lissabon-b/stadion/verein/10949,,https://www.transfermarkt.com/sporting-lissabon-b/stadion/verein/10949,transfermarkt: surface mapped
933,Estádio Capital do Móvel,GRASS,Natural grass,https://www.transfermarkt.com/fc-pacos-de-ferreira/stadion/verein/2995,https://en.wikipedia.org/wiki/Est%C3%A1dio_Capital_do_M%C3%B3vel,https://www.transfermarkt.com/fc-pacos-de-ferreira/stadion/verein/2995,transfermarkt: surface mapped
932,Estádio Carlos Osório,GRASS,Natural grass,https://www.transfermarkt.com/ud-oliveirense/stadion/verein/8827,https://en.wikipedia.org/wiki/Est%C3%A1dio_Carlos_Os%C3%B3rio,https://www.transfermarkt.com/ud-oliveirense/stadion/verein/8827,transfermarkt: surface mapped
928,Estádio Dr. Machado de Matos,GRASS,Natural grass,https://www.transfermarkt.com/fc-felgueiras-1932/stadion/verein/1701,,https://www.transfermarkt.com/fc-felgueiras-1932/stadion/verein/1701,transfermarkt: surface mapped
939,Estádio Dr. Magalhães Pessoa,GRASS,Natural grass,https://www.transfermarkt.com/uniao-leiria/stadion/verein/2639,https://en.wikipedia.org/wiki/Est%C3%A1dio_Dr._Magalh%C3%A3es_Pessoa,https://www.transfermarkt.com/uniao-leiria/stadion/verein/2639,transfermarkt: surface mapped
938,Estádio Manuel Marques,GRASS,Natural grass,https://www.transfermarkt.com/sc-uniao-torreense/stadion/verein/2432,https://en.wikipedia.org/wiki/Est%C3%A1dio_Manuel_Marques,https://www.transfermarkt.com/sc-uniao-torreense/stadion/verein/2432,transfermarkt: surface mapped
927,Estádio Marcolino de Castro,GRASS,Natural grass,https://www.transfermarkt.com/cd-feirense/stadion/verein/3349,https://en.wikipedia.org/wiki/Est%C3%A1dio_Marcolino_de_Castro,https://www.transfermarkt.com/cd-feirense/stadion/verein/3349,transfermarkt: surface mapped
934,Estádio Municipal 25 de Abril,GRASS,Natural grass,https://www.transfermarkt.com/fc-penafiel/stadion/verein/3327,https://en.wikipedia.org/wiki/Est%C3%A1dio_Municipal_25_de_Abril,https://www.transfermarkt.com/fc-penafiel/stadion/verein/3327,transfermarkt: surface mapped
925,Estádio Municipal de Chaves,GRASS,Natural grass,https://www.transfermarkt.com/gd-chaves/stadion/verein/3325,https://en.wikipedia.org/wiki/Est%C3%A1dio_Municipal_Eng._Manuel_Branco_Teixeira,https://www.transfermarkt.com/gd-chaves/stadion/verein/3325,transfermarkt: surface mapped
935,Estádio Municipal de Portimão,GRASS,Natural grass,https://www.transfermarkt.com/portimonense-sc/stadion/verein/7378,https://en.wikipedia.org/wiki/Est%C3%A1dio_Municipal_de_Portim%C3%A3o,https://www.transfermarkt.com/portimonense-sc/stadion/verein/7378,transfermarkt: surface mapped
926,Estádio de São Luís,GRASS,Natural grass,https://www.transfermarkt.com/sc-farense/stadion/verein/4294,https://en.wikipedia.org/wiki/Est%C3%A1dio_de_S%C3%A3o_Lu%C3%ADs,https://www.transfermarkt.com/sc-farense/stadion/verein/4294,transfermarkt: surface mapped
940,Estádio do FC Vizela,GRASS,Natural grass,https://www.transfermarkt.com/fc-vizela/stadion/verein/6912,,https://www.transfermarkt.com/fc-vizela/stadion/verein/6912,transfermarkt: surface mapped
923,Estádio do Fontelo,GRASS,Natural grass,https://www.transfermarkt.com/academico-viseu-fc/stadion/verein/7788,https://en.wikipedia.org/wiki/Est%C3%A1dio_do_Fontelo,https://www.transfermarkt.com/academico-viseu-fc/stadion/verein/7788,transfermarkt: surface mapped
930,Estádio do Lusitânia de Lourosa,GRASS,Natural grass,https://www.transfermarkt.com/lusitania-fc-lourosa/stadion/verein/8189,,https://www.transfermarkt.com/lusitania-fc-lourosa/stadion/verein/8189,transfermarkt: surface mapped
929,Estádio do Mar,GRASS,Natural grass,https://www.transfermarkt.com/leixoes-sc/stadion/verein/3345,https://en.wikipedia.org/wiki/Est%C3%A1dio_do_Mar,https://www.transfermarkt.com/leixoes-sc/stadion/verein/3345,transfermarkt: surface mapped
931,Estádio do Marítimo,GRASS,Natural grass,https://www.transfermarkt.com/cs-maritimo/stadion/verein/1301,https://en.wikipedia.org/wiki/Est%C3%A1dio_do_Mar%C3%ADtimo,https://www.transfermarkt.com/cs-maritimo/stadion/verein/1301,transfermarkt: surface mapped
83,Ettore Mannucci,ARTIFICIAL,Artificial turf,https://www.transfermarkt.com/us-citta-di-pontedera/stadion/verein/14888/saison_id/2025,https://en.wikipedia.org/wiki/Stadio_Ettore_Mannucci,https://www.transfermarkt.com/us-citta-di-pontedera/stadion/verein/14888/saison_id/2025,transfermarkt: surface mapped
314,Euroborg,GRASS,Natural grass,https://www.transfermarkt.com/fc-groningen/stadion/verein/202,https://en.wikipedia.org/wiki/Euroborg,https://www.transfermarkt.com/fc-groningen/stadion/verein/202,transfermarkt: surface mapped
392,Ewood Park,GRASS,Natural grass,https://www.transfermarkt.com/blackburn-rovers/stadion/verein/164,https://en.wikipedia.org/wiki/Ewood_Park,https://www.transfermarkt.com/blackburn-rovers/stadion/verein/164,transfermarkt: surface mapped
837,FC Minsk Stadium,GRASS,Artificial grass,https://en.wikipedia.org/wiki/FC_Minsk_Stadium,https://en.wikipedia.org/wiki/FC_Minsk_Stadium,https://www.transfermarkt.com/isloch-minskiy-rayon/stadion/verein/36755,wikipedia: surface mapped
993,Fadil Vokrri Stadium,GRASS,Natural grass,https://www.transfermarkt.com/fc-prishtina/stadion/verein/1918,https://en.wikipedia.org/wiki/Fadil_Vokrri_Stadium,https://www.transfermarkt.com/fc-prishtina/stadion/verein/1918,transfermarkt: surface mapped
860,Fazisi Stadium,GRASS,Natural grass Contact Address: Fazisi Stadium Shevchenko street Poti Georgia Pr,https://www.transfermarkt.com/fc-kolkheti-1913-poti/stadion/verein/28971,https://en.wikipedia.org/wiki/Fazisi_Stadium,https://www.transfermarkt.com/fc-kolkheti-1913-poti/stadion/verein/28971,transfermarkt fallback: surface mapped
261,Finnvedsvallen,GRASS,Natural grass Contact Address: Finnvedsvallen Värnamo Sweden Pricing informatio,https://www.transfermarkt.com/ifk-varnamo/stadion/verein/3622,https://en.wikipedia.org/wiki/Finnvedsvallen,https://www.transfermarkt.com/ifk-varnamo/stadion/verein/3622,transfermarkt fallback: surface mapped
291,Fir Park,GRASS,Natural grass,https://www.transfermarkt.com/motherwell-fc/stadion/verein/987,https://en.wikipedia.org/wiki/Fir_Park,https://www.transfermarkt.com/motherwell-fc/stadion/verein/987,transfermarkt: surface mapped
826,Fisht Olympic Stadium,GRASS,Natural grass,https://www.transfermarkt.com/fk-sochi/stadion/verein/41231,https://en.wikipedia.org/wiki/Fisht_Olympic_Stadium,https://www.transfermarkt.com/fk-sochi/stadion/verein/41231,transfermarkt: surface mapped
365,Fortuna Arena,GRASS,Natural grass,https://www.transfermarkt.com/sk-slavia-prague/stadion/verein/62,https://en.wikipedia.org/wiki/Fortuna_Arena,https://www.transfermarkt.com/sk-slavia-prague/stadion/verein/62,transfermarkt: surface mapped
318,Fortuna Sittard Stadion,GRASS,Hybrid grass Contact Address: Fortuna Sittard Stadion Milaanstraat 120 6135 LH,https://www.transfermarkt.com/fortuna-sittard/stadion/verein/385,https://en.wikipedia.org/wiki/Fortuna_Sittard_Stadion,https://www.transfermarkt.com/fortuna-sittard/stadion/verein/385,transfermarkt fallback: surface mapped
919,Frans Heesen Stadion,ARTIFICIAL,Artificial turf Contact Address: Frans Heesen Stadion Mondriaanlaan 4 5342 CN O,https://www.transfermarkt.com/top-oss/stadion/verein/1228,https://en.wikipedia.org/wiki/Frans_Heesen_Stadion,https://www.transfermarkt.com/top-oss/stadion/verein/1228,transfermarkt fallback: surface mapped
269,Fredrikstad Stadion,,,https://en.wikipedia.org/wiki/Fredrikstad_Stadion,https://en.wikipedia.org/wiki/Fredrikstad_Stadion,https://www.transfermarkt.com/fredrikstad-fk/stadion/verein/3837,wikipedia: surface not found
912,GS Staalwerken Stadion,GRASS,Hybrid grass,https://www.transfermarkt.com/helmond-sport/stadion/verein/500,https://en.wikipedia.org/wiki/GS_Staalwerken_Stadion,https://www.transfermarkt.com/helmond-sport/stadion/verein/500,transfermarkt: surface mapped
844,Gabala City Stadium,GRASS,Natural grass Contact Address: Qabala City Stadium Qabala Azerbaijan Pricing in,https://www.transfermarkt.com/fk-qabala/stadion/verein/22010,https://en.wikipedia.org/wiki/Gabala_City_Stadium,https://www.transfermarkt.com/fk-qabala/stadion/verein/22010,transfermarkt fallback: surface mapped
256,Gamla Ullevi,GRASS,Natural grass,https://www.transfermarkt.com/ifk-goteborg/stadion/verein/801,https://en.wikipedia.org/wiki/Gamla_Ullevi,https://www.transfermarkt.com/ifk-goteborg/stadion/verein/801,transfermarkt: surface mapped
981,Gandzasar Stadium,ARTIFICIAL,Artificial turf Contact Address: Junior Sport Stadium Yerevan Armenia Pricing i,https://www.transfermarkt.com/gandzasar-kapan/stadion/verein/23911,https://en.wikipedia.org/wiki/Kapan_Stadium,https://www.transfermarkt.com/gandzasar-kapan/stadion/verein/23911,transfermarkt fallback: surface mapped
846,Ganja City Stadium,ARTIFICIAL,Artificial turf Contact Address: Yevlakh City Stadium Yevlakh Azerbaijan Pricin,https://www.transfermarkt.com/kapaz-pfk/stadion/verein/7090,https://en.wikipedia.org/wiki/Ganja_City_Stadium,https://www.transfermarkt.com/kapaz-pfk/stadion/verein/7090,transfermarkt fallback: surface mapped
660,Gargždai Stadium,ARTIFICIAL,Artificial turf Contact Address: Gargždų miesto stadionas Kvietinių 26 Gargždai,https://www.transfermarkt.com/fk-banga-gargzdai/stadion/verein/23559/saison_id/2025,https://en.wikipedia.org/wiki/Garg%C5%BEdai_Stadium,https://www.transfermarkt.com/fk-banga-gargzdai/stadion/verein/23559/saison_id/2025,transfermarkt fallback: surface mapped
107,Gavagnin-Nocini,GRASS,Natural grass,https://www.transfermarkt.com/virtusvecomp-verona/stadion/verein/29251/saison_id/2025,https://en.wikipedia.org/wiki/Stadio_Gavagnin_Nocini,https://www.transfermarkt.com/virtusvecomp-verona/stadion/verein/29251/saison_id/2025,transfermarkt: surface mapped
822,Gazovik,ARTIFICIAL,Artificial turf,https://www.transfermarkt.com/fk-orenburg/stadion/verein/14589,https://en.wikipedia.org/wiki/Gazovik_Stadium_(Orenburg),https://www.transfermarkt.com/fk-orenburg/stadion/verein/14589,transfermarkt: surface mapped
828,Gazprom Arena,GRASS,Natural grass,https://www.transfermarkt.com/zenit-st-petersburg/stadion/verein/964,https://en.wikipedia.org/wiki/Krestovsky_Stadium,https://www.transfermarkt.com/zenit-st-petersburg/stadion/verein/964,transfermarkt: surface mapped
920,GelreDome,GRASS,Natural grass,https://www.transfermarkt.com/vitesse-arnheim/stadion/verein/499,https://en.wikipedia.org/wiki/GelreDome,https://www.transfermarkt.com/vitesse-arnheim/stadion/verein/499,transfermarkt: surface mapped
480,Gipedo Neapolis,GRASS,Natural grass,https://www.transfermarkt.com/ae-kifisias/stadion/verein/30120,https://en.wikipedia.org/wiki/A.E._Kifisia_F.C.,https://www.transfermarkt.com/ae-kifisias/stadion/verein/30120,transfermarkt: surface mapped
475,Gipedo Panetolikou,GRASS,Natural grass,https://www.transfermarkt.com/panetolikos-gfs/stadion/verein/6418,https://en.wikipedia.org/wiki/Panetolikos_Stadium,https://www.transfermarkt.com/panetolikos-gfs/stadion/verein/6418,transfermarkt: surface mapped
125,Giuseppe Sivori,GRASS,Natural grass,https://www.transfermarkt.com/ac-bra/stadion/verein/38322/saison_id/2025,https://en.wikipedia.org/wiki/Stadio_Attilio_Bravi,https://www.transfermarkt.com/ac-bra/stadion/verein/38322/saison_id/2025,transfermarkt: surface mapped
113,Giuseppe Voltini,,,https://it.wikipedia.org/wiki/Stadio_Giuseppe_Voltini,https://it.wikipedia.org/wiki/Stadio_Giuseppe_Voltini,https://www.transfermarkt.com/us-pergolettese-1932/stadion/verein/4553/saison_id/2025,wikipedia: surface not found
862,Givi Chokheli Stadium,GRASS,Natural grass Contact Address: Caucasus Rugby Arena 53 Kavkasioni Street Telavi,https://www.transfermarkt.com/fc-telavi/stadion/verein/41310,https://en.wikipedia.org/wiki/Municipal_Stadium_(Telavi),https://www.transfermarkt.com/fc-telavi/stadion/verein/41310,transfermarkt fallback: surface mapped
988,Gjilan City Stadium,ARTIFICIAL,Artificial turf Contact Address: Stadiumi me bari sintetik (Gjilan) Gjilan Koso,https://www.transfermarkt.com/sc-gjilani/stadion/verein/29053,https://en.wikipedia.org/wiki/Gjilan_City_Stadium,https://www.transfermarkt.com/sc-gjilani/stadion/verein/29053,transfermarkt fallback: surface mapped
322,Goffertstadion,GRASS,Natural grass,https://www.transfermarkt.com/nec-nijmegen/stadion/verein/467,https://en.wikipedia.org/wiki/Goffertstadion,https://www.transfermarkt.com/nec-nijmegen/stadion/verein/467,transfermarkt: surface mapped
501,Gradski Stadion u Borovu naselju,GRASS,Natural grass Contact Address: Gradski Stadion u Borovu naselju Rudolfa Perešin,https://www.transfermarkt.com/hnk-vukovar-1991/stadion/verein/456,https://en.wikipedia.org/wiki/Stadion_HNK_Cibalia,https://www.transfermarkt.com/hnk-vukovar-1991/stadion/verein/456,transfermarkt fallback: surface mapped
641,Gradski stadion (Prijedor),GRASS,Natural grass,https://www.transfermarkt.com/fk-rudar-prijedor/stadion/verein/24197/saison_id/2025,https://en.wikipedia.org/wiki/Gradski_stadion_(Prijedor),https://www.transfermarkt.com/fk-rudar-prijedor/stadion/verein/24197/saison_id/2025,transfermarkt: surface mapped
538,Gradski stadion Surdulica,ARTIFICIAL,Artificial turf Contact Address: Gradski stadion Surdulica Vase Smajevića bb 17,https://www.transfermarkt.com/fk-radnik-surdulica/stadion/verein/33328,https://en.wikipedia.org/wiki/Surdulica_City_Stadium,https://www.transfermarkt.com/fk-radnik-surdulica/stadion/verein/33328,transfermarkt fallback: surface mapped
1003,Green Stadium,GRASS,Natural grass Contact Address: Barel Stadium haHatsav St. 20 Nazareth Illit Isr,https://www.transfermarkt.com/maccabi-bnei-reineh/stadion/verein/70178,"https://en.wikipedia.org/wiki/Green_Stadium,_Nof_HaGalil",https://www.transfermarkt.com/maccabi-bnei-reineh/stadion/verein/70178,transfermarkt fallback: surface mapped
726,Grobiņas Stadion,,,https://en.wikipedia.org/wiki/FK_Grobi%C5%86a,https://en.wikipedia.org/wiki/FK_Grobi%C5%86a,https://www.transfermarkt.com/grobinas-sc/stadion/verein/40880/saison_id/2025,wikipedia: surface not found
810,Grzegorz Lato Stadium,GRASS,Natural grass,https://www.transfermarkt.com/stal-mielec/stadion/verein/22431,https://en.wikipedia.org/wiki/Stadion_Stali_Mielec,https://www.transfermarkt.com/stal-mielec/stadion/verein/22431,transfermarkt: surface mapped
876,Grünwalder Stadion,GRASS,Natural grass Contact Address: Städtisches Stadion an der Grünwalder Straße Grü,https://www.transfermarkt.com/tsv-1860-munchen/stadion/verein/72,https://en.wikipedia.org/wiki/Gr%C3%BCnwalder_Stadion,https://www.transfermarkt.com/tsv-1860-munchen/stadion/verein/72,transfermarkt fallback: surface mapped
983,Gyumri City Stadium,GRASS,Natural grass,https://www.transfermarkt.com/fc-shirak-gyumri/stadion/verein/4807,https://en.wikipedia.org/wiki/Gyumri_City_Stadium,https://www.transfermarkt.com/fc-shirak-gyumri/stadion/verein/4807,transfermarkt: surface mapped
800,Górnik Łęczna Stadium,GRASS,Natural grass,https://www.transfermarkt.com/gornik-leczna/stadion/verein/3291,,https://www.transfermarkt.com/gornik-leczna/stadion/verein/3291,transfermarkt: surface mapped
741,HS Orku völlurinn,GRASS,Natural grass Contact Address: HS Orku völlurinn Hringbraut 108 Reykjanesbaer I,https://www.transfermarkt.com/keflavik-if/stadion/verein/8037/saison_id/2025,https://en.wikipedia.org/wiki/Keflav%C3%ADkurv%C3%B6llur,https://www.transfermarkt.com/keflavik-if/stadion/verein/8037/saison_id/2025,transfermarkt fallback: surface mapped
1000,HaMoshava Stadium,GRASS,Natural grass,https://www.transfermarkt.com/hapoel-petah-tikva/stadion/verein/262,https://en.wikipedia.org/wiki/HaMoshava_Stadium,https://www.transfermarkt.com/hapoel-petah-tikva/stadion/verein/262,transfermarkt: surface mapped
779,Hampden Park,GRASS,Natural grass surface,https://en.wikipedia.org/wiki/Hampden_Park,https://en.wikipedia.org/wiki/Hampden_Park,,wikipedia: surface mapped
335,Het Kuipje,GRASS,Natural grass,https://www.transfermarkt.com/kvc-westerlo/stadion/verein/968,https://en.wikipedia.org/wiki/Het_Kuipje,https://www.transfermarkt.com/kvc-westerlo/stadion/verein/968,transfermarkt: surface mapped
865,Heydar Aliyev Stadium,GRASS,Grass,https://en.wikipedia.org/wiki/Heydar_Aliyev_Stadium,https://en.wikipedia.org/wiki/Heydar_Aliyev_Stadium,https://www.transfermarkt.com/imishli/stadion/verein/103512,wikipedia: surface mapped
628,Hietalahti Stadium,ARTIFICIAL,Artificial turf,https://www.transfermarkt.com/vaasan-palloseura/stadion/verein/1102/saison_id/2025,https://en.wikipedia.org/wiki/Hietalahti_Stadium,https://www.transfermarkt.com/vaasan-palloseura/stadion/verein/1102/saison_id/2025,transfermarkt: surface mapped
208,Hill Dickinson Stadium,GRASS,Hybrid grass Contact Address: Hill Dickinson Stadium Liverpool England Website:,https://www.transfermarkt.com/fc-everton/stadion/verein/29,https://en.wikipedia.org/wiki/Hill_Dickinson_Stadium,https://www.transfermarkt.com/fc-everton/stadion/verein/29,transfermarkt fallback: surface mapped
408,Hillsborough,GRASS,Hybrid grass,https://www.transfermarkt.com/sheffield-wednesday/stadion/verein/1035,https://en.wikipedia.org/wiki/Hillsborough_Stadium,https://www.transfermarkt.com/sheffield-wednesday/stadion/verein/1035,transfermarkt: surface mapped
427,Holstein-Stadion,GRASS,Hybrid grass,https://www.transfermarkt.com/holstein-kiel/stadion/verein/269,https://en.wikipedia.org/wiki/Holstein-Stadion,https://www.transfermarkt.com/holstein-kiel/stadion/verein/269,transfermarkt: surface mapped
454,Ibercaja Estadio,GRASS,Natural grass,https://www.transfermarkt.com/real-saragossa/stadion/verein/142,https://en.wikipedia.org/wiki/Ibercaja_Stadium,https://www.transfermarkt.com/real-saragossa/stadion/verein/142,transfermarkt: surface mapped
845,Imishli City Stadium,,,https://www.transfermarkt.com/imishli/stadion/verein/103512,,https://www.transfermarkt.com/imishli/stadion/verein/103512,transfermarkt: surface not found
451,Instalaciones de Zubieta,GRASS,Natural grass,https://www.transfermarkt.com/real-sociedad-b/stadion/verein/9899,https://en.wikipedia.org/wiki/Zubieta_Facilities,https://www.transfermarkt.com/real-sociedad-b/stadion/verein/9899,transfermarkt: surface mapped
1021,Inver Park,ARTIFICIAL,Artificial turf,https://www.transfermarkt.com/larne-fc/stadion/verein/3461/saison_id/2025,https://en.wikipedia.org/wiki/Inver_Park,https://www.transfermarkt.com/larne-fc/stadion/verein/3461/saison_id/2025,transfermarkt: surface mapped
443,Ipurua,GRASS,Hybrid grass,https://www.transfermarkt.com/sd-eibar/stadion/verein/1533,https://en.wikipedia.org/wiki/Estadio_Municipal_de_Ipurua,https://www.transfermarkt.com/sd-eibar/stadion/verein/1533,transfermarkt: surface mapped
878,Jahnstadion Regensburg,GRASS,Natural grass,https://www.transfermarkt.com/ssv-jahn-regensburg/stadion/verein/109,https://en.wikipedia.org/wiki/Jahnstadion_Regensburg,https://www.transfermarkt.com/ssv-jahn-regensburg/stadion/verein/109,transfermarkt: surface mapped
630,Jakobstads Centralplan,ARTIFICIAL,Artificial turf,https://www.transfermarkt.com/ff-jaro/stadion/verein/3650/saison_id/2025,https://en.wikipedia.org/wiki/Jakobstads_Centralplan,https://www.transfermarkt.com/ff-jaro/stadion/verein/3650/saison_id/2025,transfermarkt: surface mapped
910,Jan Louwers Stadion,ARTIFICIAL,Artificial turf Contact Address: Jan Louwers Stadion Charles Roelslaan 1 5644 H,https://www.transfermarkt.com/fc-eindhoven/stadion/verein/3892,https://en.wikipedia.org/wiki/Jan_Louwers_Stadion,https://www.transfermarkt.com/fc-eindhoven/stadion/verein/3892,transfermarkt fallback: surface mapped
1009,Jenner Park,ARTIFICIAL,Artificial turf Contact Address: Jenner Park 22 Goodwick Close CF62 9EF Barry W,https://www.transfermarkt.com/barry-town-united-fc/stadion/verein/1115/saison_id/2025,https://en.wikipedia.org/wiki/Jenner_Park_Stadium,https://www.transfermarkt.com/barry-town-united-fc/stadion/verein/1115/saison_id/2025,transfermarkt fallback: surface mapped
670,KA-Völlur,GRASS,Natural grass Contact Address: Greifavöllurinn Akureyri Iceland Pricing informa,https://www.transfermarkt.com/ka-akureyri/stadion/verein/1839/saison_id/2025,https://en.wikipedia.org/wiki/KA-V%C3%B6llur,https://www.transfermarkt.com/ka-akureyri/stadion/verein/1839/saison_id/2025,transfermarkt fallback: surface mapped
284,Kilmac Stadium at Dens Park,GRASS,Natural grass,https://www.transfermarkt.com/dundee-fc/stadion/verein/511,https://en.wikipedia.org/wiki/Dens_Park,https://www.transfermarkt.com/dundee-fc/stadion/verein/511,transfermarkt: surface mapped
788,King Baudouin Stadium,GRASS,Grass,https://en.wikipedia.org/wiki/King_Baudouin_Stadium,https://en.wikipedia.org/wiki/King_Baudouin_Stadium,,wikipedia: surface mapped
523,Kolorcity Aréna,GRASS,Natural grass,https://www.transfermarkt.com/kazincbarcikai-sc/stadion/verein/24031,https://en.wikipedia.org/wiki/Kolorcity_Ar%C3%A9na,https://www.transfermarkt.com/kazincbarcikai-sc/stadion/verein/24031,transfermarkt: surface mapped
922,Koning Willem II Stadion,GRASS,Natural grass,https://www.transfermarkt.com/willem-ii-tilburg/stadion/verein/403,https://en.wikipedia.org/wiki/Koning_Willem_II_Stadion,https://www.transfermarkt.com/willem-ii-tilburg/stadion/verein/403,transfermarkt: surface mapped
807,Konwiktorska Street Stadium,GRASS,Natural grass,https://www.transfermarkt.com/polonia-warschau/stadion/verein/2745,https://en.wikipedia.org/wiki/General_Kazimierz_Sosnkowski_Municipal_Stadium,https://www.transfermarkt.com/polonia-warschau/stadion/verein/2745,transfermarkt: surface mapped
237,La Cartuja,GRASS,Natural grass,https://www.transfermarkt.com/real-betis-balompie/stadion/verein/150,https://en.wikipedia.org/wiki/Estadio_Benito_Villamar%C3%ADn,https://www.transfermarkt.com/real-betis-balompie/stadion/verein/150,transfermarkt: surface mapped
448,La Rosaleda,GRASS,Natural grass,https://www.transfermarkt.com/malaga-cf/stadion/verein/1084,https://en.wikipedia.org/wiki/La_Rosaleda_Stadium,https://www.transfermarkt.com/malaga-cf/stadion/verein/1084,transfermarkt: surface mapped
740,Lambhagavöllurinn,ARTIFICIAL,Artificial turf Contact Address: Lambhagavöllurinn Úlfarsbraut 126 113 Reykjaví,https://www.transfermarkt.com/fram-reykjavik/stadion/verein/3832/saison_id/2025,https://en.wikipedia.org/wiki/Reykjav%C3%ADk,https://www.transfermarkt.com/fram-reykjavik/stadion/verein/3832/saison_id/2025,transfermarkt fallback: surface mapped
944,Lasesarre,GRASS,Natural grass Contact Address: Nuevo Lasesarre Paseo El Ferrocarril 48901 Barak,https://www.transfermarkt.com/fc-barakaldo/stadion/verein/3708,,https://www.transfermarkt.com/fc-barakaldo/stadion/verein/3708,transfermarkt fallback: surface mapped
945,Lezama,GRASS,"Natural grass Contact Address: Instalaciones de Lezama Barrio Garaioltza, 147 4",https://www.transfermarkt.com/athletic-bilbao-b/stadion/verein/6688,https://en.wikipedia.org/wiki/Lezama_Facilities,https://www.transfermarkt.com/athletic-bilbao-b/stadion/verein/6688,transfermarkt fallback: surface mapped
992,Liman Gegaj Stadium,ARTIFICIAL,Artificial turf,https://www.transfermarkt.com/fc-malisheva/stadion/verein/80996,,https://www.transfermarkt.com/fc-malisheva/stadion/verein/80996,transfermarkt: surface mapped
840,Lokomotiv Stadium,,,https://www.transfermarkt.com/fk-baranovichi/stadion/verein/24009,,https://www.transfermarkt.com/fk-baranovichi/stadion/verein/24009,transfermarkt: surface not found
368,Lokotrans Arena,GRASS,Natural grass,https://www.transfermarkt.com/fk-mlada-boleslav/stadion/verein/5546,https://en.wikipedia.org/wiki/Lokotrans_Ar%C3%A9na,https://www.transfermarkt.com/fk-mlada-boleslav/stadion/verein/5546,transfermarkt: surface mapped
1025,Loughshore Hotel Arena,GRASS,Natural grass,https://www.transfermarkt.com/carrick-rangers/stadion/verein/8714/saison_id/2025,https://en.wikipedia.org/wiki/Taylors_Avenue,https://www.transfermarkt.com/carrick-rangers/stadion/verein/8714/saison_id/2025,transfermarkt: surface mapped
880,Ludwigsparkstadion,GRASS,Natural grass Contact Address: Ludwigsparkstadion Camphauser Straße 66113 Saarb,https://www.transfermarkt.com/1-fc-saarbrucken/stadion/verein/1,https://en.wikipedia.org/wiki/Ludwigsparkstadion,https://www.transfermarkt.com/1-fc-saarbrucken/stadion/verein/1,transfermarkt fallback: surface mapped
643,Luke Stadium,,,https://en.wikipedia.org/wiki/Luke_Stadium,https://en.wikipedia.org/wiki/Luke_Stadium,https://www.transfermarkt.com/nk-bratstvo-gracanica/stadion/verein/3492,wikipedia error: 404 Client Error: Not Found for url: https://en.wikipedia.org/wiki/Luke_Stadium
827,Lukoil Arena,GRASS,Natural grass,https://www.transfermarkt.com/spartak-moscow/stadion/verein/232,https://en.wikipedia.org/wiki/Lukoil_Arena,https://www.transfermarkt.com/spartak-moscow/stadion/verein/232,transfermarkt: surface mapped
323,MAC³PARK stadion,GRASS,Natural grass,https://www.transfermarkt.com/pec-zwolle/stadion/verein/1269,https://en.wikipedia.org/wiki/MAC3PARK_Stadion,https://www.transfermarkt.com/pec-zwolle/stadion/verein/1269,transfermarkt: surface mapped
421,MERKUR SPIEL-ARENA,GRASS,Natural grass,https://www.transfermarkt.com/fortuna-dusseldorf/stadion/verein/38,https://en.wikipedia.org/wiki/Merkur_Spiel-Arena,https://www.transfermarkt.com/fortuna-dusseldorf/stadion/verein/38,transfermarkt: surface mapped
1012,Maes Tegid,ARTIFICIAL,Artificial turf Contact Address: Maes Tegid Castle Street LL23 7UY Bala Wales P,https://www.transfermarkt.com/bala-town/stadion/verein/27843/saison_id/2025,https://en.wikipedia.org/wiki/Maes_Tegid,https://www.transfermarkt.com/bala-town/stadion/verein/27843/saison_id/2025,transfermarkt fallback: surface mapped
1059,Manisa 19 Mayıs Stadium,GRASS,Natural grass,https://www.transfermarkt.com/manisa-fk/stadion/verein/48913/saison_id/2025,https://en.wikipedia.org/wiki/Manisa_19_Mayıs_Stadium,https://www.transfermarkt.com/manisa-fk/stadion/verein/48913/saison_id/2025,transfermarkt: surface mapped
250,Manuel Martínez Valero,GRASS,Natural grass,https://www.transfermarkt.com/elche-cf/stadion/verein/1531,https://en.wikipedia.org/wiki/Estadio_Manuel_Mart%C3%ADnez_Valero,https://www.transfermarkt.com/elche-cf/stadion/verein/1531,transfermarkt: surface mapped
343,Maurice Dufrasne Stadion,GRASS,Natural grass,https://www.transfermarkt.com/standard-liege/stadion/verein/3057,https://en.wikipedia.org/wiki/Stade_Maurice_Dufrasne,https://www.transfermarkt.com/standard-liege/stadion/verein/3057,transfermarkt: surface mapped
852,Mehdi Huseynzade Stadium,GRASS,Natural grass Contact Address: Mehdi Hüseynzada Stadium (2024) Sumqayit Azerbai,https://www.transfermarkt.com/sumqayit-pfk/stadion/verein/36999,https://en.wikipedia.org/wiki/Sumgayit_City_Stadium,https://www.transfermarkt.com/sumqayit-pfk/stadion/verein/36999,transfermarkt fallback: surface mapped
572,Mestni stadion Fazanerija,GRASS,Natural grass,https://www.transfermarkt.com/ns-mura/stadion/verein/4059,https://en.wikipedia.org/wiki/Fazanerija_City_Stadium,https://www.transfermarkt.com/ns-mura/stadion/verein/4059,transfermarkt: surface mapped
859,Mikheil Meskhi Stadium,,,https://en.wikipedia.org/wiki/Mikheil_Meskhi_Stadium,https://en.wikipedia.org/wiki/Mikheil_Meskhi_Stadium,https://www.transfermarkt.com/iberia-1999-tbilisi/stadion/verein/41133,wikipedia: surface not found
119,Mimmo Pavone e Alessandro Mariani,ARTIFICIAL,Artificial turf Contact Address: Mimmo Pavone e Alessandro Mariani Via Provinci,https://www.transfermarkt.com/pineto-calcio/stadion/verein/46337/saison_id/2025,https://it.wikipedia.org/wiki/Stadio_Mimmo_Pavone-Alessandro_Mariani,https://www.transfermarkt.com/pineto-calcio/stadion/verein/46337/saison_id/2025,transfermarkt fallback: surface mapped
1023,Mourneview Park,GRASS,Natural grass,https://www.transfermarkt.com/glenavon-fc/stadion/verein/3463/saison_id/2025,https://en.wikipedia.org/wiki/Mourneview_Park,https://www.transfermarkt.com/glenavon-fc/stadion/verein/3463/saison_id/2025,transfermarkt: surface mapped
977,Municipal de Tarazona,ARTIFICIAL,Artificial turf,https://www.transfermarkt.com/sd-tarazona/stadion/verein/41403,,https://www.transfermarkt.com/sd-tarazona/stadion/verein/41403,transfermarkt: surface mapped
378,Městský fotbalový stadion Miroslava Valenty,GRASS,Natural grass,https://www.transfermarkt.com/1-fc-slovacko/stadion/verein/5544,https://en.wikipedia.org/wiki/M%C4%9Bstsk%C3%BD_fotbalov%C3%BD_stadion_Miroslava_Valenty,https://www.transfermarkt.com/1-fc-slovacko/stadion/verein/5544,transfermarkt: surface mapped
376,Městský stadion,GRASS,Natural grass,https://www.transfermarkt.com/mfk-karvina/stadion/verein/13726,https://en.wikipedia.org/wiki/M%C4%9Bstsk%C3%BD_stadion_(Karvin%C3%A1),https://www.transfermarkt.com/mfk-karvina/stadion/verein/13726,transfermarkt: surface mapped
367,Městský stadion - Vitkovice Aréna,GRASS,Natural grass,https://www.transfermarkt.com/fc-banik-ostrava/stadion/verein/377,https://en.wikipedia.org/wiki/M%C4%9Bstsk%C3%BD_stadion_(Ostrava),https://www.transfermarkt.com/fc-banik-ostrava/stadion/verein/377,transfermarkt: surface mapped
666,N1 Völlurinn,ARTIFICIAL,Artificial turf Contact Address: N1 völlurinn Hlíðarendi 101 Reykjavík Iceland,https://www.transfermarkt.com/valur-reykjavik/stadion/verein/1033/saison_id/2025,https://en.wikipedia.org/wiki/Hl%C3%AD%C3%B0arendi_(stadium),https://www.transfermarkt.com/valur-reykjavik/stadion/verein/1033/saison_id/2025,transfermarkt fallback: surface mapped
848,Neftchi Arena,GRASS,Natural grass Contact Address: Palms Sports Arena Xalqlar metrosu Baku Azerbaij,https://www.transfermarkt.com/neftchi-baku/stadion/verein/8031,https://en.wikipedia.org/wiki/Neft%C3%A7i_Arena,https://www.transfermarkt.com/neftchi-baku/stadion/verein/8031,transfermarkt fallback: surface mapped
836,Neman Stadium,GRASS,Natural grass,https://www.transfermarkt.com/neman-grodno/stadion/verein/14178,https://en.wikipedia.org/wiki/Neman_Stadium,https://www.transfermarkt.com/neman-grodno/stadion/verein/14178,transfermarkt: surface mapped
1002,Netanya Stadium,GRASS,Natural grass,https://www.transfermarkt.com/ironi-kiryat-shmona/stadion/verein/6028,https://en.wikipedia.org/wiki/Netanya_Stadium,https://www.transfermarkt.com/ironi-kiryat-shmona/stadion/verein/6028,transfermarkt: surface mapped
1004,Netanya Stadium,GRASS,Natural grass,https://www.transfermarkt.com/maccabi-netanya/stadion/verein/5223,https://en.wikipedia.org/wiki/Netanya_Stadium,https://www.transfermarkt.com/maccabi-netanya/stadion/verein/5223,transfermarkt: surface mapped
1061,New Sakarya Stadium,GRASS,Natural grass,https://www.transfermarkt.com/sakaryaspor/stadion/verein/2463/saison_id/2025,https://en.wikipedia.org/wiki/New_Sakarya_Stadium,https://www.transfermarkt.com/sakaryaspor/stadion/verein/2463/saison_id/2025,transfermarkt: surface mapped
1064,New Sivas 4 Eylül Stadium,GRASS,Natural grass,https://www.transfermarkt.com/sivasspor/stadion/verein/2381/saison_id/2025,https://en.wikipedia.org/wiki/New_Sivas_4_Eylül_Stadium,https://www.transfermarkt.com/sivasspor/stadion/verein/2381/saison_id/2025,transfermarkt: surface mapped
866,New Tivoli,GRASS,Natural grass,https://www.transfermarkt.com/alemannia-aachen/stadion/verein/8,https://en.wikipedia.org/wiki/New_Tivoli,https://www.transfermarkt.com/alemannia-aachen/stadion/verein/8,transfermarkt: surface mapped
969,Nou Estadi,GRASS,Natural grass,https://www.transfermarkt.com/gimnastic-de-tarragona/stadion/verein/5648,https://en.wikipedia.org/wiki/Nou_Estadi_Costa_Daurada,https://www.transfermarkt.com/gimnastic-de-tarragona/stadion/verein/5648,transfermarkt: surface mapped
968,Nou Sardenya,ARTIFICIAL,Artificial turf,https://www.transfermarkt.com/ce-europa/stadion/verein/20528,https://en.wikipedia.org/wiki/Nou_Sardenya,https://www.transfermarkt.com/ce-europa/stadion/verein/20528,transfermarkt: surface mapped
898,Nouste Camp,GRASS,Hybrid grass Contact Address: Nouste Camp Chemin de l'Aviation 64000 Pau France,https://www.transfermarkt.com/pau-fc/stadion/verein/3166,https://en.wikipedia.org/wiki/Stade_du_Hameau,https://www.transfermarkt.com/pau-fc/stadion/verein/3166,transfermarkt fallback: surface mapped
975,Nova Creu Alta,GRASS,Natural grass,https://www.transfermarkt.com/ce-sabadell/stadion/verein/11422,https://en.wikipedia.org/wiki/Estadi_de_la_Nova_Creu_Alta,https://www.transfermarkt.com/ce-sabadell/stadion/verein/11422,transfermarkt: surface mapped
961,Nuevo Mirador,GRASS,Natural grass,https://www.transfermarkt.com/fc-algeciras/stadion/verein/3705,https://en.wikipedia.org/wiki/Estadio_Nuevo_Mirador,https://www.transfermarkt.com/fc-algeciras/stadion/verein/3705,transfermarkt: surface mapped
227,ORLEN Stadion im. Kazimierza Górskiego,GRASS,Natural grass,https://www.transfermarkt.com/wisla-plock/stadion/verein/2118,https://en.wikipedia.org/wiki/Kazimierz_G%C3%B3rski_Stadium,https://www.transfermarkt.com/wisla-plock/stadion/verein/2118,transfermarkt: surface mapped
832,OSK Brestsky,GRASS,Natural grass,https://www.transfermarkt.com/dynamo-brest/stadion/verein/6131,https://en.wikipedia.org/wiki/Regional_Sport_Complex_Brestsky,https://www.transfermarkt.com/dynamo-brest/stadion/verein/6131,transfermarkt: surface mapped
627,OSiR,GRASS,Natural grass,https://www.transfermarkt.com/ac-oulu/stadion/verein/7008/saison_id/2025,https://en.wikipedia.org/wiki/Raatti_Stadium,https://www.transfermarkt.com/ac-oulu/stadion/verein/7008/saison_id/2025,transfermarkt: surface mapped
1017,Old Road Ground,GRASS,Natural grass Contact Address: The Renewable Centre Stadium Old Road SA11 2BU B,https://www.transfermarkt.com/briton-ferry-llansawel-afc/stadion/verein/29221/saison_id/2025,,https://www.transfermarkt.com/briton-ferry-llansawel-afc/stadion/verein/29221/saison_id/2025,transfermarkt fallback: surface mapped
879,Ostseestadion,GRASS,Natural grass,https://www.transfermarkt.com/fc-hansa-rostock/stadion/verein/30,https://en.wikipedia.org/wiki/Ostseestadion,https://www.transfermarkt.com/fc-hansa-rostock/stadion/verein/30,transfermarkt: surface mapped
819,Ozon Arena,GRASS,Natural grass,https://www.transfermarkt.com/fk-krasnodar/stadion/verein/16704,https://en.wikipedia.org/wiki/Krasnodar_Stadium,https://www.transfermarkt.com/fk-krasnodar/stadion/verein/16704,transfermarkt: surface mapped
789,PGE Narodowy,GRASS,Grass,https://en.wikipedia.org/wiki/PGE_Narodowy,https://en.wikipedia.org/wiki/PGE_Narodowy,,wikipedia: surface mapped
147,Parc des Princes,GRASS,Hybrid grass,https://www.transfermarkt.com/fc-paris-saint-germain/stadion/verein/583,https://en.wikipedia.org/wiki/Parc_des_Princes,https://www.transfermarkt.com/fc-paris-saint-germain/stadion/verein/583,transfermarkt: surface mapped
887,Parc des Sports,GRASS,Natural grass Contact Address: Parc des Sports d’Annecy 1 Rue Baron Pierre De C,https://www.transfermarkt.com/fc-annecy/stadion/verein/30204,https://en.wikipedia.org/wiki/Parc_des_Sports_(Annecy),https://www.transfermarkt.com/fc-annecy/stadion/verein/30204,transfermarkt fallback: surface mapped
1006,Park Hall,ARTIFICIAL,Artificial turf Contact Address: Park Hall Burma Road SY11 4AS Oswestry Wales P,https://www.transfermarkt.com/the-new-saints/stadion/verein/10734/saison_id/2025,https://en.wikipedia.org/wiki/Park_Hall_(Oswestry),https://www.transfermarkt.com/the-new-saints/stadion/verein/10734/saison_id/2025,transfermarkt fallback: surface mapped
918,Parkstad Limburg Stadion,GRASS,Natural grass,https://www.transfermarkt.com/roda-jc-kerkrade/stadion/verein/192,https://en.wikipedia.org/wiki/Parkstad_Limburg_Stadion,https://www.transfermarkt.com/roda-jc-kerkrade/stadion/verein/192,transfermarkt: surface mapped
324,Philips Stadion,GRASS,Natural grass,https://www.transfermarkt.com/psv-eindhoven/stadion/verein/383,https://en.wikipedia.org/wiki/Philips_Stadion,https://www.transfermarkt.com/psv-eindhoven/stadion/verein/383,transfermarkt: surface mapped
120,Pietro Barbetti,,,https://en.wikipedia.org/wiki/Stadio_Pietro_Barbetti,https://en.wikipedia.org/wiki/Stadio_Pietro_Barbetti,https://www.transfermarkt.com/as-gubbio-1910/stadion/verein/4326/saison_id/2025,wikipedia: surface not found
978,Pinilla,GRASS,Natural grass,https://www.transfermarkt.com/cd-teruel/stadion/verein/19301,,https://www.transfermarkt.com/cd-teruel/stadion/verein/19301,transfermarkt: surface mapped
282,Pittodrie Stadium,GRASS,Natural grass,https://www.transfermarkt.com/aberdeen-fc/stadion/verein/370,https://en.wikipedia.org/wiki/Pittodrie_Stadium,https://www.transfermarkt.com/aberdeen-fc/stadion/verein/370,transfermarkt: surface mapped
493,Poljud,GRASS,Hybrid grass,https://www.transfermarkt.com/hnk-hajduk-split/stadion/verein/447,https://en.wikipedia.org/wiki/Stadion_Poljud,https://www.transfermarkt.com/hnk-hajduk-split/stadion/verein/447,transfermarkt: surface mapped
778,Principality Stadium,GRASS,Grass (1999–2014) GrassMaster (2014–present) [ 2 ],https://en.wikipedia.org/wiki/Principality_Stadium,https://en.wikipedia.org/wiki/Principality_Stadium,,wikipedia: surface mapped
383,Profertil Arena Hartberg,GRASS,Natural grass Contact Address: Profertil Arena Hartberg Otto-Gerlitz-Platz 2 82,https://www.transfermarkt.com/tsv-hartberg/stadion/verein/4467,https://en.wikipedia.org/wiki/Stadion_Hartberg,https://www.transfermarkt.com/tsv-hartberg/stadion/verein/4467,transfermarkt fallback: surface mapped
786,Puskás Aréna,GRASS,Grass,https://en.wikipedia.org/wiki/Pusk%C3%A1s_Ar%C3%A9na,https://en.wikipedia.org/wiki/Pusk%C3%A1s_Ar%C3%A9na,,wikipedia: surface mapped
651,Pärnu Rannastaadion,GRASS,Natural grass,https://www.transfermarkt.com/parnu-jk-vaprus/stadion/verein/33579/saison_id/2025,https://en.wikipedia.org/wiki/P%C3%A4rnu,https://www.transfermarkt.com/parnu-jk-vaprus/stadion/verein/33579/saison_id/2025,transfermarkt: surface mapped
821,RZD Arena,GRASS,Natural grass,https://www.transfermarkt.com/lokomotiv-moscow/stadion/verein/932,https://en.wikipedia.org/wiki/Lokomotiv_Stadium_(Moscow),https://www.transfermarkt.com/lokomotiv-moscow/stadion/verein/932,transfermarkt: surface mapped
863,Ramaz Shengelia Stadium,GRASS,Natural grass,https://www.transfermarkt.com/torpedo-kutaisi/stadion/verein/253,https://en.wikipedia.org/wiki/Ramaz_Shengelia_Stadium,https://www.transfermarkt.com/torpedo-kutaisi/stadion/verein/253,transfermarkt: surface mapped
751,Raudondvario stadionas,ARTIFICIAL,Artificial turf Contact Address: Raudondvario stadionas Atgimimo g. 1 Raudondva,https://www.transfermarkt.com/fc-hegelmann-litauen/stadion/verein/69752/saison_id/2025,https://en.wikipedia.org/wiki/Kaunas,https://www.transfermarkt.com/fc-hegelmann-litauen/stadion/verein/69752/saison_id/2025,transfermarkt fallback: surface mapped
386,Red Bull Arena Salzburg,GRASS,Natural grass,https://www.transfermarkt.com/red-bull-salzburg/stadion/verein/409,https://en.wikipedia.org/wiki/Red_Bull_Arena_(Salzburg),https://www.transfermarkt.com/red-bull-salzburg/stadion/verein/409,transfermarkt: surface mapped
441,Reino de León,GRASS,Natural grass,https://www.transfermarkt.com/cultural-leonesa/stadion/verein/4542,https://en.wikipedia.org/wiki/Estadio_Reino_de_Le%C3%B3n,https://www.transfermarkt.com/cultural-leonesa/stadion/verein/4542,transfermarkt: surface mapped
790,Republican Stadium (Yerevan),ARTIFICIAL,Artificial turf Pricing information Cash payment permitted: No Price of water :,https://www.transfermarkt.com/fc-pyunik-yerevan/stadion/verein/10301,https://en.wikipedia.org/wiki/Vazgen_Sargsyan_Republican_Stadium,https://www.transfermarkt.com/fc-pyunik-yerevan/stadion/verein/10301,transfermarkt fallback: surface mapped
213,RheinEnergieSTADION,GRASS,Natural grass,https://www.transfermarkt.com/1-fc-koln/stadion/verein/3,https://en.wikipedia.org/wiki/RheinEnergieStadion,https://www.transfermarkt.com/1-fc-koln/stadion/verein/3,transfermarkt: surface mapped
579,Richmond Park,GRASS,Natural grass,https://www.transfermarkt.com/st-patricks-athletic/stadion/verein/1189,https://en.wikipedia.org/wiki/Richmond_Park_(football_ground),https://www.transfermarkt.com/st-patricks-athletic/stadion/verein/1189,transfermarkt: surface mapped
128,Romeo Menti,ARTIFICIAL,Artificial turf,https://www.transfermarkt.com/ss-juve-stabia/stadion/verein/5587/saison_id/2025,https://en.wikipedia.org/wiki/Stadio_Romeo_Menti_(Castellammare_di_Stabia),https://www.transfermarkt.com/ss-juve-stabia/stadion/verein/5587/saison_id/2025,transfermarkt: surface mapped
815,Rostec Arena,GRASS,Natural grass,https://www.transfermarkt.com/baltika-kaliningrad/stadion/verein/2741,https://en.wikipedia.org/wiki/Kaliningrad_Stadium,https://www.transfermarkt.com/baltika-kaliningrad/stadion/verein/2741,transfermarkt: surface mapped
824,Rostov Arena,GRASS,Natural grass,https://www.transfermarkt.com/fk-rostov/stadion/verein/1083,https://en.wikipedia.org/wiki/Rostov_Arena,https://www.transfermarkt.com/fk-rostov/stadion/verein/1083,transfermarkt: surface mapped
580,Ryan McBride Brandywell Stadium,ARTIFICIAL,Artificial turf Contact Address: Ryan McBride Brandywell Stadium Lone Moor Road,https://www.transfermarkt.com/derry-city/stadion/verein/920,https://en.wikipedia.org/wiki/Ryan_McBride_Brandywell_Stadium,https://www.transfermarkt.com/derry-city/stadion/verein/920,transfermarkt fallback: surface mapped
536,SC Mladost Pančevo,ARTIFICIAL,Artificial turf Pricing information Cash payment permitted: No Price of water :,https://www.transfermarkt.com/zeleznicar-pancevo/stadion/verein/59358,https://en.wikipedia.org/wiki/SRC_Mladost_Pan%C4%8Devo,https://www.transfermarkt.com/zeleznicar-pancevo/stadion/verein/59358,transfermarkt fallback: surface mapped
532,SRC Mr Radoš Milovanović,ARTIFICIAL,Artificial turf Contact Address: SRC Mr Radoš Milovanović Radnička bb 32240 Luč,https://www.transfermarkt.com/fk-mladost-lucani/stadion/verein/6622,https://en.wikipedia.org/wiki/Mladost_Stadium_(Lu%C4%8Dani),https://www.transfermarkt.com/fk-mladost-lucani/stadion/verein/6622,transfermarkt fallback: surface mapped
858,Sagarejo Central Stadium,,,https://www.transfermarkt.com/fc-gareji/stadion/verein/61358,,https://www.transfermarkt.com/fc-gareji/stadion/verein/61358,transfermarkt: surface not found
999,Sammy Ofer Stadium,GRASS,Natural grass,https://www.transfermarkt.com/maccabi-haifa/stadion/verein/1064,https://en.wikipedia.org/wiki/Sammy_Ofer_Stadium,https://www.transfermarkt.com/maccabi-haifa/stadion/verein/1064,transfermarkt: surface mapped
309,Samsun Yeni 19 Mayıs,GRASS,Hybrid grass,https://www.transfermarkt.com/samsunspor/stadion/verein/152,https://en.wikipedia.org/wiki/Samsun_19_May%C4%B1s_Stadium,https://www.transfermarkt.com/samsunspor/stadion/verein/152,transfermarkt: surface mapped
667,Samsung völlurinn,ARTIFICIAL,Artificial turf Pricing information Cash payment permitted: No Price of water :,https://www.transfermarkt.com/stjarnan-gardabaer/stadion/verein/21875/saison_id/2025,https://en.wikipedia.org/wiki/Stj%C3%B6rnuv%C3%B6llur,https://www.transfermarkt.com/stjarnan-gardabaer/stadion/verein/21875/saison_id/2025,transfermarkt fallback: surface mapped
235,San Mamés,GRASS,Natural grass,https://www.transfermarkt.com/athletic-bilbao/stadion/verein/621,https://en.wikipedia.org/wiki/San_Mam%C3%A9s_Stadium,https://www.transfermarkt.com/athletic-bilbao/stadion/verein/621,transfermarkt: surface mapped
123,Sandro Cabassi,GRASS,Natural grass,https://www.transfermarkt.com/ac-carpi/stadion/verein/4102/saison_id/2025,https://en.wikipedia.org/wiki/Stadio_Sandro_Cabassi,https://www.transfermarkt.com/ac-carpi/stadion/verein/4102/saison_id/2025,transfermarkt: surface mapped
869,Schauinsland-Reisen-Arena,GRASS,Natural grass,https://www.transfermarkt.com/msv-duisburg/stadion/verein/52,https://en.wikipedia.org/wiki/MSV-Arena,https://www.transfermarkt.com/msv-duisburg/stadion/verein/52,transfermarkt: surface mapped
387,Schnabelholz,GRASS,Natural grass,https://www.transfermarkt.com/scr-altach/stadion/verein/3551,https://en.wikipedia.org/wiki/Stadion_Schnabelholz,https://www.transfermarkt.com/scr-altach/stadion/verein/3551,transfermarkt: surface mapped
416,SchücoArena,GRASS,Hybrid grass,https://www.transfermarkt.com/arminiabielefeld/stadion/verein/10,https://en.wikipedia.org/wiki/Bielefelder_Alm,https://www.transfermarkt.com/arminiabielefeld/stadion/verein/10,transfermarkt: surface mapped
489,Schützenwiese,GRASS,Natural grass,https://www.transfermarkt.com/fc-winterthur/stadion/verein/242,https://en.wikipedia.org/wiki/Stadion_Sch%C3%BCtzenwiese,https://www.transfermarkt.com/fc-winterthur/stadion/verein/242,transfermarkt: surface mapped
1020,Seaview,ARTIFICIAL,Artificial turf,https://www.transfermarkt.com/crusaders-fc/stadion/verein/21532/saison_id/2025,https://en.wikipedia.org/wiki/Seaview_(football_ground),https://www.transfermarkt.com/crusaders-fc/stadion/verein/21532/saison_id/2025,transfermarkt: surface mapped
354,Sepsi Duna Arena,GRASS,Hybrid grass Contact Address: Sepsi Duna Arena Lunca Oltului 106 520036 Sfântu,https://www.transfermarkt.com/sepsi-osk-sfantu-gheorghe/stadion/verein/54585,https://en.wikipedia.org/wiki/Sepsi_Arena,https://www.transfermarkt.com/sepsi-osk-sfantu-gheorghe/stadion/verein/54585,transfermarkt fallback: surface mapped
1063,Serik İsmail Oğan Stadium,GRASS,ural grass Contact Address: Serik İsmail Oğan Serik / Antalya Türkiye Pricing in,https://www.transfermarkt.com/serik-belediyespor/stadion/verein/50845/saison_id/2025,,https://www.transfermarkt.com/serik-belediyespor/stadion/verein/50845/saison_id/2025,transfermarkt fallback: surface mapped
851,Shamakhi City Stadium,,Artificial,https://en.wikipedia.org/wiki/Shamakhi_City_Stadium,https://en.wikipedia.org/wiki/Shamakhi_City_Stadium,https://www.transfermarkt.com/keshla-fk/stadion/verein/8956,wikipedia: surface found but not mapped
1026,Shamrock Park,GRASS,Natural grass,https://www.transfermarkt.com/portadown-fc/stadion/verein/5594/saison_id/2025,https://en.wikipedia.org/wiki/Shamrock_Park,https://www.transfermarkt.com/portadown-fc/stadion/verein/5594/saison_id/2025,transfermarkt: surface mapped
721,Skonto Stadium,GRASS,Natural grass Contact Address: Jāņa Skredeļa stadions Ojāra Vācieša iela 2 LV-1,https://www.transfermarkt.com/sk-super-nova/stadion/verein/40788/saison_id/2025,https://en.wikipedia.org/wiki/Skonto_Stadium,https://www.transfermarkt.com/sk-super-nova/stadion/verein/40788/saison_id/2025,transfermarkt fallback: surface mapped
438,SkyFi Castalia,GRASS,Natural grass,https://www.transfermarkt.com/cd-castellon/stadion/verein/2502,https://en.wikipedia.org/wiki/Nou_Estadi_Cast%C3%A0lia,https://www.transfermarkt.com/cd-castellon/stadion/verein/2502,transfermarkt: surface mapped
814,Solidarnost Samara Arena,GRASS,Hybrid grass,https://www.transfermarkt.com/akron-togliatti/stadion/verein/71985,https://en.wikipedia.org/wiki/Solidarnost_Samara_Arena,https://www.transfermarkt.com/akron-togliatti/stadion/verein/71985,transfermarkt: surface mapped
820,Solidarnost Samara Arena,GRASS,Natural grass,https://www.transfermarkt.com/krylya-sovetov-samara/stadion/verein/2696,https://en.wikipedia.org/wiki/Solidarnost_Samara_Arena,https://www.transfermarkt.com/krylya-sovetov-samara/stadion/verein/2696,transfermarkt: surface mapped
1019,Solitude,ARTIFICIAL,Artificial turf,https://www.transfermarkt.com/cliftonville-fc/stadion/verein/1251/saison_id/2025,https://en.wikipedia.org/wiki/Solitude_(football_ground),https://www.transfermarkt.com/cliftonville-fc/stadion/verein/1251/saison_id/2025,transfermarkt: surface mapped
823,Sovcombank Arena,GRASS,Natural grass,https://www.transfermarkt.com/fk-nizhny-novgorod/stadion/verein/49702,https://en.wikipedia.org/wiki/Nizhny_Novgorod_Stadium,https://www.transfermarkt.com/fk-nizhny-novgorod/stadion/verein/49702,transfermarkt: surface mapped
328,Sparta-stadion - Het Kasteel,GRASS,Natural grass,https://www.transfermarkt.com/sparta-rotterdam/stadion/verein/468,https://en.wikipedia.org/wiki/Sparta_Stadion_Het_Kasteel,https://www.transfermarkt.com/sparta-rotterdam/stadion/verein/468,transfermarkt: surface mapped
842,Spartak Stadium Bobruisk,GRASS,Natural grass Contact Address: Spartak Oktoberstraße 119 Bobruisk Belarus Prici,https://www.transfermarkt.com/belshina-bobruisk/stadion/verein/3886,https://en.wikipedia.org/wiki/Spartak_Stadium_(Bobruisk),https://www.transfermarkt.com/belshina-bobruisk/stadion/verein/3886,transfermarkt fallback: surface mapped
838,Spartak Stadium Mogilev,GRASS,Natural grass Contact Address: Spartak Mogilev Belarus Website: To stadium webs,https://www.transfermarkt.com/dnepr-mogilev/stadion/verein/4394,https://en.wikipedia.org/wiki/Spartak_Stadium_(Mogilev),https://www.transfermarkt.com/dnepr-mogilev/stadion/verein/4394,transfermarkt fallback: surface mapped
884,Sportclub Arena,GRASS,Natural grass Contact Address: SPORTCLUB Arena Poststraße 10 33415 Verl Germany,https://www.transfermarkt.com/sc-verl/stadion/verein/93,https://en.wikipedia.org/wiki/Sportclub_Arena,https://www.transfermarkt.com/sc-verl/stadion/verein/93,transfermarkt fallback: surface mapped
916,Sportcomplex Zoudenbalch,,,https://www.transfermarkt.com/fc-utrecht-ii/stadion/verein/17596,,https://www.transfermarkt.com/fc-utrecht-ii/stadion/verein/17596,transfermarkt: surface not found
913,Sportpark De Toekomst,GRASS,"Natural grass Contact Address: Sportpark ""De Toekomst"" Borchlandweg 16-18 1099",https://www.transfermarkt.com/ajax-amsterdam-ii/stadion/verein/8817,https://en.wikipedia.org/wiki/Sportpark_De_Toekomst,https://www.transfermarkt.com/ajax-amsterdam-ii/stadion/verein/8817,transfermarkt fallback: surface mapped
874,Sportpark Höhenberg,GRASS,Natural grass Contact Address: Sportpark Höhenberg Günter-Kuxdorf-Weg 1 51103 K,https://www.transfermarkt.com/fc-viktoria-koln/stadion/verein/1622,https://en.wikipedia.org/wiki/Sportpark_H%C3%B6henberg,https://www.transfermarkt.com/fc-viktoria-koln/stadion/verein/1622,transfermarkt fallback: surface mapped
708,Stade An de Millewisen,GRASS,Natural grass,https://www.transfermarkt.com/fc-una-strassen/stadion/verein/21835/saison_id/2025,"https://en.wikipedia.org/wiki/Strassen,_Luxembourg",https://www.transfermarkt.com/fc-una-strassen/stadion/verein/21835/saison_id/2025,transfermarkt: surface mapped
888,Stade Armand Cesari,GRASS,Natural grass,https://www.transfermarkt.com/sc-bastia/stadion/verein/595,https://en.wikipedia.org/wiki/Stade_Armand-Cesari,https://www.transfermarkt.com/sc-bastia/stadion/verein/595,transfermarkt: surface mapped
900,Stade Auguste-Delaune,GRASS,Hybrid grass,https://www.transfermarkt.com/stade-reims/stadion/verein/1421,https://en.wikipedia.org/wiki/Stade_Auguste-Delaune,https://www.transfermarkt.com/stade-reims/stadion/verein/1421,transfermarkt: surface mapped
899,Stade Bauer,GRASS,Hybrid grass Contact Address: Stade Bauer 92 rue du docteur Bauer 93400 Saint-O,https://www.transfermarkt.com/red-star-fc/stadion/verein/1154,https://en.wikipedia.org/wiki/Stade_Bauer,https://www.transfermarkt.com/red-star-fc/stadion/verein/1154,transfermarkt fallback: surface mapped
153,Stade Bollaert-Delelis,GRASS,Natural grass,https://www.transfermarkt.com/rc-lens/stadion/verein/826,https://en.wikipedia.org/wiki/Stade_Bollaert-Delelis,https://www.transfermarkt.com/rc-lens/stadion/verein/826,transfermarkt: surface mapped
749,Stade Fernand Weber,,,https://en.wikipedia.org/wiki/Stade_Fernand_Weber,https://en.wikipedia.org/wiki/Stade_Fernand_Weber,https://www.transfermarkt.com/fc-jeunesse-canach/stadion/verein/21465/saison_id/2025,wikipedia: surface not found
894,Stade Francis Le Basser,GRASS,Natural grass,https://www.transfermarkt.com/stade-laval/stadion/verein/1080,https://en.wikipedia.org/wiki/Stade_Francis_Le_Basser,https://www.transfermarkt.com/stade-laval/stadion/verein/1080,transfermarkt: surface mapped
890,Stade Gabriel Montpied,GRASS,Natural grass,https://www.transfermarkt.com/clermont-foot-63/stadion/verein/3524,https://en.wikipedia.org/wiki/Stade_Gabriel-Montpied,https://www.transfermarkt.com/clermont-foot-63/stadion/verein/3524,transfermarkt: surface mapped
902,Stade Geoffroy Guichard,GRASS,Natural grass,https://www.transfermarkt.com/as-saint-etienne/stadion/verein/618,https://en.wikipedia.org/wiki/Stade_Geoffroy-Guichard,https://www.transfermarkt.com/as-saint-etienne/stadion/verein/618,transfermarkt: surface mapped
709,Stade John Grün,,,https://en.wikipedia.org/wiki/Bad_Mondorf,https://en.wikipedia.org/wiki/Bad_Mondorf,https://www.transfermarkt.com/us-mondorf-les-bains/stadion/verein/21274/saison_id/2025,wikipedia: surface not found
704,Stade Jos Becker,,,https://en.wikipedia.org/wiki/Niederanven,https://en.wikipedia.org/wiki/Niederanven,https://www.transfermarkt.com/us-hostert/stadion/verein/21645/saison_id/2025,wikipedia: surface not found
340,Stade Joseph Mariën,GRASS,Natural grass Contact Address: Stade Joseph Mariën Chaussée de Bruxelles 223 11,https://www.transfermarkt.com/royale-union-saint-gilloise/stadion/verein/3948,https://en.wikipedia.org/wiki/Joseph_Marien_Stadium,https://www.transfermarkt.com/royale-union-saint-gilloise/stadion/verein/3948,transfermarkt fallback: surface mapped
703,Stade Joseph Philippart,,,https://en.wikipedia.org/wiki/Rodange,https://en.wikipedia.org/wiki/Rodange,https://www.transfermarkt.com/fc-rodange-91/stadion/verein/21803/saison_id/2025,wikipedia: no infobox
897,Stade Marcel Picot,GRASS,Hybrid grass,https://www.transfermarkt.com/as-nancy-lorraine/stadion/verein/1159,https://en.wikipedia.org/wiki/Stade_Marcel_Picot,https://www.transfermarkt.com/as-nancy-lorraine/stadion/verein/1159,transfermarkt: surface mapped
891,Stade Marcel Tribut,GRASS,Hybrid grass Contact Address: Stade Marcel-Tribut Avenue du Stade 59140 Dunkerq,https://www.transfermarkt.com/usl-dunkerque/stadion/verein/9202,https://en.wikipedia.org/wiki/Stade_Marcel-Tribut,https://www.transfermarkt.com/usl-dunkerque/stadion/verein/9202,transfermarkt fallback: surface mapped
895,Stade Marie-Marvingt,GRASS,Hybrid grass Contact Address: Stade Marie-Marvingt Chemin aux Boeufs 72100 Le M,https://www.transfermarkt.com/le-mans-fc/stadion/verein/1164,https://en.wikipedia.org/wiki/Stade_Marie-Marvingt,https://www.transfermarkt.com/le-mans-fc/stadion/verein/1164,transfermarkt fallback: surface mapped
746,Stade Municipal de la Ville de Differdange,GRASS,Natural grass,https://www.transfermarkt.com/fc-differdingen-03/stadion/verein/11914/saison_id/2025,https://en.wikipedia.org/wiki/Stade_Municipal_de_la_Ville_de_Differdange,https://www.transfermarkt.com/fc-differdingen-03/stadion/verein/11914/saison_id/2025,transfermarkt: surface mapped
901,Stade Paul Lignon,GRASS,Natural grass,https://www.transfermarkt.com/rodez-af/stadion/verein/11273,https://en.wikipedia.org/wiki/Stade_Paul-Lignon,https://www.transfermarkt.com/rodez-af/stadion/verein/11273,transfermarkt: surface mapped
161,Stade Raymond-Kopa,GRASS,Natural grass,https://www.transfermarkt.com/sco-angers/stadion/verein/1420,https://en.wikipedia.org/wiki/Stade_Raymond_Kopa,https://www.transfermarkt.com/sco-angers/stadion/verein/1420,transfermarkt: surface mapped
701,Stade Um Dribbel,GRASS,Natural grass,https://www.transfermarkt.com/un-kaerjeng-97/stadion/verein/12004/saison_id/2025,https://en.wikipedia.org/wiki/Bascharage,https://www.transfermarkt.com/un-kaerjeng-97/stadion/verein/12004/saison_id/2025,transfermarkt: surface mapped
785,Stade de France,GRASS,Hybrid Grass by SIS Pitches,https://en.wikipedia.org/wiki/Stade_de_France,https://en.wikipedia.org/wiki/Stade_de_France,,wikipedia: surface mapped
893,Stade de Roudourou,GRASS,Hybrid grass,https://www.transfermarkt.com/ea-guingamp/stadion/verein/855,https://en.wikipedia.org/wiki/Stade_de_Roudourou,https://www.transfermarkt.com/ea-guingamp/stadion/verein/855,transfermarkt: surface mapped
903,Stade de l'Aube,GRASS,Hybrid grass,https://www.transfermarkt.com/es-troyes-ac/stadion/verein/1095,https://en.wikipedia.org/wiki/Stade_de_l%27Aube,https://www.transfermarkt.com/es-troyes-ac/stadion/verein/1095,transfermarkt: surface mapped
889,Stade de la Libération,GRASS,Grass,https://en.wikipedia.org/wiki/Stade_de_la_Lib%C3%A9ration,https://en.wikipedia.org/wiki/Stade_de_la_Lib%C3%A9ration,https://www.transfermarkt.com/us-boulogne/stadion/verein/7042,wikipedia: surface mapped
886,Stade de la Licorne,GRASS,Hybrid grass,https://www.transfermarkt.com/amiens-sc/stadion/verein/1416,https://en.wikipedia.org/wiki/Stade_de_la_Licorne,https://www.transfermarkt.com/amiens-sc/stadion/verein/1416,transfermarkt: surface mapped
896,Stade de la Mosson,GRASS,Hybrid grass,https://www.transfermarkt.com/montpellier-hsc/stadion/verein/969,https://en.wikipedia.org/wiki/Stade_de_la_Mosson,https://www.transfermarkt.com/montpellier-hsc/stadion/verein/969,transfermarkt: surface mapped
892,Stade des Alpes,GRASS,Hybrid grass,https://www.transfermarkt.com/grenoble-foot-38/stadion/verein/1290,https://en.wikipedia.org/wiki/Stade_des_Alpes,https://www.transfermarkt.com/grenoble-foot-38/stadion/verein/1290,transfermarkt: surface mapped
339,Stade du Pays de Charleroi,GRASS,Natural grass Contact Address: Stade du Pays de Charleroi Boulevard Zoé Drion 1,https://www.transfermarkt.com/rsc-charleroi/stadion/verein/172,https://en.wikipedia.org/wiki/Stade_du_Pays_de_Charleroi,https://www.transfermarkt.com/rsc-charleroi/stadion/verein/172,transfermarkt fallback: surface mapped
75,Stadio Breda,GRASS,Natural grass,https://www.transfermarkt.com/asd-alcione-milano/stadion/verein/52687/saison_id/2025,,https://www.transfermarkt.com/asd-alcione-milano/stadion/verein/52687/saison_id/2025,transfermarkt: surface mapped
117,Stadio Città dell’Aria,ARTIFICIAL,Artificial turf,https://www.transfermarkt.com/guidonia-montecelio-1937-fc/stadion/verein/45894/saison_id/2025,https://it.wikipedia.org/wiki/Stadio_Citt%C3%A0_dell%27Aria,https://www.transfermarkt.com/guidonia-montecelio-1937-fc/stadion/verein/45894/saison_id/2025,transfermarkt: surface mapped
510,Stadio Ethnikos Achnas (Dasaki),GRASS,Natural grass Contact Address: Stadio Ethnikos Achnas (Dasaki) Achna Cyprus Web,https://www.transfermarkt.com/ethnikos-achnas/stadion/verein/4590,https://en.wikipedia.org/wiki/Dasaki_Stadium,https://www.transfermarkt.com/ethnikos-achnas/stadion/verein/4590,transfermarkt fallback: surface mapped
90,Stadio Giuseppe Capozza,GRASS,Natural grass,https://www.transfermarkt.com/casarano-calcio/stadion/verein/6089/saison_id/2025,,https://www.transfermarkt.com/casarano-calcio/stadion/verein/6089/saison_id/2025,transfermarkt: surface mapped
61,Stadio dei Marmi,ARTIFICIAL,Artificial turf,https://www.transfermarkt.com/carrarese-calcio/stadion/verein/4159/saison_id/2025,https://it.wikipedia.org/wiki/Stadio_dei_Marmi_(Carrara),https://www.transfermarkt.com/carrarese-calcio/stadion/verein/4159/saison_id/2025,transfermarkt: surface mapped
231,Stadion Bruk-Bet,GRASS,Natural grass,https://www.transfermarkt.com/bruk-bet-termalica-nieciecza/stadion/verein/15906,https://en.wikipedia.org/wiki/Stadion_Sportowy_Bruk-Bet_Termalica,https://www.transfermarkt.com/bruk-bet-termalica-nieciecza/stadion/verein/15906,transfermarkt: surface mapped
917,Stadion De Geusselt,ARTIFICIAL,"Artificial turf Contact Address: Stadion ""De Geusselt"" Stadionplein 32 6225 XW",https://www.transfermarkt.com/mvv-maastricht/stadion/verein/384,https://en.wikipedia.org/wiki/De_Geusselt,https://www.transfermarkt.com/mvv-maastricht/stadion/verein/384,transfermarkt fallback: surface mapped
907,Stadion De Vijverberg,GRASS,"Natural grass Contact Address: Stadion ""De Vijverberg"" Lijsterbeslaan 101-A 700",https://www.transfermarkt.com/de-graafschap-doetinchem/stadion/verein/642,https://en.wikipedia.org/wiki/De_Vijverberg,https://www.transfermarkt.com/de-graafschap-doetinchem/stadion/verein/642,transfermarkt fallback: surface mapped
908,Stadion De Vliert,ARTIFICIAL,"Artificial turf Contact Address: Stadion ""De Vliert"" Victorialaan 21 5213 JG ’s",https://www.transfermarkt.com/fc-den-bosch/stadion/verein/404,https://en.wikipedia.org/wiki/De_Vliert,https://www.transfermarkt.com/fc-den-bosch/stadion/verein/404,transfermarkt fallback: surface mapped
317,"Stadion Feyenoord ""De Kuip""",GRASS,Natural grass,https://www.transfermarkt.com/feyenoord-rotterdam/stadion/verein/234,https://en.wikipedia.org/wiki/De_Kuip,https://www.transfermarkt.com/feyenoord-rotterdam/stadion/verein/234,transfermarkt: surface mapped
230,Stadion GOSiR,GRASS,Natural grass,https://www.transfermarkt.com/arka-gdynia/stadion/verein/6107,https://en.wikipedia.org/wiki/Stadion_Miejski_(Gdynia),https://www.transfermarkt.com/arka-gdynia/stadion/verein/6107,transfermarkt: surface mapped
374,Stadion Juliska,GRASS,Natural grass,https://www.transfermarkt.com/fk-dukla-prag/stadion/verein/450,https://en.wikipedia.org/wiki/Stadion_Juliska,https://www.transfermarkt.com/fk-dukla-prag/stadion/verein/450,transfermarkt: surface mapped
909,Stadion Krommedijk,GRASS,Hybrid grass Contact Address: M-Scores Stadion Krommedijk 210 3300 AZ Dordrecht,https://www.transfermarkt.com/fc-dordrecht/stadion/verein/1455,https://en.wikipedia.org/wiki/Stadion_Krommedijk,https://www.transfermarkt.com/fc-dordrecht/stadion/verein/1455,transfermarkt fallback: surface mapped
379,Stadion Letná,GRASS,Natural grass,https://www.transfermarkt.com/fc-fastav-zlin/stadion/verein/5545,https://en.wikipedia.org/wiki/Letn%C3%A1_Stadion_(Zl%C3%ADn),https://www.transfermarkt.com/fc-fastav-zlin/stadion/verein/5545,transfermarkt: surface mapped
483,Stadion Letzigrund,GRASS,Natural grass,https://www.transfermarkt.com/grasshopper-club-zurich/stadion/verein/504,https://en.wikipedia.org/wiki/Letzigrund,https://www.transfermarkt.com/grasshopper-club-zurich/stadion/verein/504,transfermarkt: surface mapped
804,Stadion MOSiR w Grodzisku Mazowieckim,,,https://www.transfermarkt.com/pogon-grodzisk-mazowiecki/stadion/verein/30998,,https://www.transfermarkt.com/pogon-grodzisk-mazowiecki/stadion/verein/30998,transfermarkt: surface not found
795,Stadion Miejski (Kraków),GRASS,Natural grass,https://www.transfermarkt.com/wisla-krakau/stadion/verein/422,https://en.wikipedia.org/wiki/Henryk_Reyman_Municipal_Stadium,https://www.transfermarkt.com/wisla-krakau/stadion/verein/422,transfermarkt: surface mapped
808,Stadion Miejski w Niepołomicach,GRASS,Natural grass,https://www.transfermarkt.com/puszcza-niepolomice/stadion/verein/28893,,https://www.transfermarkt.com/puszcza-niepolomice/stadion/verein/28893,transfermarkt: surface mapped
803,Stadion Miejski w Opolu,,,https://en.wikipedia.org/wiki/Itaka_Arena,https://en.wikipedia.org/wiki/Itaka_Arena,https://www.transfermarkt.com/odra-opole/stadion/verein/5699,wikipedia: surface not found
809,Stadion Miejski w Rzeszowie,GRASS,Natural grass,https://www.transfermarkt.com/stal-rzeszow/stadion/verein/9510,https://en.wikipedia.org/wiki/Stal_Rzesz%C3%B3w_Municipal_Stadium,https://www.transfermarkt.com/stal-rzeszow/stadion/verein/9510,transfermarkt: surface mapped
805,Stadion Miejski w Siedlcach,GRASS,Natural grass Contact Address: Stadion ROSRRiT ul. Jana Pawła II 6 08-102 Siedl,https://www.transfermarkt.com/pogon-siedlce/stadion/verein/4896,,https://www.transfermarkt.com/pogon-siedlce/stadion/verein/4896,transfermarkt fallback: surface mapped
806,Stadion Polonii Bytom,ARTIFICIAL,Artificial turf Contact Address: Stadion Polonii Bytom Piłkarska 8 41-902 Bytom,https://www.transfermarkt.com/polonia-bytom/stadion/verein/7976,,https://www.transfermarkt.com/polonia-bytom/stadion/verein/7976,transfermarkt fallback: surface mapped
637,Stadion Rođeni,GRASS,Natural grass,https://www.transfermarkt.com/fk-velez-mostar/stadion/verein/628/saison_id/2025,https://en.wikipedia.org/wiki/Stadion_Ro%C4%91eni,https://www.transfermarkt.com/fk-velez-mostar/stadion/verein/628/saison_id/2025,transfermarkt: surface mapped
566,Stadion ViOn,GRASS,Natural grass,https://www.transfermarkt.com/kfc-komarno/stadion/verein/32314,https://en.wikipedia.org/wiki/Mestsk%C3%BD_%C5%A1tadi%C3%B3n_Kom%C3%A1rno,https://www.transfermarkt.com/kfc-komarno/stadion/verein/32314,transfermarkt: surface mapped
877,Stadion an der Bremer Brücke,GRASS,Natural grass,https://www.transfermarkt.com/vfl-osnabruck/stadion/verein/81,https://en.wikipedia.org/wiki/Stadion_an_der_Bremer_Br%C3%BCcke,https://www.transfermarkt.com/vfl-osnabruck/stadion/verein/81,transfermarkt: surface mapped
870,Stadion an der Hafenstraße,GRASS,Natural grass,https://www.transfermarkt.com/rot-weiss-essen/stadion/verein/56,https://en.wikipedia.org/wiki/Stadion_an_der_Hafenstra%C3%9Fe,https://www.transfermarkt.com/rot-weiss-essen/stadion/verein/56,transfermarkt: surface mapped
868,Stadion der Freundschaft,GRASS,Natural grass,https://www.transfermarkt.com/fc-energie-cottbus/stadion/verein/25,https://en.wikipedia.org/wiki/Stadion_der_Freundschaft_(Cottbus),https://www.transfermarkt.com/fc-energie-cottbus/stadion/verein/25,transfermarkt: surface mapped
228,Stadion im. Braci Czachorów,GRASS,Natural grass,https://www.transfermarkt.com/radomiak-radom/stadion/verein/7154,https://en.wikipedia.org/wiki/Stadion_im._Braci_Czachor%C3%B3w,https://www.transfermarkt.com/radomiak-radom/stadion/verein/7154,transfermarkt: surface mapped
802,Stadion im. Orła Białego,GRASS,Natural grass,https://www.transfermarkt.com/miedz-legnica/stadion/verein/8936,https://en.wikipedia.org/wiki/White_Eagle_Municipal_Stadium,https://www.transfermarkt.com/miedz-legnica/stadion/verein/8936,transfermarkt: surface mapped
798,Stadion przy ulicy Rudnowskiej,GRASS,Natural grass Contact Address: Stadion GOS ul. Wita Stwosza 3 67-200 Głogów Pol,https://www.transfermarkt.com/chrobry-glogow/stadion/verein/8377,,https://www.transfermarkt.com/chrobry-glogow/stadion/verein/8377,transfermarkt fallback: surface mapped
793,Stadion Śląski,GRASS,Natural grass,https://www.transfermarkt.com/ruch-chorzow/stadion/verein/318,https://en.wikipedia.org/wiki/Silesian_Stadium,https://www.transfermarkt.com/ruch-chorzow/stadion/verein/318,transfermarkt: surface mapped
755,Stadions Esplanade,ARTIFICIAL,Artificial turf Contact Address: Stadions Esplanade Stadiona iela 1 LV-5403 Dau,https://www.transfermarkt.com/bfc-daugavpils/stadion/verein/28931/saison_id/2025,https://en.wikipedia.org/wiki/Daugavpils,https://www.transfermarkt.com/bfc-daugavpils/stadion/verein/28931/saison_id/2025,transfermarkt fallback: surface mapped
735,Stadionul Selemet,GRASS,Natural grass,https://www.transfermarkt.com/cf-spartanii-selemet/stadion/verein/73711/saison_id/2025,https://en.wikipedia.org/wiki/Selemet,https://www.transfermarkt.com/cf-spartanii-selemet/stadion/verein/73711/saison_id/2025,transfermarkt: surface mapped
743,Stadiumi Flamurtari,GRASS,Natural grass Contact Address: Stadiumi Flamurtari Rruga Mato Robi Vlorë Albani,https://www.transfermarkt.com/flamurtari-fc/stadion/verein/12460/saison_id/2025,https://en.wikipedia.org/wiki/Flamurtari_Stadium,https://www.transfermarkt.com/flamurtari-fc/stadion/verein/12460/saison_id/2025,transfermarkt fallback: surface mapped
745,Stadiumi Vore,ARTIFICIAL,Artificial turf Contact Address: Stadiumi Vore Vorë Albania Pricing information,https://www.transfermarkt.com/kf-vora/stadion/verein/45456/saison_id/2025,https://en.wikipedia.org/wiki/Vor%C3%AB,https://www.transfermarkt.com/kf-vora/stadion/verein/45456/saison_id/2025,transfermarkt fallback: surface mapped
1028,Stangmore Park,GRASS,Natural grass,https://www.transfermarkt.com/dungannon-swifts/stadion/verein/21515/saison_id/2025,https://en.wikipedia.org/wiki/Stangmore_Park,https://www.transfermarkt.com/dungannon-swifts/stadion/verein/21515/saison_id/2025,transfermarkt: surface mapped
1015,Stebonheath Park,GRASS,Natural grass Contact Address: Stebonheath Park Penallt Road SA15 1EY Llanelli,https://www.transfermarkt.com/llanelli-afc/stadion/verein/11915/saison_id/2025,https://en.wikipedia.org/wiki/Stebonheath_Park,https://www.transfermarkt.com/llanelli-afc/stadion/verein/11915/saison_id/2025,transfermarkt fallback: surface mapped
254,Stora Valla,GRASS,Natural grass,https://www.transfermarkt.com/degerfors-if/stadion/verein/3641,https://en.wikipedia.org/wiki/Stora_Valla,https://www.transfermarkt.com/degerfors-if/stadion/verein/3641,transfermarkt: surface mapped
264,Strandvallen,GRASS,Natural grass,https://www.transfermarkt.com/mjallby-aif/stadion/verein/2719,https://en.wikipedia.org/wiki/Strandvallen,https://www.transfermarkt.com/mjallby-aif/stadion/verein/2719,transfermarkt: surface mapped
986,Suva Reka City Stadium,ARTIFICIAL,Artificial turf Contact Address: Stadiumi i qytetit të Suharekës Brigada 123 23,https://www.transfermarkt.com/kf-ballkani/stadion/verein/28082,https://en.wikipedia.org/wiki/FC_Ballkani,https://www.transfermarkt.com/kf-ballkani/stadion/verein/28082,transfermarkt fallback: surface mapped
712,Ta' Qali National Stadium,GRASS,GrassMaster,https://en.wikipedia.org/wiki/Ta%27_Qali_National_Stadium,https://en.wikipedia.org/wiki/Ta%27_Qali_National_Stadium,https://www.transfermarkt.com/zabbar-st-patrick/stadion/verein/35832/saison_id/2025,wikipedia: surface mapped
950,Tajonar,GRASS,Natural grass,https://www.transfermarkt.com/ca-osasuna-b/stadion/verein/8516,https://en.wikipedia.org/wiki/Tajonar_Facilities,https://www.transfermarkt.com/ca-osasuna-b/stadion/verein/8516,transfermarkt: surface mapped
576,Tallaght Stadium,GRASS,Natural grass,https://www.transfermarkt.com/shamrock-rovers/stadion/verein/3258,https://en.wikipedia.org/wiki/Tallaght_Stadium,https://www.transfermarkt.com/shamrock-rovers/stadion/verein/3258,transfermarkt: surface mapped
770,Tamme Staadion,,,https://en.wikipedia.org/wiki/Tartu,https://en.wikipedia.org/wiki/Tartu,https://www.transfermarkt.com/jalgpallikool-tammeka/stadion/verein/43214/saison_id/2025,wikipedia: surface not found
794,Tarczyński Arena,GRASS,Natural grass,https://www.transfermarkt.com/slask-wroclaw/stadion/verein/759,https://en.wikipedia.org/wiki/Wroc%C5%82aw_Stadium,https://www.transfermarkt.com/slask-wroclaw/stadion/verein/759,transfermarkt: surface mapped
995,Teddy Stadium,GRASS,Natural grass Contact Address: Teddy-Kollek-Stadion Jerusalem Israel Home groun,https://www.transfermarkt.com/hapoel-jerusalem/stadion/verein/43119,https://en.wikipedia.org/wiki/Teddy_Stadium,https://www.transfermarkt.com/hapoel-jerusalem/stadion/verein/43119,transfermarkt fallback: surface mapped
855,Tengiz Burjanadze Stadium,GRASS,Natural grass Contact Address: Tengiz Burjanadze Stadium Gori Georgia Pricing i,https://www.transfermarkt.com/fc-dila-gori/stadion/verein/32017,https://en.wikipedia.org/wiki/Tengiz_Burjanadze_Stadium,https://www.transfermarkt.com/fc-dila-gori/stadion/verein/32017,transfermarkt fallback: surface mapped
700,Terrain ZAC Klengbousbierg,GRASS,Natural grass Contact Address: Terrain ZAC Klengbousbierg ZAC Klengbousbierg 77,https://www.transfermarkt.com/fc-atert-bissen/stadion/verein/21640/saison_id/2025,https://en.wikipedia.org/wiki/Bissen,https://www.transfermarkt.com/fc-atert-bissen/stadion/verein/21640/saison_id/2025,transfermarkt fallback: surface mapped
1008,The Oval,GRASS,Natural grass Contact Address: The Oval Marcus Street LL55 2HT Caernarfon Wales,https://www.transfermarkt.com/caernarfon-town/stadion/verein/22461/saison_id/2025,"https://en.wikipedia.org/wiki/The_Oval,_Caernarfon",https://www.transfermarkt.com/caernarfon-town/stadion/verein/22461/saison_id/2025,transfermarkt fallback: surface mapped
1018,The Oval,GRASS,Natural grass,https://www.transfermarkt.com/glentoran-fc/stadion/verein/9026/saison_id/2025,https://en.wikipedia.org/wiki/The_Oval_(Belfast),https://www.transfermarkt.com/glentoran-fc/stadion/verein/9026/saison_id/2025,transfermarkt: surface mapped
585,The RSC,GRASS,Natural grass,https://www.transfermarkt.com/fc-waterford/stadion/verein/7609,https://en.wikipedia.org/wiki/Waterford_Regional_Sports_Centre,https://www.transfermarkt.com/fc-waterford/stadion/verein/7609,transfermarkt: surface mapped
1022,The Showgrounds,GRASS,Hybrid grass,https://www.transfermarkt.com/coleraine-fc/stadion/verein/3831/saison_id/2025,https://en.wikipedia.org/wiki/The_Showgrounds_(Coleraine),https://www.transfermarkt.com/coleraine-fc/stadion/verein/3831/saison_id/2025,transfermarkt: surface mapped
781,Timsah Arena,GRASS,GrassMaster hybrid grass,https://en.wikipedia.org/wiki/Centennial_Atat%C3%BCrk_Stadium,https://en.wikipedia.org/wiki/Centennial_Atat%C3%BCrk_Stadium,,wikipedia: surface mapped
389,Tivoli Stadion Tirol,GRASS,Natural grass,https://www.transfermarkt.com/wsg-tirol/stadion/verein/2446,https://en.wikipedia.org/wiki/Tivoli_Stadion_Tirol,https://www.transfermarkt.com/wsg-tirol/stadion/verein/2446,transfermarkt: surface mapped
849,Tofiq Bahramov Stadium,GRASS,"Natural grass Contact Address: Azersun Arena Yeni Suraxanı, Baku Azerbaijan Tel",https://www.transfermarkt.com/qarabag-fk/stadion/verein/10625,https://en.wikipedia.org/wiki/Tofiq_Bahramov_Republican_Stadium,https://www.transfermarkt.com/qarabag-fk/stadion/verein/10625,transfermarkt fallback: surface mapped
577,Tolka Park,GRASS,"Natural grass Contact Address: Tolka Park Richmond Road D03 A6K6 Drumcondra, Du",https://www.transfermarkt.com/shelbourne-fc/stadion/verein/3909,https://en.wikipedia.org/wiki/Tolka_Park,https://www.transfermarkt.com/shelbourne-fc/stadion/verein/3909,transfermarkt fallback: surface mapped
98,Tonino D'Angelo,ARTIFICIAL,Artificial turf,https://www.transfermarkt.com/asd-team-altamura/stadion/verein/22408/saison_id/2025,,https://www.transfermarkt.com/asd-team-altamura/stadion/verein/22408/saison_id/2025,transfermarkt: surface mapped
833,Torpedo Stadium,GRASS,Natural grass,https://www.transfermarkt.com/torpedo-belaz-zhodino/stadion/verein/7964,https://en.wikipedia.org/wiki/Torpedo_Stadium_(Zhodino),https://www.transfermarkt.com/torpedo-belaz-zhodino/stadion/verein/7964,transfermarkt: surface mapped
589,Toughsheet Community Stadium,GRASS,Hybrid grass,https://www.transfermarkt.com/bolton-wanderers/stadion/verein/355,https://en.wikipedia.org/wiki/Toughsheet_Community_Stadium,https://www.transfermarkt.com/bolton-wanderers/stadion/verein/355,transfermarkt: surface mapped
853,Tovuz City Stadium,GRASS,Natural grass Contact Address: Tovuz City Stadium Tovuz Azerbaijan Pricing info,https://www.transfermarkt.com/turan-tovuz/stadion/verein/9526,https://en.wikipedia.org/wiki/Tovuz_City_Stadium,https://www.transfermarkt.com/turan-tovuz/stadion/verein/9526,transfermarkt fallback: surface mapped
613,Tsentralnyi Polissya,GRASS,Natural grass Contact Address: Tsentralnyi Polissya Zhytomyr Ukraine Pricing in,https://www.transfermarkt.com/metalist-1925-charkiw/stadion/verein/55686/saison_id/2025,https://en.wikipedia.org/wiki/Tsentralnyi_Stadium_(Zhytomyr),https://www.transfermarkt.com/metalist-1925-charkiw/stadion/verein/55686/saison_id/2025,transfermarkt fallback: surface mapped
861,Tskaltubo Central Stadium,GRASS,Natural grass Contact Address: Tskaltubo Stadium 26 Maisi Str. 5400 Tskaltubo G,https://www.transfermarkt.com/fc-samgurali-tskaltubo/stadion/verein/29675,,https://www.transfermarkt.com/fc-samgurali-tskaltubo/stadion/verein/29675,transfermarkt fallback: surface mapped
105,Tullio Saleri,GRASS,Natural grass,https://www.transfermarkt.com/fc-lumezzane/stadion/verein/4103/saison_id/2025,https://en.wikipedia.org/wiki/Stadio_Tullio_Saleri,https://www.transfermarkt.com/fc-lumezzane/stadion/verein/4103/saison_id/2025,transfermarkt: surface mapped
82,Tullo Morgagni,GRASS,Natural grass,https://www.transfermarkt.com/forli-fc/stadion/verein/9816/saison_id/2025,https://en.wikipedia.org/wiki/Stadio_Tullo_Morgagni,https://www.transfermarkt.com/forli-fc/stadion/verein/9816/saison_id/2025,transfermarkt: surface mapped
307,Turka Araç Muayene Kocaeli Stadyumu,GRASS,Natural grass,https://www.transfermarkt.com/kocaelispor/stadion/verein/120,https://en.wikipedia.org/wiki/Kocaeli_Stadium,https://www.transfermarkt.com/kocaelispor/stadion/verein/120,transfermarkt: surface mapped
998,Turner Stadium,GRASS,Natural grass Contact Address: Toto Jacob Turner Stadium Etsel St. 6 Beer Sheva,https://www.transfermarkt.com/hapoel-beer-sheva/stadion/verein/2976,https://en.wikipedia.org/wiki/Turner_Stadium,https://www.transfermarkt.com/hapoel-beer-sheva/stadion/verein/2976,transfermarkt fallback: surface mapped
799,Tychy City Stadium,GRASS,Natural grass,https://www.transfermarkt.com/gks-tychy/stadion/verein/1750,https://en.wikipedia.org/wiki/Tychy_Municipal_Stadium,https://www.transfermarkt.com/gks-tychy/stadion/verein/1750,transfermarkt: surface mapped
68,U-Power Stadium,GRASS,Natural grass,https://www.transfermarkt.com/inter-mailand-weitere/stadion/verein/41119/saison_id/2025,https://it.wikipedia.org/wiki/Stadio_Brianteo,https://www.transfermarkt.com/inter-mailand-weitere/stadion/verein/41119/saison_id/2025,transfermarkt: surface mapped
434,UD Almería Stadium,GRASS,Natural grass,https://www.transfermarkt.com/ud-almeria/stadion/verein/3302,https://en.wikipedia.org/wiki/Power_Horse_Stadium,https://www.transfermarkt.com/ud-almeria/stadion/verein/3302,transfermarkt: surface mapped
984,Urartu Stadium,GRASS,Natural grass,https://www.transfermarkt.com/fc-urartu-erewan/stadion/verein/11411,https://en.wikipedia.org/wiki/Urartu_Stadium,https://www.transfermarkt.com/fc-urartu-erewan/stadion/verein/11411,transfermarkt: surface mapped
816,VEB Arena,GRASS,Natural grass,https://www.transfermarkt.com/cska-moscow/stadion/verein/2410,https://en.wikipedia.org/wiki/VEB_Arena,https://www.transfermarkt.com/cska-moscow/stadion/verein/2410,transfermarkt: surface mapped
818,VTB Arena,GRASS,Natural grass,https://www.transfermarkt.com/dynamo-moscow/stadion/verein/121,https://en.wikipedia.org/wiki/VTB_Arena,https://www.transfermarkt.com/dynamo-moscow/stadion/verein/121,transfermarkt: surface mapped
465,Vejle Stadion,GRASS,Natural grass,https://www.transfermarkt.com/vejle-boldklub/stadion/verein/443,https://en.wikipedia.org/wiki/Vejle_Stadium,https://www.transfermarkt.com/vejle-boldklub/stadion/verein/443,transfermarkt: surface mapped
432,Veltins-Arena,GRASS,Natural grass,https://www.transfermarkt.com/fc-schalke-04/stadion/verein/33,https://en.wikipedia.org/wiki/Arena_AufSchalke,https://www.transfermarkt.com/fc-schalke-04/stadion/verein/33,transfermarkt: surface mapped
829,Vitebsky CSK,GRASS,Natural grass Contact Address: CSK Vitebskiy Vitebsk Belarus Pricing informatio,https://www.transfermarkt.com/fk-vitebsk/stadion/verein/17959,https://en.wikipedia.org/wiki/Vitebsky_Central_Sport_Complex,https://www.transfermarkt.com/fk-vitebsk/stadion/verein/17959,transfermarkt fallback: surface mapped
212,Volksparkstadion,GRASS,Hybrid grass,https://www.transfermarkt.com/hamburger-sv/stadion/verein/41,https://en.wikipedia.org/wiki/Volksparkstadion,https://www.transfermarkt.com/hamburger-sv/stadion/verein/41,transfermarkt: surface mapped
882,WIRmachenDRUCK Arena,GRASS,Natural grass,https://www.transfermarkt.com/vfb-stuttgart-ii/stadion/verein/102,https://en.wikipedia.org/wiki/WIRmachenDRUCK_Arena,https://www.transfermarkt.com/vfb-stuttgart-ii/stadion/verein/102,transfermarkt: surface mapped
777,Wembley Stadium,,,https://en.wikipedia.org/wiki/Wembley_Stadium,https://en.wikipedia.org/wiki/Wembley_Stadium,,wikipedia error: 403 Client Error: Too many requests. Please respect our robot policy https://w.wiki/4wJS. (dd12474) for url: https://en.wikipedia.org/wiki/Wembley_Stadium
601,Weston Homes Stadium,GRASS,Natural grass,https://www.transfermarkt.com/peterborough-united/stadion/verein/1072,https://en.wikipedia.org/wiki/London_Road_Stadium,https://www.transfermarkt.com/peterborough-united/stadion/verein/1072,transfermarkt: surface mapped
631,Wiklöf Holding Arena,GRASS,Natural grass,https://www.transfermarkt.com/ifk-mariehamn/stadion/verein/6017/saison_id/2025,https://en.wikipedia.org/wiki/Wikl%C3%B6f_Holding_Arena,https://www.transfermarkt.com/ifk-mariehamn/stadion/verein/6017/saison_id/2025,transfermarkt: surface mapped
881,Willy-Sachs-Stadion,GRASS,Hybrid grass,https://www.transfermarkt.com/1-fc-schweinfurt-05/stadion/verein/103,https://en.wikipedia.org/wiki/Sachs-Stadion,https://www.transfermarkt.com/1-fc-schweinfurt-05/stadion/verein/103,transfermarkt: surface mapped
787,Windsor Park,GRASS,Natural grass,https://www.transfermarkt.com/linfield-fc/stadion/verein/3471/saison_id/2025,https://en.wikipedia.org/wiki/Windsor_Park,https://www.transfermarkt.com/linfield-fc/stadion/verein/3471/saison_id/2025,transfermarkt: surface mapped
801,Władysław Król Stadium,GRASS,Natural grass,https://www.transfermarkt.com/lks-lodz/stadion/verein/256,https://en.wikipedia.org/wiki/W%C5%82adys%C5%82aw_Kr%C3%B3l_Municipal_Stadium,https://www.transfermarkt.com/lks-lodz/stadion/verein/256,transfermarkt: surface mapped
905,Yanmar Stadion,GRASS,Natural grass Contact Address: Yanmar Stadion Competitieweg 20 1318 EA Almere N,https://www.transfermarkt.com/almere-city-fc/stadion/verein/723,https://en.wikipedia.org/wiki/Yanmar_Stadion,https://www.transfermarkt.com/almere-city-fc/stadion/verein/723,transfermarkt fallback: surface mapped
784,Yeni Ankara Stadyumu,GRASS,Grass,https://en.wikipedia.org/wiki/New_Ankara_Stadium,https://en.wikipedia.org/wiki/New_Ankara_Stadium,,wikipedia: surface mapped
782,Yeni Eskişehir Stadyumu,,,https://en.wikipedia.org/wiki/New_Eski%C5%9Fehir_Stadium,https://en.wikipedia.org/wiki/New_Eski%C5%9Fehir_Stadium,,wikipedia: surface not found
980,Yerevan Football Academy Stadium,GRASS,Natural grass Contact Address: Avan Academy Stadium Yerevan Armenia Home ground,https://www.transfermarkt.com/zska-erewan/stadion/verein/46507,https://en.wikipedia.org/wiki/Yerevan_Football_Academy_Stadium,https://www.transfermarkt.com/zska-erewan/stadion/verein/46507,transfermarkt fallback: surface mapped
847,Yevlakh City Stadium,ARTIFICIAL,Artificial turf Contact Address: Yevlakh City Stadium Yevlakh Azerbaijan Pricin,https://www.transfermarkt.com/karvan-yevlakh/stadion/verein/9796,https://en.wikipedia.org/wiki/Yevlakh_City_Stadium,https://www.transfermarkt.com/karvan-yevlakh/stadion/verein/9796,transfermarkt fallback: surface mapped
997,Yud-Alef Stadium,GRASS,Natural grass Contact Address: Yud-Alef Stadion HaHistadrut St 6 77401 Ashdod I,https://www.transfermarkt.com/fc-ashdod/stadion/verein/6105,https://en.wikipedia.org/wiki/Yud-Alef_Stadium,https://www.transfermarkt.com/fc-ashdod/stadion/verein/6105,transfermarkt fallback: surface mapped
834,Yunost Stadium,GRASS,Natural grass,https://www.transfermarkt.com/slavia-mozyr/stadion/verein/6423,https://en.wikipedia.org/wiki/Yunost_Stadium_(Mazyr),https://www.transfermarkt.com/slavia-mozyr/stadion/verein/6423,transfermarkt: surface mapped
1062,Yusuf Ziya Öniş Stadium,GRASS,"Natural grass Contact Address: Yusuf Ziya Öniş Stadyumu Maden Mahallesi, Nalban",https://www.transfermarkt.com/sariyer/stadion/verein/518/saison_id/2025,https://en.wikipedia.org/wiki/Yusuf_Ziya_Öniş_Stadium,https://www.transfermarkt.com/sariyer/stadion/verein/518/saison_id/2025,transfermarkt fallback: surface mapped
518,ZTE-Aréna,,,https://en.wikipedia.org/wiki/ZTE_Arena,https://en.wikipedia.org/wiki/ZTE_Arena,https://www.transfermarkt.com/zalaegerszegi-te-fc/stadion/verein/1391,wikipedia: surface not found
991,Zahir Pajaziti Stadium,GRASS,Natural grass,https://www.transfermarkt.com/fc-llapi/stadion/verein/33206,https://en.wikipedia.org/wiki/Zahir_Pajaziti_Stadium,https://www.transfermarkt.com/fc-llapi/stadion/verein/33206,transfermarkt: surface mapped
756,Zemgales Olimpiskais centrs,GRASS,Natural grass,https://www.transfermarkt.com/fk-jelgava/stadion/verein/27118/saison_id/2025,https://en.wikipedia.org/wiki/Zemgale_Olympic_Center,https://www.transfermarkt.com/fk-jelgava/stadion/verein/27118/saison_id/2025,transfermarkt: surface mapped
854,Zira Olympic Sport Complex,GRASS,Natural grass Contact Address: Zira Olympic Sport Complex Stadium Zira Azerbaij,https://www.transfermarkt.com/zira-fk/stadion/verein/46710,https://en.wikipedia.org/wiki/Zira_Olympic_Sport_Complex_Stadium,https://www.transfermarkt.com/zira-fk/stadion/verein/46710,transfermarkt fallback: surface mapped
812,Znicz Stadium,,,https://www.transfermarkt.com/znicz-pruszkow/stadion/verein/9109,,https://www.transfermarkt.com/znicz-pruszkow/stadion/verein/9109,transfermarkt: surface not found
74,Zugni Tauro,,,https://www.transfermarkt.com/dolomiti-bellunesi/stadion/verein/91510/saison_id/2025,,https://www.transfermarkt.com/dolomiti-bellunesi/stadion/verein/91510/saison_id/2025,transfermarkt: surface not found
487,kybunpark,GRASS,Hybrid grass,https://www.transfermarkt.com/fc-st-gallen-1879/stadion/verein/257,https://en.wikipedia.org/wiki/Kybunpark,https://www.transfermarkt.com/fc-st-gallen-1879/stadion/verein/257,transfermarkt: surface mapped
297,Çaykur Didi,GRASS,Hybrid grass,https://www.transfermarkt.com/caykur-rizespor/stadion/verein/126,https://en.wikipedia.org/wiki/Rize_City_Stadium,https://www.transfermarkt.com/caykur-rizespor/stadion/verein/126,transfermarkt: surface mapped
