name,capacity,address,year_of_construction,city,owner_raw,ownership,slug,stadium_type,surface,architect,latitude,longitude
Giuseppe Meazza,75923,"Piazzale Angelo Moratti, 20151",1926,Milan,AC Milan (1926–1935) City of Milan (1935–2025) AC Milan & Inter Milan (2025–present),MIXED,giuseppe-meazza,OPEN,HYBRID,"Cugini, Stacchini",45.478060,9.123890
Allianz Stadium,41507,"Corso Gaetano Scirea 50, 10151",2011,Turin,Juventus Football Club S.p.A.,PRIVATE,allianz-stadium,OPEN,GRASS,Hernando Suárez,45.109440,7.641110
Olimpico Grande Torino,28177,"Turin , Italy",1933,Turin,City of Turin (1933–present),PUBLIC,olimpico-grande-torino,OPEN,GRASS,"Raffaello Fagnoni, Enrico Bianchini, Dagoberto Ortensi",45.041670,7.650000
Olimpico di Roma,70634,Viale dello Stadio Olimpico Rome Italy,1937,Rome,Sport e Salute [ 1 ] [ 2 ],PUBLIC,olimpico-di-roma,OPEN,GRASS,Enrico Del Debbio,41.933890,12.454720
Diego Armando Maradona,54726,"Naples , Campania , Italy",1959,Naples,Comune di Napoli,PUBLIC,diego-armando-maradona,OPEN,GRASS,"Carlo Cocchia, Luigi Corradi",40.828000,14.193000
New Balance Arena - Bergamo,24950,"Bergamo , Italy",1928,Bergamo,Stadio Atalanta S.r.l.,PRIVATE,new-balance-arena-bergamo,OPEN,HYBRID,,45.708890,9.680830
Stadio Renato Dall’Ara,36462,"Bologna , Italy",1927,Bologna,Bologna Football Club 1909 Bologna City Council,MIXED,stadio-renato-dallara,OPEN,GRASS,,44.492220,11.309720
Artemio Franchi,43147,"Florence , Italy",1930,Florence,Municipality of Florence,PUBLIC,artemio-franchi,OPEN,GRASS,Pier Luigi Nervi,43.780830,11.282220
Luigi Ferraris,33205,"Via Giovanni De Prà 1, Genoa , Italy",1911,Genoa,Municipality of Genoa,PUBLIC,luigi-ferraris,OPEN,GRASS,Vittorio Gregotti,44.416390,8.952500
Ettore Giardiniero,31559,"Lecce , Italy",1966,Lecce,Municipality of Lecce,PUBLIC,ettore-giardiniero,OPEN,GRASS,,40.365280,18.208890
Bluenergy Stadium,25144,"Udine , Friuli-Venezia Giulia, Italy",1976,Udine,Udinese Calcio,PRIVATE,bluenergy-stadium,OPEN,HYBRID,Lorenzo Giacomuzzi Moore,46.081600,13.200100
Marcantonio Bentegodi,39211,"Verona , Italy",1963,Verona,Municipality of Verona,PUBLIC,marcantonio-bentegodi,OPEN,GRASS,,45.435280,10.968610
Mapei Stadium - Città del Tricolore,21584,"P.le Atleti Azzurri d'Italia, 1 42122 Reggio Emilia (RE)",1995,Reggio Emilia,Mapei S.p.A.,PRIVATE,mapei-stadium-citta-del-tricolore,OPEN,GRASS,,44.714720,10.649720
Alberto Picco,12273,"La Spezia , Italy",1919,La Spezia,Municipality of La Spezia,PUBLIC,alberto-picco,OPEN,GRASS,Gregotti and associates,44.102220,9.808610
Giovanni Zini,16003,"Cremona , Italy",1929,Cremona,Cremonese,PRIVATE,giovanni-zini,OPEN,GRASS,,45.140280,10.034720
Benito Stirpe,16227,"Viale Olimpia, Frosinone , Italy",1974,Frosinone,Frosinone Calcio,PRIVATE,benito-stirpe,OPEN,GRASS,,41.634170,13.321940
Ennio Tardini,22352,"Viale Partigiani d'Italia, 1 43123 Parma , Italy",1923,Parma,Municipality of Parma,PUBLIC,ennio-tardini,OPEN,GRASS,Ettore Leoni,44.795000,10.338330
Unipol Domus,16416,"Cagliari , Italy",2017,Cagliari,Municipality of Cagliari,PUBLIC,unipol-domus,OPEN,GRASS,,39.199394,9.134953
Cetilar® Arena,12508,"Pisa , Italy",1919,Pisa,Municipality of Pisa,PUBLIC,cetilar-arena,OPEN,GRASS,,43.725280,10.400000
Pier Luigi Penzo,12048,"Sant'Elena , Venice , Italy",1913,Venice,Municipality of Venice,PUBLIC,pier-luigi-penzo,OPEN,GRASS,,45.427780,12.363610
San Vito-Luigi Marulla,24479,"Cosenza , Italy",1963,Cosenza,Municipality of Cosenza,PUBLIC,san-vito-luigi-marulla,OPEN,GRASS,,39.310000,16.231110
"Comunale Renzo Barbera ""La Favorita""",36365,"Palermo , Italy",1932,Palermo,Municipality of Palermo,PUBLIC,comunale-renzo-barbera-la-favorita,OPEN,GRASS,,38.152767,13.342275
Nicola Ceravolo,14650,"Catanzaro , Italy",1919,Catanzaro,Municipality of Catanzaro,PUBLIC,nicola-ceravolo,OPEN,GRASS,,38.919697,16.587770
San Nicola,58270,"Bari , Italy",1990,Bari,Municipality of Bari,PUBLIC,san-nicola,OPEN,GRASS,,41.084736,16.840072
Carlo Castellani,19847,Via della Maratona,1965,Empoli,Municipality of Empoli,PUBLIC,carlo-castellani,OPEN,GRASS,,43.726390,10.955000
Alberto Braglia,21151,"Modena , Italy",1937,Modena,Municipality of Modena,PUBLIC,alberto-braglia,OPEN,HYBRID,,44.653610,10.923330
Orogel Stadium - Dino Manuzzi,23860,"Cesena , Italy",1957,Cesena,Municipality of Cesena,PUBLIC,orogel-stadium-dino-manuzzi,OPEN,ARTIFICIAL,,44.140560,12.261940
Danilo Martelli,11219,"Mantua , Italy",1949,Mantua,Municipality of Mantua,PUBLIC,danilo-martelli,OPEN,GRASS,,45.146110,10.794170
Stadio dei Marmi,5587,Carrara,1955,Carrara,Comune di Carrara,PUBLIC,comunale-dei-marmi,OPEN,ARTIFICIAL,,44.065328,10.076805
Partenio-Adriano Lombardi,11688,"Avellino , Italy",1970,Avellino,Municipality of Avellino,PUBLIC,partenio-adriano-lombardi,OPEN,GRASS,,40.926940,14.792500
Adriatico,20476,Viale Vittorio Pepe Pescara Italy,1955,Pescara,Comune of Pescara,PUBLIC,adriatico,OPEN,GRASS,Luigi Piccinato,42.455000,14.230000
Druso,5500,"Bolzano , Italy",1936,Bolzano,Comune di Bolzano,PUBLIC,druso,OPEN,GRASS,,46.492000,11.346000
Euganeo,11671,"Padua , Italy",1994,Padua,Municipality of Padua,PUBLIC,euganeo,OPEN,GRASS,,45.432220,11.858330
Enrico Sannazzari,5535,"Chiavari , Italy",1933,Chiavari,City of Chiavari,PUBLIC,enrico-sannazzari,OPEN,ARTIFICIAL,,44.315560,9.337220
U-Power Stadium,18568,,1988,Monza,Comune di Monza + concession to Monza until 2062,MIXED,u-power-stadium,OPEN,GRASS,,45.582778,9.308056
Romeo Menti,13173,"Vicenza , Italy",1935,Vicenza,Municipality of Vicenza,PUBLIC,romeo-menti,OPEN,GRASS,,45.544170,11.555560
Mario Rigamonti,23072,"Brescia , Italy",1959,Brescia,Municipality of Brescia,PUBLIC,mario-rigamonti,OPEN,GRASS,,45.570560,10.236940
Piercesare Tombolato,7623,"Cittadella , Italy",1981,Cittadella,Municipality of Cittadella,PUBLIC,piercesare-tombolato,OPEN,GRASS,,45.642780,11.781110
Rigamonti-Ceppi,4997,"Lecco , Italy",1922,Lecco,Municipality of Lecco,PUBLIC,rigamonti-ceppi,OPEN,GRASS,,45.857780,9.398890
Briamasco,4200,"Via Roberto da Sanseverino 41, 38122",1922,Trento,Comune di Trento,PUBLIC,briamasco,OPEN,GRASS,,46.064211,11.114314
Zugni Tauro,1766,"Via Negrelli 5, Feltre (BL)",1910,Belluno,Comune di Feltre,PUBLIC,zugni-tauro,OPEN,GRASS,,46.021917,11.903056
Stadio Breda,3500,,1939,Milan,,PUBLIC,stadio-breda,OPEN,GRASS,,45.533132,9.218962
Giuseppe Moccagatta,5827,"Alessandria , Italy",1929,Alessandria,Municipality of Alessandria,PUBLIC,giuseppe-moccagatta,OPEN,GRASS,,44.920000,8.616940
Città di Arezzo,13128,"Arezzo , Tuscany , Italy",1961,Arezzo,Municipality of Arezzo,PUBLIC,citta-di-arezzo,OPEN,GRASS,,43.451110,11.894440
Cino e Lillo Del Duca,20550,"Ascoli Piceno , Italy",1962,Ascoli Piceno,Municipality of Ascoli Piceno,PUBLIC,cino-e-lillo-del-duca,OPEN,GRASS,,42.861110,13.594170
Libero Liberati,14995,"Terni , Italy",1969,Terni,Municipality of Terni,PUBLIC,libero-liberati,OPEN,GRASS,,42.562220,12.635280
Bruno Benelli,12020,"Ravenna , Italy",1966,Ravenna,Municipality of Ravenna,PUBLIC,bruno-benelli,OPEN,GRASS,,44.406390,12.194720
Renato Curi,28000,"Perugia , Italy",1975,Perugia,Municipality of Perugia,PUBLIC,renato-curi,OPEN,GRASS,Luigi Corradi,43.106110,12.357220
Tullo Morgagni,3466,,1923,Forlì,,PUBLIC,tullo-morgagni,OPEN,GRASS,,44.213582,12.057848
Ettore Mannucci,4014,"Pontedera , Italy",,Pontedera,Comune di Pontedera,PUBLIC,ettore-mannucci,OPEN,ARTIFICIAL,,43.669170,10.644170
Comunale di Caravaggio,2180,,1974,"Caravaggio, Lombardy",,PUBLIC,comunale-di-caravaggio,OPEN,GRASS,,45.500458,9.635410
Ciro Vigorito,16867,"Benevento , Italy",1979,Benevento,Comune of Benevento,PUBLIC,ciro-vigorito,OPEN,GRASS,,41.116390,14.781110
Arechi,29739,Piazzale Gipo Viani,1990,Salerno,Municipality of Salerno,PUBLIC,arechi,OPEN,GRASS,,40.645000,14.823890
Cibali - Angelo Massimino,20881,"Catania , Italy",1937,Catania,Municipality of Catania,PUBLIC,cibali-angelo-massimino,OPEN,GRASS,,37.515830,15.071390
Alberto Pinto,6817,"Caserta , Italy",1936,Caserta,Municipality of Caserta,PUBLIC,alberto-pinto,OPEN,ARTIFICIAL,,41.074517,14.346500
Alfredo Viviani,5500,"Potenza , Italy",,Potenza,Municipality of Potenza,PUBLIC,alfredo-viviani,OPEN,GRASS,,40.634133,15.804317
Stadio Giuseppe Capozza,6200,,1956,Casarano,,PUBLIC,stadio-giuseppe-capozza,OPEN,GRASS,,40.014573,18.155421
Ezio Scida,11780,"Crotone , Italy",1945,Crotone,Municipality of Crotone,PUBLIC,ezio-scida,OPEN,GRASS,,39.079170,17.116670
Pino Zaccheria,14530,"Foggia , Italy",1925,Foggia,Municipality of Foggia,PUBLIC,pino-zaccheria,OPEN,GRASS,,41.454440,15.542500
Alberto De Cristofaro,6045,,2000,Giugliano in Campania,,PUBLIC,alberto-de-cristofaro,OPEN,ARTIFICIAL,,40.927438,14.172155
Polisportivo Provinciale,7148,"Erice , Italy",1960,Trapani,Province of Trapani,PUBLIC,polisportivo-provinciale,OPEN,ARTIFICIAL,,38.028330,12.545830
Domenico Francioni,9310,"Latina, Lazio , Italy",1932,"Latina, Lazio",comunale of Latina,PUBLIC,domenico-francioni,OPEN,GRASS,,41.463610,12.898890
Vito Simone Veneziani,4177,"Monopoli , Italy",,Monopoli,Municipality of Monopoli,PUBLIC,vito-simone-veneziani,OPEN,GRASS,,40.957100,17.293700
Domenico Monterisi,7453,,1932,Cerignola,,PUBLIC,domenico-monterisi,OPEN,GRASS,,41.266445,15.889008
Tonino D'Angelo,3500,,,Altamura,,PUBLIC,tonino-dangelo,OPEN,ARTIFICIAL,,40.836773,16.557691
Simonetta Lamberti,5200,"Cava de' Tirreni , Italy",1960,Cava de' Tirreni,Municipality of Cava de' Tirreni,PUBLIC,simonetta-lamberti,OPEN,GRASS,,40.709720,14.702500
Donato Curcio,1600,,2008,Picerno,,PUBLIC,donato-curcio,OPEN,ARTIFICIAL,,40.641249,15.645695
Alfredo Viviani,5500,"Via Aniello Califano, 7 80067, Sorrento , Campania , Italy",1950,Sorrento,Comune di Sorrento,PUBLIC,alfredo-viviani-2,OPEN,ARTIFICIAL,,40.629791,14.383732
Nicola De Simone,4500,"Syracuse, Sicily",1932,"Syracuse, Sicily",Comune di Siracusa,PUBLIC,nicola-de-simone,OPEN,GRASS,Raffaele Leone,37.074300,15.291300
Silvio Piola,5526,"Vercelli , Italy",1932,Vercelli,Municipality of Vercelli,PUBLIC,silvio-piola,OPEN,ARTIFICIAL,,45.319720,8.421110
Silvio Piola,17875,"Novara , Italy",1976,Novara,Municipality of Novara,PUBLIC,silvio-piola-2,OPEN,ARTIFICIAL,,45.435830,8.595830
Tullio Saleri,4150,,1988,Lumezzane,Comune di Lumezzane + managed by FC Lumezzane,MIXED,tullio-saleri,OPEN,GRASS,,45.654720,10.236110
Città di Meda - Mino Favini,2500,,,Meda,,PUBLIC,citta-di-meda-mino-favini,OPEN,GRASS,,45.654368,9.148798
Gavagnin-Nocini,1500,,,Verona,,PUBLIC,gavagnin-nocini,OPEN,GRASS,,45.438642,11.015067
Comunale Città di Gorgonzola,3766,"Gorgonzola , Italy",1909,Gorgonzola,Comune of Gorgonzola,PUBLIC,comunale-citta-di-gorgonzola,OPEN,GRASS,,45.528778,9.401940
AlbinoLeffe Stadium,1791,,2021,"Leffe, Lombardy",U.C. AlbinoLeffe,PRIVATE,albinoleffe-stadium,OPEN,GRASS,,45.632558,9.675308
Dal Molin,1340,,,Arzignano,,PUBLIC,dal-molin,OPEN,GRASS,,45.519056,11.324125
Carlo Speroni,5867,,1927,Busto Arsizio,Comune di Busto Arsizio,PUBLIC,carlo-speroni,OPEN,GRASS,,45.613508,8.880758
Comunale Gino Corioni,9000,,,Ospitaletto,Comune di Ospitaletto,PUBLIC,comunale-gino-corioni,OPEN,GRASS,,45.558200,10.065800
Giuseppe Voltini,4100,"Viale Alcide De Gasperi, 67 26013 Crema (CR)",1932,"Crema, Lombardy",Comune di Crema,PUBLIC,giuseppe-voltini,OPEN,GRASS,,45.357778,9.675556
Nereo Rocco,28565,"Via dei Macelli 5, Trieste , Italy",1992,Trieste,Municipality of Trieste,PUBLIC,nereo-rocco,OPEN,GRASS,,45.622500,13.792780
Armando Picchi,19238,"Ardenza, Livorno , Italy",1935,Livorno,Comune di Livorno,PUBLIC,armando-picchi,OPEN,GRASS,Raffaello Brizzi,43.526670,10.314170
Tonino Benelli,4898,"Pesaro , Italy",1927,Pesaro,Commune of Pesaro,PUBLIC,tonino-benelli,OPEN,GRASS,,43.899600,12.905500
Stadio Città dell’Aria,2900,,,Guidonia Montecelio,,PUBLIC,stadio-citta-dellaria,OPEN,ARTIFICIAL,,42.001550,12.726261
Riviera delle Palme,13683,"San Benedetto del Tronto , Italy",1985,San Benedetto del Tronto,Municipality of San Bendetto del Tronto,PUBLIC,riviera-delle-palme,OPEN,GRASS,Luigi Corradi,42.930560,13.884720
Mimmo Pavone e Alessandro Mariani,1500,,,Pineto,Comune di Pineto,PUBLIC,mimmo-pavone-e-alessandro-mariani,OPEN,ARTIFICIAL,,42.610242,14.053522
Pietro Barbetti,4939,"Gubbio , Italy",1977,Gubbio,Comune of Gubbio,PUBLIC,pietro-barbetti,OPEN,GRASS,,43.350000,12.566670
Axum Molinari Stadium,25000,"Campobasso , Italy",1985,Campobasso,City of Campobasso,PUBLIC,axum-molinari-stadium,OPEN,GRASS,Costantino Rozzi,41.570000,14.630830
Vanni Sanna,7480,"Via Coradduzza, 2 07100 Sassari",1922,Sassari,Comune di Sassari,PUBLIC,vanni-sanna,OPEN,GRASS,,40.718060,8.579720
Sandro Cabassi,5510,"Carpi , Italy",1928,"Carpi, Emilia-Romagna",comunale of Carpi,PUBLIC,sandro-cabassi,OPEN,GRASS,,44.775560,10.881670
Comunale di Piancastagnaio,1500,"Grosseto , Italy",1952,Piancastagnaio,Municipality of Grosseto,PUBLIC,comunale-di-piancastagnaio,OPEN,GRASS,"Raffaello Fagnoni, Enrico Bianchini, Dagoberto Ortensi",42.758890,11.107500
Giuseppe Sivori,1500,,1945,"Bra, Piedmont",,PUBLIC,giuseppe-sivori,OPEN,GRASS,,44.707300,7.839282
Romeo Neri,9768,Rimini Italy,1934,Rimini,Comune di Rimini,PUBLIC,romeo-neri,OPEN,GRASS,,44.053060,12.577220
Giuseppe Sinigaglia,12039,"Como , Italy",1927,Como,Municipality of Como,PUBLIC,giuseppe-sinigaglia,OPEN,GRASS,Giovanni Greppi (architect),45.813890,9.072220
Romeo Menti,7114,"Castellammare di Stabia , Italy",1984,Castellammare di Stabia,Municipality of Castellammare di Stabia,PUBLIC,romeo-menti-2,OPEN,ARTIFICIAL,,40.706670,14.494440
Allianz Arena,75024,"Franz-Beckenbauer-Platz 5, 80939 [ 4 ]",2003,Munich,Allianz Arena München Stadion GmbH [ citation needed ],MIXED,allianz-arena,OPEN,HYBRID,,48.218775,11.624753
BayArena,30210,"Leverkusen , North Rhine-Westphalia, Germany",1958,Leverkusen,Bayer,PRIVATE,bayarena,OPEN,GRASS,[http://www.max-boegl.de/boeglnet/web/show.jsp?nodeId=1000&lang=en Max Bogl],51.038330,7.002220
MHPArena,60058,"Mercedesstraße 87, 70372",1929,Stuttgart,Stadion NeckarPark GmbH & Co. KG,PRIVATE,mhparena,OPEN,GRASS,Paul Bonatz/Friedrich Scholer,48.792220,9.231940
Red Bull Arena,47800,"Am Sportforum 3 Leipzig , Saxony, Germany",2000,Leipzig,Red Bull Arena Besitzgesellschaft mbH,PRIVATE,red-bull-arena,OPEN,GRASS,,51.345830,12.348330
Signal Iduna Park,81365,Strobelallee 50,1971,Dortmund,Borussia Dortmund GmbH & Co. KGa [ 2 ],PRIVATE,signal-iduna-park,OPEN,HYBRID,Planungsgruppe Drahtler,51.492500,7.451670
Deutsche Bank Park,59500,Mörfelder Landstraße 362,1921,Frankfurt,Waldstadion Frankfurt Gesellschaft für Projektentwicklung,PRIVATE,deutsche-bank-park,RETRACTABLE,GRASS,,50.068056,8.645806
PreZero Arena,30150,"Sinsheim , Baden-Württemberg, Germany",2009,Sinsheim,TSG 1899 Hoffenheim Fußball-Besitzgesellschaft mbH & Co. KG,PRIVATE,prezero-arena,OPEN,GRASS,Eheim Moebel,49.238060,8.887500
Europa-Park Stadion,34700,"Freiburg im Breisgau , Germany",2021,Freiburg im Breisgau,City of Freiburg,PUBLIC,europa-park-stadion,OPEN,GRASS,HPP Architekten,48.021600,7.829700
Weserstadion,42100,"Franz-Böhmert-Straße 1, Bremen , Germany",1947,Bremen,Bremer Weser-Stadion GmbH,PRIVATE,weserstadion,OPEN,GRASS,,53.066390,8.837500
WWK Arena,30660,"Augsburg , Germany",2009,Augsburg,FC Augsburg,PRIVATE,wwk-arena,OPEN,GRASS,Bernhard & Kögl,48.323060,10.886110
Volkswagen Arena,30000,"Wolfsburg , Germany",2001,Wolfsburg,Wolfsburg AG,PRIVATE,volkswagen-arena,OPEN,HYBRID,"HPP, Dusseldorf",52.432780,10.803890
Borussia-Park,54057,"Hennes-Weisweiler-Allee 1, Mönchengladbach , North Rhine-Westphalia, Germany",2004,Mönchengladbach,Borussia Mönchengladbach,PRIVATE,borussia-park,OPEN,GRASS,Marc Laurens,51.174720,6.385560
An der Alten Försterei,22012,"Köpenick , Berlin, Germany",1920,Berlin,An der Alten Försterei Stadionbetriebs AG,PRIVATE,an-der-alten-forsterei,OPEN,GRASS,,52.457220,13.568060
Millerntor-Stadion,29546,"St. Pauli , Hamburg-Mitte , Hamburg , Germany",1963,Hamburg,FC St. Pauli,PRIVATE,millerntor-stadion,OPEN,GRASS,"agn Niederberghaus & Partner GmbH, ar.te.plan GmbH (Reconstruction)",53.554583,9.967667
Voith-Arena,15000,Schloßhaustraße 162,1972,Heidenheim an der Brenz,City of Heidenheim an der Brenz,PUBLIC,voith-arena,OPEN,HYBRID,,48.668610,10.139440
Parc des Princes,48583,"Paris , France",1897,Paris,Council of Paris,PUBLIC,parc-des-princes,OPEN,GRASS,Roger Taillibert,48.841363,2.253069
Orange Vélodrome,67394,3 Boulevard Michelet,1937,Marseille,City of Marseille,PUBLIC,orange-velodrome,OPEN,HYBRID,Henri Ploquin (original),43.269720,5.395830
Groupama Stadium,59186,10 Avenue Simone Veil,2015,Lyon,OL Groupe,PRIVATE,groupama-stadium,OPEN,HYBRID,Populous (company),45.765224,4.982131
Stade Louis-II,18525,"7, avenue des Castelans 98000 Fontvieille , Monaco",1939,Monaco,Monaco — Wikidata P127: Monaco (sovereign state),PUBLIC,stade-louis-ii,OPEN,HYBRID,"Henry Pottier, Philippe Godin, Jacques Rechsteiner, Rainier Boisson, Joseph Iori",43.727500,7.415560
Decathlon Arena-Stade Pierre-Mauroy,50186,"261 boulevard de Tournai, 59650 Villeneuve-d'Ascq , Nord , France",2012,Lille,Eiffage Lille Stadium Arena (until 2043) Métropole Européenne de Lille (from 2043),PRIVATE,decathlon-arena-stade-pierre-mauroy,RETRACTABLE,HYBRID,Valode & Pistre,50.611900,3.130400
Roazhon Park,29778,111 Route de Lorient 35000 Rennes France,1912,Rennes,City of Rennes,PUBLIC,roazhon-park,OPEN,HYBRID,Bruno Gaudin,48.107500,-1.712780
Stade Bollaert-Delelis,38223,"Lens , France",1932,"Lens, Pas-de-Calais",Ville de Lens,PUBLIC,stade-bollaert-delelis,OPEN,GRASS,Gustave Spriet,50.432780,2.815000
Allianz Riviera,36178,"Rue Jules Bianchi , Saint-Isidore, Nice , France",2013,Nice,City of Nice,PUBLIC,allianz-riviera,OPEN,GRASS,Jean-Michel Wilmotte,43.705280,7.192500
Stade de la Meinau,32000,"12, rue de l'Extenwoerth Strasbourg , France",1914,Strasbourg,Town of Strasbourg,PUBLIC,stade-de-la-meinau,OPEN,HYBRID,,48.560000,7.755000
Stadium Municipal,33150,"1, Allée Gabriel Biènés, Toulouse , France",1937,Toulouse,Mairie de Toulouse,PUBLIC,stadium-municipal,OPEN,HYBRID,,43.583060,1.434170
Stade Francis-Le Blé,15220,"26 route de Quimper 29200 Brest, France",1922,"Brest, France",Ville de Brest,PUBLIC,stade-francis-le-ble,OPEN,GRASS,,48.402932,-4.461694
Stade de la Beaujoire,35322,"Route de Saint Joseph 44300, Nantes , France",1984,Nantes,Nantes Métropole,PUBLIC,stade-de-la-beaujoire,OPEN,HYBRID,Berdje Agopyan,47.256000,-1.525000
Stade Océane,25178,"Le Havre , France",2012,Le Havre,Agglomeration community of Le Havre,PUBLIC,stade-oceane,OPEN,HYBRID,SCAU and KSS Design Group,49.498890,0.169720
Stade de l'Abbé-Deschamps,18541,"Route de Vaux, 89006, Auxerre , France",1905,Auxerre,AJ Auxerre,PRIVATE,stade-de-labbe-deschamps,OPEN,GRASS,,47.786753,3.588664
Stade Raymond-Kopa,19350,"11, boulevard Pierre-de-Coubertin 49000 Angers , Maine-et-Loire , France",1912,Angers,City of Angers,PUBLIC,stade-raymond-kopa,OPEN,GRASS,Studio d'architecture Bruno Huet (renovation),47.460458,-0.530741
Stade du Moustoir,16787,"Rue du Tour des Portes, Lorient , France",1959,Lorient,Ville de Lorient,PUBLIC,stade-du-moustoir,OPEN,HYBRID,,47.748890,-3.369440
Stade Jean Bouin,19904,20-40 Avenue du Général Sarrail,1925,Paris,Mairie de Paris,PUBLIC,stade-jean-bouin,OPEN,ARTIFICIAL,Rudy Ricciotti,48.843060,2.252780
Stade Saint-Symphorien,28786,"Longeville-lès-Metz , France",1932,Metz,Ville de Metz,PUBLIC,stade-saint-symphorien,OPEN,HYBRID,,49.109813,6.159511
Estádio da Luz,68100,"Av. Eusébio da Silva Ferreira , 1500-313",2003,Lisbon,Benfica,PRIVATE,estadio-da-luz,OPEN,GRASS,,38.752700,-9.184700
Estádio do Dragão,50033,"Porto , Portugal",2003,Porto,FC Porto,PRIVATE,estadio-do-dragao,OPEN,GRASS,Manuel Salgado,41.161800,-8.583900
Estádio José Alvalade,52095,"Lisbon , Portugal",2003,Lisbon,Sporting CP,PRIVATE,estadio-jose-alvalade,OPEN,GRASS,Tomás Taveira,38.761110,-9.160830
Estádio Municipal de Braga,30286,"Braga , Portugal",2003,Braga,Câmara Municipal de Braga,PUBLIC,estadio-municipal-de-braga,OPEN,GRASS,Eduardo Souto de Moura,41.562500,-8.430000
Estádio D. Afonso Henriques,30029,"Rua de São Gonçalo, Guimarães , Portugal",1965,Guimarães,Vitória Sport Clube,PRIVATE,estadio-d-afonso-henriques,OPEN,GRASS,Eduardo Guimarães,41.445830,-8.301110
Estádio António Coimbra da Mota,5094,"Alcabideche , Portugal",1930,Estoril,Estoril Praia,PRIVATE,estadio-antonio-coimbra-da-mota,OPEN,GRASS,,38.715830,-9.406390
Estádio Municipal de Famalicão,5186,"Vila Nova de Famalicão, Portugal",1952,Vila Nova de Famalicão,Vila Nova de Famalicão Municipality,PUBLIC,estadio-municipal-de-famalicao,OPEN,GRASS,,41.401253,-8.522440
Estádio Cidade de Barcelos,12046,"Barcelos , Portugal",2004,Barcelos,Municipality of Barcelos,PUBLIC,estadio-cidade-de-barcelos,OPEN,GRASS,,41.551000,-8.623000
Estádio Pina Manique,2574,"Parque de Monsanto, 1500-462 Lisboa, Portugal",1954,Lisbon,Casa Pia de Lisboa,PRIVATE,estadio-pina-manique,OPEN,GRASS,,38.737214,-9.203765
Estádio de São Miguel,12500,"Ponta Delgada ( Azores ), Portugal",1976,Ponta Delgada,Regional Government of the Azores,PUBLIC,estadio-de-sao-miguel,OPEN,GRASS,,37.763610,-25.622500
Estádio José Gomes,9288,"Amadora , Portugal",1957,Amadora,Cidade da Amadora,PRIVATE,estadio-jose-gomes,OPEN,GRASS,José Gomes (architect),38.751940,-9.228060
Estádio João Cardoso,5000,"Tondela , Portugal",1990,Tondela,Clube Desportivo de Tondela,PRIVATE,estadio-joao-cardoso,OPEN,GRASS,,40.512041,-8.082825
Complexo Desportivo FC Alverca,6932,,1992,Alverca do Ribatejo,Município de Vila Franca de Xira,PUBLIC,complexo-desportivo-fc-alverca,OPEN,GRASS,,38.897890,-9.035231
Estádio do Clube Desportivo das Aves,6230,"Vila das Aves , Portugal",1981,Vila do Conde,Desportivo das Aves,PRIVATE,estadio-do-clube-desportivo-das-aves,OPEN,GRASS,,41.366932,-8.411789
Estádio do Rio Ave FC,5300,"Vila do Conde , Portugal",1984,Vila do Conde,Rio Ave,PRIVATE,estadio-do-rio-ave-fc,OPEN,GRASS,Branco Ló,41.362780,-8.740280
Estádio C. J. de Almeida Freitas,6150,"Moreira de Cónegos , Portugal",2002,Moreira de Cónegos,Moreirense,PRIVATE,estadio-c-j-de-almeida-freitas,OPEN,GRASS,Eng. Portilha,41.378060,-8.354720
Estádio Municipal de Arouca,5000,"Arouca , Portugal",2006,"Arouca, Portugal",Municipality of Arouca,PUBLIC,estadio-municipal-de-arouca,OPEN,GRASS,,40.933000,-8.250300
Estádio da Madeira,5200,"Funchal , Madeira , Portugal",1999,Funchal,C.D. Nacional,PRIVATE,estadio-da-madeira,OPEN,GRASS,,32.670625,-16.883525
Mewa Arena,33305,"Mainz , Rhineland-Palatinate, Germany",2009,Mainz,Grundstücksverwaltungsgesellschaft der Stadt Mainz mbH (GVG),PUBLIC,mewa-arena,OPEN,GRASS,"Dr. Axel Nixdorf, agn Niederberghaus & Partner",49.984170,8.224170
Emirates Stadium,60704,Hornsey Road,2006,London,Kroenke Sports & Entertainment,PRIVATE,emirates-stadium,OPEN,HYBRID,Populous (company),51.555000,-0.108330
Stamford Bridge,41631,Fulham Road,1877,London,Chelsea Pitch Owners,PRIVATE,stamford-bridge,OPEN,HYBRID,Archibald Leitch,51.481667,-0.191111
Anfield,61276,Anfield Road,1884,Liverpool,Liverpool F.C.,PRIVATE,anfield,OPEN,HYBRID,,53.430830,-2.960830
Etihad Stadium,61470,Ashton New Road,2002,Manchester,Manchester City Council,PUBLIC,etihad-stadium,OPEN,HYBRID,Arup Group (stadium design),53.483056,-2.200278
Old Trafford,74244,Sir Matt Busby Way,1910,Manchester,Manchester United,PRIVATE,old-trafford,OPEN,HYBRID,Archibald Leitch,53.463056,-2.291389
Tottenham Hotspur Stadium,62850,782 High Road Tottenham N17 0BX,2016,London,Tottenham Hotspur,PRIVATE,tottenham-hotspur-stadium,OPEN,HYBRID,Populous (company),51.604400,-0.066400
St. James' Park,52264,Barrack Road,1892,Newcastle upon Tyne,Newcastle City Council,PUBLIC,st-james-park,OPEN,HYBRID,"TTH Architects, Gateshead",54.975556,-1.621667
Villa Park,43205,Trinity Road,1895,Birmingham,Aston Villa,PRIVATE,villa-park,OPEN,HYBRID,Archibald Leitch,52.509167,-1.884722
London Stadium,62500,Marshgate Lane,2008,London,London Stadium LLP (ultimately Greater London Authority ),PRIVATE,london-stadium,OPEN,HYBRID,"Populous (architects) (formerly HOK Sport), led by Philip Johnson (UK architect)",51.538600,-0.016400
Amex Stadium,31876,Village Way,2008,Brighton,The Community Stadium Limited,PRIVATE,amex-stadium,OPEN,GRASS,KSS Design Group,50.861822,-0.083278
Craven Cottage,28800,Stevenage Road Fulham London SW6 6HH,,London,Fulham,PRIVATE,craven-cottage,OPEN,GRASS,Archibald Leitch,51.475000,-0.221667
Molineux Stadium,31750,"Waterloo Road, Wolverhampton",1889,Wolverhampton,Wolverhampton Council,PUBLIC,molineux-stadium,OPEN,HYBRID,Current design - Alan Cotterell Partnership,52.590280,-2.130280
Gtech Community Stadium,17250,166 Lionel Road South,2020,London,Brentford FC,PRIVATE,gtech-community-stadium,OPEN,HYBRID,AFL Architects,51.490830,-0.288610
Selhurst Park,25486,"Selhurst, London , SE25 England",1924,London,Crystal Palace,PRIVATE,selhurst-park,OPEN,HYBRID,Archibald Leitch,51.398330,-0.085560
City Ground,31042,Pavilion Road,1898,Nottingham,Nottingham Forest,PRIVATE,city-ground,OPEN,GRASS,"Husband & Co (1980), Miller Partnership",52.940000,-1.132780
Vitality Stadium,11307,Kings Park Bournemouth Dorset BH7 7AF England,1910,Bournemouth,Black Knight Football Club [ 1 ],PRIVATE,vitality-stadium,OPEN,GRASS,,50.735280,-1.838330
Hill Dickinson Stadium,52769,"Bramley-Moore Dock , Vauxhall , Liverpool",2025,Liverpool,Everton,PRIVATE,hill-dickinson-stadium,OPEN,GRASS,Dan Meis,53.425100,-3.002800
Elland Road,37890,Elland Road,1897,Leeds,Leeds United Football Club Limited [ 2 ],PRIVATE,elland-road,OPEN,HYBRID,,53.777780,-1.572220
Turf Moor,21994,52-56 Harry Potts Way,1883,Burnley,Burnley F.C.,PRIVATE,turf-moor,OPEN,HYBRID,,53.789170,-2.230280
Stadium of Light,48707,Millennium Way,1997,Sunderland,Sunderland 100%,PRIVATE,stadium-of-light,OPEN,GRASS,PNF Architects,54.914429,-1.388173
Volksparkstadion,57000,"Sylvesterallee 7, Bahrenfeld 22525 Hamburg , Germany",1953,Hamburg,Hamburger SV,PRIVATE,volksparkstadion,OPEN,GRASS,,53.587220,9.898610
RheinEnergieSTADION,50000,"Aachener Straße 999 50933 Cologne , Germany",1923,Cologne,Kölner Sportstätten GmbH,PRIVATE,rheinenergiestadion,OPEN,GRASS,,50.933610,6.875000
Stadion Miejski im. Marszałka Józefa Piłsudskiego,31103,"3 Łazienkowska Street , 00-449 Warsaw , Poland",2011,Warsaw,City of Warsaw,PUBLIC,stadion-miejski-im-marszaka-jozefa-pisudskiego,OPEN,GRASS,JSK Architekci,52.220461,21.040628
Enea Poznań,42837,"ul. Bułgarska 17, 60-320 Poznań , Poland",2010,Poznań,City of Poznań,PUBLIC,enea-poznan,OPEN,GRASS,Modern Construction Design Sp. z o.o.,52.397500,16.857780
zondacrypto Arena,5500,"83 Bolesław Limanowski Street, Częstochowa , Poland [ 1 ]",1955,Częstochowa,City of Częstochowa,PUBLIC,zondacrypto-arena,OPEN,GRASS,,50.776748,19.159229
Chorten Arena,22372,ul. Słoneczna 1,1972,Białystok,City of Białystok,PUBLIC,chorten-arena,OPEN,GRASS,Stefan Kuryłowicz,53.105972,23.149306
Stadion Miejski im. Floriana Krygiera,21163,"ul. Karłowicza 28 71-899 Szczecin , Poland",1925,Szczecin,City of Szczecin,PUBLIC,stadion-miejski-im-floriana-krygiera,OPEN,GRASS,,53.436576,14.518658
Arena Zabrze,28236,ul. Roosevelta 81 Zabrze Poland,2016,Zabrze,City of Zabrze,PUBLIC,arena-zabrze,OPEN,GRASS,Gustav Allinger (old stadium),50.296317,18.768564
Polsat Plus Arena Gdańsk,41620,"ul. Pokoleń Lechii Gdańsk 1, 80-560 Gdańsk , Poland",2011,Gdańsk,City of Gdańsk,PUBLIC,polsat-plus-arena-gdansk,OPEN,GRASS,RKW Rhode Kellermann Wawrowsky,54.390000,18.640280
Arena Katowice,15048,"Katowice , ul. Nowa Bukowa 1 40-803",2025,Katowice,City of Katowice,PUBLIC,arena-katowice,OPEN,GRASS,,50.251400,18.975100
KGHM Zagłębie Arena,16086,"ul. Marii Skłodowskiej-Curie 98 59-300 Lubin , Poland",2009,Lubin,City of Lubin,PUBLIC,kghm-zagebie-arena,OPEN,GRASS,Bremer AG,51.413950,16.198261
Stadion Widzewa,18018,"Łódź , Poland",2017,Łódź,Łódź City Council,PUBLIC,stadion-widzewa,OPEN,GRASS,,51.765000,19.511670
Stadion Miejski - Gliwice,9736,"Ulica Okrzei 20, 44-10 Gliwice , Poland",1926,Gliwice,City of Gliwice,PUBLIC,stadion-miejski-gliwice,OPEN,GRASS,Bremer AG,50.306583,18.695866
Stadion Cracovii im. Józefa Piłsudskiego,15016,"1 Józef Kałuża Street 30-111 Kraków , Poland",1912,Kraków,City of Kraków,PUBLIC,stadion-cracovii-im-jozefa-pisudskiego,OPEN,GRASS,Estudio Lamela,50.058060,19.919720
Motor Lublin Arena,15247,"ul. Stadionowa 1 Lublin , Poland",2014,Lublin,City of Lublin,PUBLIC,motor-lublin-arena,OPEN,GRASS,Estudio Lamela,51.231900,22.557500
ORLEN Stadion im. Kazimierza Górskiego,15004,Ul. Łukasiewicza 34,2023,Płock,Miasto Płock,PUBLIC,orlen-stadion-im-kazimierza-gorskiego,OPEN,GRASS,,52.562004,19.684067
Stadion im. Braci Czachorów,14440,"Radom , Poland",2023,Radom,City of Radom,PUBLIC,stadion-im-braci-czachorow,OPEN,GRASS,Wojciech Gęsiak,51.396444,21.146222
Exbud Arena,15700,"Ks. P. Ściegiennego Str. 8 Kielce , Poland",2006,Kielce,City of Kielce,PUBLIC,exbud-arena,OPEN,GRASS,ATJ Architekci,50.861390,20.624720
Stadion GOSiR,15139,"Gdynia , Poland",2011,Gdynia,Miasto Gdynia,PUBLIC,stadion-gosir,OPEN,GRASS,Studio Projektowe SPAK,54.493136,18.531214
Stadion Bruk-Bet,4653,"Nieciecza , Poland",2007,Nieciecza,Bruk-Bet Termalica Nieciecza,PRIVATE,stadion-bruk-bet,OPEN,GRASS,,50.158361,20.849158
Santiago Bernabéu,83186,"Madrid , Spain",1947,Madrid,Real Madrid CF,PRIVATE,santiago-bernabeu,RETRACTABLE,HYBRID,Manuel Muñoz Monasterio,40.453060,-3.688350
Spotify Camp Nou,62652,"Barcelona , Catalonia, Spain",1957,Barcelona,Barcelona,PRIVATE,spotify-camp-nou,OPEN,HYBRID,Francesc Mitjans and Josep Soteras,41.380800,2.122800
Riyadh Air Metropolitano,70460,"Madrid , Spain",2017,Madrid,Community of Madrid (1992–2002) City of Madrid (2002–2017) Atlético Madrid (2017–present) [ 1 ],PUBLIC,riyadh-air-metropolitano,OPEN,GRASS,Cruz y Ortiz Arquitectos,40.436110,-3.599440
San Mamés,53331,"Bilbao , Basque Country , Spain",2013,Bilbao,"San Mamés Barria, S.L. [ 1 ]",PRIVATE,san-mames,OPEN,GRASS,,43.264300,-2.950400
Estadio de la Cerámica,23008,"Villarreal , Spain",1923,Villarreal,Villarreal CF,PRIVATE,la-ceramica,OPEN,HYBRID,IDOM,39.944170,-0.103610
La Cartuja,70000,"Avenida de Heliópolis, s/n 41012 Seville",1999,Seville,Real Betis,PRIVATE,la-cartuja,OPEN,GRASS,,37.356390,-5.981390
Anoeta,39313,"San Sebastián , Gipuzkoa , Spain",1993,San Sebastián,City Council,PUBLIC,anoeta,OPEN,GRASS,,43.301390,-1.973610
Estadio Abanca-Balaídos,24870,"Avenida de Balaídos, s/n 36210 Vigo, Pontevedra",1928,Vigo,Concello de Vigo,PUBLIC,abanca-balaidos,OPEN,GRASS,Jenaro de la Fuente,42.211800,-8.739700
Ramón Sánchez-Pizjuán,43883,"Seville , Andalusia , Spain",1958,Seville,Sevilla,PRIVATE,ramon-sanchez-pizjuan,OPEN,GRASS,,37.384000,-5.970500
Estadio de Vallecas,14708,"Puente de Vallecas , Madrid , Spain",1976,Madrid,Community of Madrid,PRIVATE,estadio-de-vallecas,OPEN,GRASS,,40.391940,-3.658890
Coliseum,16800,"Getafe , Community of Madrid , Spain",1998,Getafe,Ayuntamiento de Getafe,PUBLIC,coliseum,OPEN,GRASS,,40.325560,-3.714720
El Sadar,23576,"Pamplona , Navarre , Spain",1967,Pamplona,Government of Navarra,PUBLIC,el-sadar,OPEN,GRASS,Tomás Arrarás,42.796670,-1.636940
Mestalla,49430,"Avenida Suecia, s/n 46010 - Valencia",1919,Valencia,Valencia CF,PRIVATE,mestalla,OPEN,GRASS,Francisco Almenar Quinzá,39.474720,-0.358330
Mallorca Son Moix,26020,"Palma de Mallorca , Spain",1999,Palma de Mallorca,Ajuntament de Palma,PRIVATE,mallorca-son-moix,OPEN,GRASS,,39.590000,2.630000
Montilivi,14624,"Girona , Catalonia , Spain",1970,Girona,Ajuntament de Girona,PRIVATE,montilivi,OPEN,GRASS,,41.961390,2.828610
Mendizorroza,19840,"Vitoria-Gasteiz , Spain",1924,Vitoria-Gasteiz,Ayuntamiento de Vitoria-Gasteiz,PUBLIC,mendizorroza,OPEN,GRASS,,42.837111,-2.688044
RCDE Stadium,37776,"Cornellà and El Prat , Barcelona , Spain",2009,Cornellà de Llobregat,Espanyol,PRIVATE,rcde-stadium,OPEN,GRASS,"Mark Fenwick, Javier Iribarren (Reid Fenwick Asociados) and Esteban Gasulla (Gasulla Arquitectura y Gestió)",41.347780,2.075560
Ciutat de València,26354,"Valencia , Spain",1969,Valencia,Levante UD,PRIVATE,ciutat-de-valencia,OPEN,GRASS,,39.494720,-0.364170
Manuel Martínez Valero,31388,"Elche , Spain",1976,Elche,Elche CF,PRIVATE,manuel-martinez-valero,OPEN,GRASS,Juan Boix Matarredona,38.266940,-0.663330
Carlos Tartiere,30500,"Oviedo , Spain",2000,Oviedo,Ayuntamiento de Oviedo,PUBLIC,carlos-tartiere,OPEN,GRASS,Carlos Buxadé Ribot,43.360783,-5.870222
Strawberry Arena,50000,Stockholm Sweden,2012,Solna,"Swedish Football Association , Folksam , Solna Municipality , Jernhusen , Peab , Fabege [ 3 ]",PUBLIC,strawberry-arena,RETRACTABLE,GRASS,":sv:Arkitekterna Krook & Tjäder, :sv:Berg Arkitektkontor, Populous (architects)",59.372500,18.000000
Nordic Wellness Arena,6316,"Gothenburg , Sweden",2015,Gothenburg,Higab,PRIVATE,nordic-wellness-arena,OPEN,ARTIFICIAL,,57.719170,11.930560
Stora Valla,5880,"Degerfors , Sweden",1938,Degerfors,Degerfors IF,PRIVATE,stora-valla,OPEN,GRASS,,59.238330,14.443060
3Arena,30000,"Johanneshov , Stockholm, Sweden",2013,Stockholm,City of Stockholm via SGA Fastigheter,PUBLIC,3arena,RETRACTABLE,ARTIFICIAL,,59.290810,18.085340
Gamla Ullevi,18454,"Gothenburg , Sweden",2009,Gothenburg,Gothenburg Municipality,PUBLIC,gamla-ullevi,OPEN,GRASS,Lars Iwdal (Arkitektbyrån),57.706230,11.980140
Örjans Vall,10873,"Halmstad , Sweden",1922,Halmstad,Halmstad Municipality,PUBLIC,orjans-vall,OPEN,GRASS,,56.684170,12.866390
Grimsta IP,5000,"Stockholm , Sweden",1963,Stockholm,Stockholms stad,PUBLIC,grimsta-ip,OPEN,ARTIFICIAL,,59.362220,17.851670
Borås Arena,16200,"Ålgårdsvägen 32, 506 30 Borås , Sweden",2005,Borås,IF Elfsborg 100%,PRIVATE,boras-arena,OPEN,ARTIFICIAL,Crister Larsson (Creacon),57.734440,12.934720
Platinumcars Arena,17234,,2009,Norrköping,IFK Norrköping via Parken Event Arena AB,PRIVATE,platinumcars-arena,OPEN,ARTIFICIAL,,58.584440,16.173060
Finnvedsvallen,5000,Värnamo Sweden,1935,Värnamo,Värnamo Municipality,PUBLIC,finnvedsvallen,OPEN,GRASS,,57.195917,14.042806
Studenternas,11167,"Uppsala , Sweden",2020,Uppsala,Uppsala Municipality,PUBLIC,studenternas,OPEN,ARTIFICIAL,,59.849580,17.645320
Eleda Stadion,22500,"Eric Perssons väg 31, 217 62 Malmö",2009,Malmö,MFF Event AB,PRIVATE,eleda-stadion,OPEN,GRASS,Fojab arkitekter,55.583611,12.987806
Strandvallen,7500,"Hällevik , Sweden",1953,Hällevik,Sölvesborg Municipality,PUBLIC,strandvallen,OPEN,GRASS,,56.011956,14.716251
Spiris Arena,12000,"Bollgatan 9, 352 46 Växjö",2012,Växjö,Östers IF,PRIVATE,spiris-arena,OPEN,GRASS,Arkitektbyrån AB,56.879720,14.776390
Aspmyra Stadion,8500,"Bodø , Norway",1966,Bodø Municipality,Bodø Municipality,PUBLIC,aspmyra-stadion,OPEN,ARTIFICIAL,,67.276670,14.384440
Brann Stadion,17500,"Bergen, Norway",1919,Bergen,Brann Stadion AS,PRIVATE,brann-stadion,OPEN,HYBRID,,60.366940,5.357500
Bryne Stadion,5500,"Bryne , Norway",1946,Bryne,Bryne FK,PRIVATE,bryne-stadion,OPEN,GRASS,,58.729767,5.649772
Fredrikstad Stadion,12560,,2007,Fredrikstad,Fredrikstad Municipality,PUBLIC,fredrikstad-stadion,OPEN,ARTIFICIAL,Griff Architecture,59.213056,10.928167
Briskeby Stadion,6608,"Hamar , Norway",1936,Hamar,Hamar Municipality,PUBLIC,briskeby-stadion,OPEN,ARTIFICIAL,Biong Arkitekter,60.795560,11.092220
Haugesund Sparebank Arena,8983,"Haugesund , Norway",1920,Haugesund,"FKH AS (60%), Haugesund Kommune (40%)",MIXED,haugesund-sparebank-arena,OPEN,GRASS,Link Arkitektur,59.413000,5.279000
KFUM Arena,3300,"Ekebergveien 109, 1178 Oslo Norway",2007,Oslo,KFUM Oslo,PRIVATE,kfum-arena,OPEN,ARTIFICIAL,,59.889556,10.783139
Nordmøre stadion,4444,Magnar Isaksens vei 1 6514 Kristiansund Norway,1950,Kristiansund Municipality,Kristiansund Municipality,PUBLIC,nordmre-stadion,OPEN,ARTIFICIAL,,63.124720,7.718060
Aker Stadion,11800,"Reknes , Molde , Norway",1998,Molde,Molde,PRIVATE,aker-stadion,OPEN,ARTIFICIAL,Kjell Kosberg,62.733330,7.147780
Lerkendal Stadion,21510,"Trondheim , Norway",1947,Trondheim,Rosenborg BK,PRIVATE,lerkendal-stadion,OPEN,HYBRID,,63.412300,10.404500
Jotun Arena,8000,"Sandefjord , Vestfold , Norway",2007,Sandefjord,Pindsle Property AS,PRIVATE,jotun-arena,OPEN,GRASS,,59.137250,10.179690
Sarpsborg Stadion,8022,"Sarpsborg , Norway",1930,Sarpsborg,Sarpsborg Municipality,PUBLIC,sarpsborg-stadion,OPEN,ARTIFICIAL,,59.286110,11.097500
Marienlyst Stadion,8935,"Drammen , Norway",1924,Drammen,Drammen Municipality,PUBLIC,marienlyst-stadion,OPEN,ARTIFICIAL,,59.734440,10.201390
Romssa Arena,7500,"Tromsø , Norway",1987,Tromsø,Tromsø IL,PRIVATE,romssa-arena,OPEN,ARTIFICIAL,,69.648954,18.934582
Lyse Arena,15900,"Jåttåvågen , Stavanger",2004,Stavanger,Viking Fotball AS,PRIVATE,lyse-arena,OPEN,ARTIFICIAL,LINK signatur AS / NBBJ,58.914720,5.730560
Intility Arena,16556,"Valle Hovin , Oslo, Norway",2017,Oslo,"Vålerenga kultur- og idrettspark AS, owned by Vålerenga Fotball",PRIVATE,intility-arena,OPEN,ARTIFICIAL,Lille Frøen AS / Stefan Ekberg Arkitekter AS,59.917780,10.806940
Pittodrie Stadium,20866,"Pittodrie Street, Aberdeen , Scotland",1899,Aberdeen,Aberdeen F.C.,PRIVATE,pittodrie-stadium,OPEN,GRASS,,57.159170,-2.088890
Celtic Park,60411,"London Road Parkhead , Glasgow, Scotland",1892,Glasgow,Celtic (1897–present) [ 1 ],PRIVATE,celtic-park,OPEN,HYBRID,"Duncan and Kerr (Main Stand, 1929)",55.849720,-4.205560
Kilmac Stadium at Dens Park,11850,"Sandeman Street, Dundee",1899,Dundee,Dundee FC,PRIVATE,kilmac-stadium-at-dens-park,OPEN,GRASS,James Paul Associates,56.474720,-2.973610
Tannadice Park,14223,"Tannadice Street, Dundee , Scotland",1882,Dundee,Dundee United,PRIVATE,tannadice-park,OPEN,GRASS,James Paul Associates,56.474720,-2.968890
The Falkirk Stadium,7937,Falkirk Scotland,2004,Falkirk,Falkirk Community Stadium Ltd,MIXED,the-falkirk-stadium,OPEN,ARTIFICIAL,Falkirk Council,56.005280,-3.752780
Tynecastle Park,19852,"Gorgie , Edinburgh, Scotland",1886,Edinburgh,Heart of Midlothian F.C.,PRIVATE,tynecastle-park,OPEN,HYBRID,Jim Clydesdale,55.939170,-3.232220
Easter Road Stadium,20250,12 Albion Place Edinburgh EH7 5QG [ 3 ],1892,Edinburgh,Hibernian F.C.,PRIVATE,easter-road-stadium,OPEN,HYBRID,Percy Johnson-Marshall (Famous Five and South Stands),55.961670,-3.165560
"BBSP Stadium, Rugby Park",18128,"Rugby Road, Kilmarnock , East Ayrshire , Scotland, KA1 2DP",1899,Kilmarnock,Kilmarnock F.C.,PRIVATE,bbsp-stadium-rugby-park,OPEN,ARTIFICIAL,Archibald Leitch,55.604170,-4.508060
Home of the Set Fare Arena,9512,"Livingston, West Lothian , Scotland",1995,"Livingston, West Lothian",West Lothian Council,PUBLIC,home-of-the-set-fare-arena,OPEN,ARTIFICIAL,,55.885830,-3.521940
Fir Park,13677,"Motherwell , North Lanarkshire",1893,Motherwell,Motherwell F.C.,PRIVATE,fir-park,OPEN,GRASS,Bill Dickie (Davie Cooper Stand & Tommy McLean Stand),55.780000,-3.980000
Ibrox Stadium,50987,150 Edmiston Drive Glasgow G51 2XD,1899,Glasgow,Rangers,PRIVATE,ibrox-stadium,OPEN,HYBRID,Archibald Leitch,55.853060,-4.309170
The SMISA Stadium,7937,"Greenhill Road, Paisley",2009,"Paisley, Renfrewshire",St Mirren F.C.,PRIVATE,the-smisa-stadium,OPEN,GRASS,Barr Construction,55.850560,-4.443890
Alanya Oba Stadyumu,9727,"Alanya , Turkey",2011,Alanya,Alanyaspor,PRIVATE,alanya-oba-stadyumu,OPEN,GRASS,,36.562600,32.079200
Corendon Airlines Park Antalya Stadı,29307,"Antalya , Turkey",2015,Antalya,Ministry of Youth and Sports (Turkey),PUBLIC,corendon-airlines-park-antalya-stad,OPEN,GRASS,Azaksu Architecture Office,36.888278,30.668444
Tüpraş Stadyumu,42684,"Beşiktaş , Istanbul , Turkey",2016,Istanbul,Beşiktaş,PRIVATE,besiktas-park,OPEN,HYBRID,Bünyamin Derman,41.039170,28.994720
Çaykur Didi Stadyumu,14879,"Rize , Turkey",2009,Rize,Rize Belediyesi,PUBLIC,caykur-didi,OPEN,GRASS,,41.042020,40.573300
Recep Tayyip Erdoğan Stadyumu,13797,"Istanbul , Turkey",2004,Istanbul,Kasımpaşa S.K.,PRIVATE,recep-tayyip-erdogan-stadyumu,OPEN,GRASS,,41.032780,28.972500
Atatürk Olimpiyat,77563,"Başakşehir , Istanbul, Turkey",2002,Istanbul,Government of Turkey,PUBLIC,ataturk-olimpiyat,OPEN,GRASS,,41.074440,28.765830
Chobani Stadyumu FB Şükrü Saracoğlu Spor Kompleksi,47430,"Kadıköy , Istanbul , Turkey",1908,Istanbul,Fenerbahçe S.K.,PRIVATE,chobani-stadyumu-fb-sukru-saracoglu-spor-kompleksi,OPEN,HYBRID,AZAKSU Architects,40.987780,29.036940
Ali Sami Yen Spor Kompleksi RAMS Park,53978,"Sarıyer , Istanbul , Turkey",2011,Istanbul,Galatasaray,PRIVATE,ali-sami-yen-spor-kompleksi-rams-park,OPEN,HYBRID,'asp' architekten Stuttgart,41.102780,28.990560
Gaziantep Stadyumu,30320,"Şehitkamil , Gaziantep , Turkey",2017,Gaziantep,Gençlik ve Spor Bakanlığı,PUBLIC,gaziantep-stadyumu,OPEN,HYBRID,,37.123890,37.382500
Eryaman Stadyumu,20000,"Eryaman , Ankara , Turkey",2019,Ankara,Gençlik ve Spor Bakanlığı,PUBLIC,eryaman-stadyumu,OPEN,GRASS,DBArchitects,39.980280,32.613890
Gürsel Aksel Stadyumu,23376,"Konak , İzmir , Turkey",2020,İzmir,İzmir Büyükşehir Belediyesi,PUBLIC,gursel-aksel-stadyumu,OPEN,GRASS,DBArchitects,38.396821,27.075950
Başakşehir Fatih Terim Stadyumu,17067,"Başakşehir , Istanbul , Turkey",2014,Istanbul,Ministry of Youth and Sports,PUBLIC,basaksehir-fatih-terim,OPEN,GRASS,Arima Architects,41.122780,28.808610
RHG Enertürk Enerji Stadyumu,31856,"Kayseri , Turkey",2009,Kayseri,Kayseri Metropolitan Municipality,PUBLIC,rhg-enerturk-enerji-stadyumu,OPEN,GRASS,Ofiss Mimarca,38.737220,35.423060
Turka Araç Muayene Kocaeli Stadyumu,34829,"İzmit , Turkey",2018,İzmit,Gençlik ve Spor Bakanlığı,PUBLIC,turka-arac-muayene-kocaeli-stadyumu,OPEN,GRASS,Alper Aksoy,40.774720,30.017500
Medaş Konya Büyükşehir Stadyumu,41600,"Selçuklu , Konya , Turkey",2014,Konya,Konya City Council,PUBLIC,medas-konya-buyuksehir-stadyumu,OPEN,GRASS,Bahadır Kul,37.946000,32.488000
Samsun Yeni 19 Mayıs Stadyumu,34303,"Tekkeköy , Samsun , Turkey",2017,Samsun,Gençlik ve Spor Bakanlığı,PUBLIC,samsun-yeni-19-mays,OPEN,GRASS,,41.227780,36.457500
Papara Park,41000,"Trabzon , Turkey",2016,Trabzon,Ministry of Youth and Sports (Turkey),PUBLIC,papara-park,OPEN,HYBRID,ASP Stuttgart,40.999170,39.645830
Johan Cruijff ArenA,55885,"ArenA Boulevard 1, 1101 AX Amsterdam , Netherlands",1996,Amsterdam,Gemeente Amsterdam Stadion Amsterdam N.V.,MIXED,johan-cruijff-arena,RETRACTABLE,HYBRID,,52.314170,4.941940
AFAS Stadion,19500,"Alkmaar , Netherlands",2006,Alkmaar,AZ Alkmaar,PRIVATE,afas-stadion,OPEN,GRASS,,52.612780,4.742220
"Stadion ""Woudestein""",4400,"Rotterdam , Netherlands",1939,Rotterdam,SBV Excelsior Rotterdam,PRIVATE,stadion-woudestein,OPEN,ARTIFICIAL,Van Wijnen,51.916940,4.520560
Euroborg,22550,"Groningen , Netherlands",2006,Groningen,FC Groningen,PRIVATE,euroborg,OPEN,GRASS,Wiel Arets Architects,53.206110,6.591390
De Grolsch Veste,30205,Colosseum 65 7521 PP Enschede Netherlands,1998,Enschede,Twente,PRIVATE,de-grolsch-veste,OPEN,GRASS,IAA Architecten,52.236670,6.837500
"Stadion ""Galgenwaard""",23750,"Utrecht , Netherlands",1936,Utrecht,FC Utrecht,PRIVATE,stadion-galgenwaard,OPEN,HYBRID,Zwarts & Jansma Architecten,52.078330,5.145830
"Stadion Feyenoord ""De Kuip""",47500,"Rotterdam , Netherlands",1937,Rotterdam,Stichting Stadion Feyenoord,PRIVATE,stadion-feyenoord-de-kuip,OPEN,GRASS,,51.893890,4.523060
Fortuna Sittard Stadion,12800,"Milaanstraat 120, 6135 LH Sittard , Netherlands",1999,Sittard,Municipality Sittard,PUBLIC,fortuna-sittard-stadion,OPEN,GRASS,,50.992069,5.843675
De Adelaarshorst,10400,,1920,Deventer,Go Ahead Eagles,PRIVATE,de-adelaarshorst,OPEN,GRASS,,52.260416,6.172578
Asito Stadion,12242,"Almelo , Netherlands",1999,Almelo,Heracles Almelo,PRIVATE,asito-stadion,OPEN,HYBRID,,52.338890,6.650560
Rat Verlegh Stadion,20500,"Stadionstraat 23, Breda , Netherlands",1996,Breda,City of Breda,PUBLIC,rat-verlegh-stadion,OPEN,ARTIFICIAL,Bureau Bollen,51.595000,4.750280
Goffertstadion,12650,"Nijmegen , Netherlands",1939,Nijmegen,Nijmegen — Wikidata P127 says Nijmegen (municipality) but human-verified PRIVATE,PRIVATE,goffertstadion,OPEN,GRASS,D. Monshouwer,51.822500,5.836670
MAC³PARK stadion,14000,"Zwolle , Netherlands",2007,Zwolle,PEC Zwolle,PRIVATE,mac3park-stadion,OPEN,GRASS,"Widdershoven architect, Kerkrade",52.517220,6.120830
Philips Stadion,35000,"Frederiklaan 10A Eindhoven , Netherlands",1913,Eindhoven,"PSV Eindhoven , Eindhoven municipality (ground under stadium)",PUBLIC,philips-stadion,OPEN,GRASS,,51.441670,5.467500
Mandemakers Stadion,7186,"Waalwijk , Netherlands",1996,Waalwijk,Mandemakers Groep,PRIVATE,mandemakers-stadion,OPEN,GRASS,,51.686940,5.088610
Abe Lenstra Stadion,27224,"Heerenveen , Netherlands",1994,Heerenveen,Sportstad Heerenveen,PUBLIC,abe-lenstra-stadion,OPEN,GRASS,Alynia Architecten Harlingen B.V.,52.958610,5.936110
BUKO Stadion,5338,"Minister van Houtenlaan 123, 1981 EK Velsen-Zuid Netherlands",1948,Velsen-Zuid,Gemeente Velsen,PUBLIC,buko-stadion,OPEN,GRASS,,52.455000,4.635000
Sparta-stadion - Het Kasteel,10599,"Rotterdam , Netherlands",1916,Rotterdam,Sparta Rotterdam,PRIVATE,sparta-stadion-het-kasteel,OPEN,GRASS,J.H. de Roos and W.F. Overeynder,51.919485,4.433619
Jan Breydel Stadium,29062,"Koning Leopold III-laan 50, Sint-Andries , Bruges , Belgium",1975,Bruges,Bruges — Wikidata P127: Bruges (municipality),PUBLIC,jan-breydel-stadium,OPEN,HYBRID,,51.193330,3.180560
Dender Football Complex,8548,"Denderleeuw , Belgium",1997,Denderleeuw,FCV Dender EH,PRIVATE,dender-football-complex,OPEN,GRASS,,50.883683,4.071185
Planet Group arena,20185,"close to the interchange E40-E17 and UZ Gent , Ghent , Belgium",2013,Ghent,KAA Gent,PRIVATE,planet-group-arena,OPEN,HYBRID,Bontinck,51.016110,3.734170
Cegeka Arena,23718,"Genk , Belgium",1990,Genk,KRC Genk,PRIVATE,cegeka-arena,OPEN,GRASS,,51.005000,5.533330
Achter de Kazerne,16672,"Kleine Nieuwedijk 53, Mechelen , Belgium",1911,Mechelen,Stad Mechelen,PUBLIC,achter-de-kazerne,OPEN,GRASS,,51.037184,4.486397
Het Kuipje,9062,"Westerlo , Belgium",1933,Westerlo,Gemeente Westerlo,PUBLIC,het-kuipje,OPEN,GRASS,,51.094817,4.928806
King Power at Den Dreef Stadion,9809,"Heverlee , Belgium",2002,Leuven,Oud-Heverlee Leuven,PRIVATE,king-power-at-den-dreef-stadion,OPEN,GRASS,,50.868330,4.694170
Easi Arena,8050,"La Louvière , Belgium",2025,La Louvière,RAAL La Louvière,PRIVATE,easi-arena,OPEN,ARTIFICIAL,,50.477503,4.201314
Bosuilstadion,21000,Oude Bosuilbaan 54A 2100 Deurne Antwerp Belgium,1923,Antwerp,Royal Antwerp FC,PRIVATE,bosuilstadion,OPEN,GRASS,,51.232500,4.472220
Stade du Pays de Charleroi,14968,"Boulevard Zoé Drio, Charleroi , Belgium",1939,Charleroi,municipality of Charleroi,PUBLIC,stade-du-pays-de-charleroi,OPEN,GRASS,,50.414609,4.453787
Stade Joseph Mariën,9512,"Chaussée de Bruxelles / Brusselsesteenweg 223, 1190 Forest , Brussels-Capital Region, Belgium",1915,"Forest, Belgium",Royal Trust,PRIVATE,stade-joseph-marien,OPEN,GRASS,Albert Callewaert,50.817780,4.329170
Lotto Park,21900,"Avenue Théo Verbeeck / Théo Verbeecklaan 2, 1070 Anderlecht , Brussels-Capital Region, Belgium",1917,Anderlecht,R.S.C. Anderlecht,PRIVATE,lotto-park,OPEN,HYBRID,,50.834170,4.298330
Daio Wasabi Stayen Stadium,11337,"Sint-Truiden , Belgium",1924,Sint-Truiden,NV Stayen,PRIVATE,daio-wasabi-stayen-stadium,OPEN,ARTIFICIAL,,50.813474,5.166256
Maurice Dufrasne Stadion,27221,"Liège , Belgium",1909,Liège,Ville de Liège,PUBLIC,maurice-dufrasne-stadion,OPEN,GRASS,,50.610000,5.543330
Elindus Arena,12698,"Waregem , Belgium",1957,Waregem,Stad Waregem,PUBLIC,elindus-arena,OPEN,GRASS,,50.883060,3.428890
Cluj Arena,30246,2 Aleea Stadionului,1911,Cluj-Napoca,Cluj County Council,PUBLIC,cluj-arena,OPEN,GRASS,Dico și Țigănaș,46.768330,23.572220
Arena Națională,55634,"Bucharest , Romania",2011,Bucharest,Municipality of Bucharest,PUBLIC,arena-nationala,RETRACTABLE,GRASS,"Gerkan, Marg and Partners",44.437220,26.152500
Dr. Constantin Rădulescu,22198,2 Aleea Stadionului,1973,Cluj-Napoca,Cluj County Council,PUBLIC,dr-constantin-radulescu,OPEN,GRASS,Dico și Țigănaș,46.779678,23.577247
Superbet Arena - Giulești,14050,18 Calea Giulești,2022,Bucharest,Ministry of Transport,PUBLIC,superbet-arena-giulesti,OPEN,GRASS,,44.455917,26.056833
Ion Oblemenco (2017),30983,36 Boulevard Știrbei Vodă,2017,Craiova,Municipality of Craiova,PUBLIC,ion-oblemenco-2017,OPEN,GRASS,Dico și Țigănaș,44.314000,23.784300
Sepsi Duna Arena,8400,"Sfântu Gheorghe , Romania",2021,Sfântu Gheorghe,Sfântu Gheorghe Town Hall,PRIVATE,sepsi-duna-arena,OPEN,GRASS,ACI Cluj,45.883611,25.806111
Central - Complex Gheorghe Hagi,4554,"Str. Academiei, nr. 3",2015,Ovidiu,Gheorghe Hagi,PRIVATE,central-complex-gheorghe-hagi,OPEN,GRASS,,44.263890,28.555830
Ilie Oană (2011),15073,26 Stadionului Street,2011,Ploiești,Consiliul Local Ploiești,PRIVATE,ilie-oana-2011,OPEN,GRASS,Alpine Bau,44.940583,26.034500
Municipal Botoșani,7782,"Botoşani , Romania",1970,Botoșani,Municipality of Botoşani,PUBLIC,municipal-botosani,OPEN,GRASS,,47.748300,26.651900
Municipal Sibiu (2022),12363,1-3 Mihai Eminescu Alley,2022,Sibiu,City of Sibiu,PUBLIC,municipal-sibiu-2022,OPEN,GRASS,CON-A,45.783060,24.143610
Orășenesc Mioveni,10000,"Str. Stadionului, nr. 2",2000,Mioveni,Town of Mioveni,PUBLIC,orasenesc-mioveni,OPEN,GRASS,,44.960280,24.940560
Anghel Iordanescu,4518,"Str. Stadionului, nr. 1",2010,Voluntari,Town of Voluntari,PUBLIC,anghel-iordanescu,OPEN,GRASS,,44.499170,26.145560
Gloria,12336,Bvd. Mareșal Averescu 1-5,1970,Buzău,Municipality of Buzău,PUBLIC,gloria,OPEN,GRASS,,45.146028,26.803333
Clinceni Arena,4500,"Str. Principală, nr. 107a",2011,Clinceni,Commune of Clinceni,PUBLIC,clinceni-arena,OPEN,GRASS,,44.377780,25.940830
Stadionul Emil Alexandrescu,11390,"Copou Park , Iași , Romania",1950,Iași,Municipality of Iași,PUBLIC,emil-alexandrescu,OPEN,GRASS,,47.184589,27.561389
epet Arena,18243,"Milady Horákové 1066/98 Prague , Czech Republic",1917,Prague,"AC Sparta Praha fotbal, a.s.",PRIVATE,epet-arena,OPEN,GRASS,"Cyril Mandel, Vladimír Syrovátka",50.099720,14.415830
Fortuna Arena,19370,"U Slavie 1540/2a, Vršovice , Prague , Czech Republic , 100 00",2008,Prague,Eden Arena [ 1 ],PRIVATE,fortuna-arena,OPEN,GRASS,Martin Kotík,50.067500,14.471670
Doosan Aréna,11700,"Štruncovy sady 3, Plzeň , Czech Republic , 301 12",1955,Plzeň,The city of Plzeň,PUBLIC,doosan-arena,OPEN,GRASS,,49.750000,13.385560
Městský stadion - Vitkovice Aréna,15123,"Ostrava , Czech Republic",1938,Ostrava,Statutární město Ostrava,PUBLIC,mestsky-stadion-vitkovice-arena,OPEN,GRASS,,49.804440,18.255830
Lokotrans Arena,5000,"U Stadionu 1118, Mladá Boleslav , Czech Republic , 293 01",1965,Mladá Boleslav,Mladá Boleslav,PRIVATE,lokotrans-arena,OPEN,GRASS,,50.427220,14.916940
Andrův stadion,12451,"Olomouc , Czech Republic",1940,Olomouc,SK Sigma Olomouc,PRIVATE,andruv-stadion,OPEN,GRASS,,49.600000,17.248330
Stadion U Nisy,9900,"Na Hradbách 1300, Liberec , Czech Republic , 460 01",1933,Liberec,FC Slovan Liberec a.s,PRIVATE,stadion-u-nisy,OPEN,GRASS,,50.776110,15.050000
Střelnice,6108,"U Stadionu 4904/5, Jablonec nad Nisou , Czech Republic , 466 01",1955,Jablonec nad Nisou,Jablonec nad Nisou,PRIVATE,strelnice,OPEN,GRASS,,50.715000,15.162220
Aréna Na Stínadlech,17078,"Na Stínadlech 2796, Teplice , Czech Republic , 415 01",1973,Teplice,FK Teplice,PRIVATE,arena-na-stinadlech,OPEN,GRASS,,50.640000,13.818060
Ďolíček,6300,"Vršovická 1489/31, Vršovice Prague , Czech Republic , 101 00",1932,Prague,municipality of Prague,PUBLIC,dolicek,OPEN,GRASS,,50.066940,14.454170
Stadion Juliska,8150,"Na Julisce 28/2, Prague , Czech Republic , 160 00",1960,Prague,Ministry of Defence,PUBLIC,stadion-juliska,OPEN,GRASS,,50.111940,14.387500
Malšovická aréna,9300,"Úprkova 473/1, Hradec Králové , Czech Republic , 500 09",2023,Hradec Králové,Hradec Králové,PRIVATE,malsovicka-arena,OPEN,GRASS,Tomáš Vymetálek Architects,50.206390,15.845560
Městský stadion,4833,"U Hřiště 318, Karviná , Czech Republic , 734 01",2016,Karviná,Město Karviná,PUBLIC,mestsky-stadion,OPEN,GRASS,Ján Fiľo,49.845300,18.561300
Stadion Arnošta Košťála,4620,"U Stadionu 1652 Pardubice , Czech Republic , 530 02",2023,Pardubice,Pardubice,PRIVATE,stadion-arnosta-kostala,OPEN,GRASS,"Karel Řepa, Ferdinand Potůček",50.041110,15.771110
Městský fotbalový stadion Miroslava Valenty,8000,"Stonky 566, Uherské Hradiště , Czech Republic , 686 01",2003,Uherské Hradiště,Town of Uherské Hradiště,PUBLIC,mestsky-fotbalovy-stadion-miroslava-valenty,OPEN,GRASS,,49.065560,17.471390
Stadion Letná,6375,"Tyršovo nábřeží 4381, Zlín , Czech Republic , 760 01",1953,Zlín,Statutární město Zlín,PUBLIC,stadion-letna,OPEN,GRASS,,49.231390,17.669440
Generali Arena,15600,"Vienna , Austria",1925,Vienna,Stadt Wien,PUBLIC,generali-arena,OPEN,GRASS,,48.162220,16.386670
Hofmann Personal Stadion,5595,"Linz , Austria",2023,Linz,Stadt Linz,PUBLIC,hofmann-personal-stadion,OPEN,GRASS,Margula & Mauch Architects ZT GmbH,48.316371,14.298862
Stadion Graz-Liebenau,16364,Ivica-Osim-Platz 1 8041 Graz - Liebenau Austria,1997,Graz,Stadion Liebenau Betriebs GmbH,PRIVATE,merkur-arena,OPEN,GRASS,,47.046110,15.454440
Profertil Arena Hartberg,5024,,,Hartberg,Stadtgemeinde Hartberg,PUBLIC,profertil-arena-hartberg,OPEN,GRASS,,47.281192,15.977769
Raiffeisen Arena,19080,"Linz , Upper Austria , Austria",2023,Pasching,LASK Linz,PRIVATE,raiffeisen-arena,OPEN,GRASS,Harald Fux (Raumkunst ZT GmbH),48.293639,14.276667
Allianz-Stadion,28345,"Hütteldorf , Vienna , Austria",2016,Vienna,SK Rapid Wien,PRIVATE,allianz-stadion,OPEN,GRASS,|,48.197780,16.265280
Red Bull Arena Salzburg,30188,"Stadionstraße, Wals-Siezenheim , Austria",2003,Wals-Siezenheim,SWS Stadion Salzburg Planungs- und Errichtungsgesellschaft m.b.H,PRIVATE,red-bull-arena-salzburg,OPEN,GRASS,"Schuster Architekten, Atelier Albert Wimmer",47.816390,12.998330
Schnabelholz,8500,,1990,Altach,Gemeinde Altach,PUBLIC,schnabelholz,OPEN,GRASS,,47.353890,9.636670
BWT X Oberösterreichische Arena,7300,"Ried im Innkreis , Austria",2003,Ried im Innkreis,Stadtgemeinde Ried im Innkreis,PUBLIC,bwt-x-oberosterreichische-arena,OPEN,GRASS,,48.207780,13.478330
Tivoli Stadion Tirol,15400,"Innsbruck , Austria",2000,Innsbruck,Stadt Innsbruck,PUBLIC,tivoli-stadion-tirol,OPEN,GRASS,,47.255830,11.410830
Lavanttal-Arena,7300,"Wolfsberg , Austria",1984,"Wolfsberg, Carinthia",Stadtgemeinde Wolfsberg,PUBLIC,lavanttal-arena,OPEN,GRASS,,46.826390,14.851940
St. Andrew’s @ Knighthead Park,29409,"Bordesley, Birmingham , England",1906,Birmingham,Shelby Companies [ 2 ],PRIVATE,st-andrews-knighthead-park,OPEN,HYBRID,,52.475830,-1.868060
Ewood Park,31367,Nuttall Street,1882,Blackburn,Blackburn Rovers F.C.,PRIVATE,ewood-park,OPEN,GRASS,,53.728610,-2.489170
Ashton Gate,27000,"Ashton Road, Bristol BS3 2EJ",1887,Bristol,Bristol Sport,PRIVATE,ashton-gate,OPEN,HYBRID,,51.440000,-2.620280
The Valley,26875,"Charlton London , SE7 England",1919,London,Charlton Athletic F.C.,PRIVATE,the-valley,OPEN,HYBRID,,51.486390,0.036390
Coventry Building Society Arena,32609,"Jimmy Hill Way, Rowleys Green, Coventry , England, CV6 6GE",2005,Coventry,Coventry City Football Club,PRIVATE,coventry-building-society-arena,OPEN,HYBRID,The Miller Partnership,52.448060,-1.495560
Pride Park Stadium,33597,Pride Park Derby DE24 8XL,1997,Derby,Derby County F.C.,PRIVATE,pride-park-stadium,OPEN,GRASS,Miller Partnership,52.915000,-1.447222
MKM Stadium,25586,"The Circle, Walton Street, Anlaby Road, Hull , East Riding of Yorkshire , England , HU3 6HU",2002,Kingston upon Hull,Hull City Council,PUBLIC,mkm-stadium,OPEN,HYBRID,The Miller Partnership,53.746110,-0.367780
Portman Road,30056,"Ipswich , Suffolk , England",1884,Ipswich,Ipswich Borough Council own the land only. Stadium owned by club [ 1 ],MIXED,portman-road,OPEN,HYBRID,,52.055000,1.145280
King Power Stadium,32259,Filbert Way,2002,Leicester,King Power,PRIVATE,king-power-stadium,OPEN,HYBRID,The Miller Partnership,52.620278,-1.142222
Riverside Stadium,33746,"Middlesbrough , England",1995,Middlesbrough,Middlesbrough,PRIVATE,riverside-stadium,OPEN,GRASS,,54.578330,-1.216940
The Den,20146,"New Cross Gate London , SE16",1992,London,Millwall F.C.,PRIVATE,the-den,OPEN,HYBRID,,51.485830,-0.050830
Carrow Road,27244,"Norwich , Norfolk , England",1935,Norwich,Norwich City F.C.,PRIVATE,carrow-road,OPEN,HYBRID,,52.622220,1.309170
Kassam Stadium,12500,"Grenoble Road, Littlemore , Oxford , England, OX4 4XP",2001,Oxford,Firoka Group,PRIVATE,kassam-stadium,OPEN,GRASS,ACP Architecture Ltd,51.716390,-1.208060
Fratton Park,20688,"Frogmore Road, Portsmouth , PO4 8RA",1899,Portsmouth,Portsmouth F.C.,PRIVATE,fratton-park,OPEN,ARTIFICIAL,"Alfred H. Bone (1898–99, 1905), A. E. Cogswell (1900), Archibald Leitch (1925, 1935), KSS Design Group",50.796390,-1.063890
Deepdale,23408,"Sir Tom Finney Way, Preston , Lancashire, PR1 6RU, England",1875,"Preston, Lancashire",Preston North End F.C.,PRIVATE,deepdale,OPEN,GRASS,,53.772220,-2.688060
Loftus Road Stadium,18360,South Africa Road,1904,London,Queens Park Rangers Football & Athletic Club Ltd,PRIVATE,loftus-road-stadium,OPEN,GRASS,,51.509170,-0.232220
Bramall Lane,32702,"Highfield, Sheffield England S2 4SU",1855,Sheffield,Sheffield United,PRIVATE,bramall-lane,OPEN,HYBRID,(John St Stand) Ward McHugh Associates,53.370280,-1.470830
Hillsborough,39859,"Owlerton, Sheffield , South Yorkshire , England",1899,Sheffield,"Hillsborough 1899 Limited, Arise Capital Partners",PRIVATE,hillsborough,OPEN,GRASS,,53.411390,-1.500560
St Mary's Stadium,32384,"Britannia Rd, Southampton , England, SO14 5FP",2001,Southampton,Southampton,PRIVATE,st-marys-stadium,OPEN,HYBRID,,50.905830,-1.391110
bet365 Stadium,30089,Stanley Matthews Way Stoke-on-Trent England ST4 4EG,1997,Stoke-on-Trent,Stoke City,PRIVATE,bet365-stadium,OPEN,HYBRID,,52.988330,-2.175560
Swansea.com Stadium,21088,"Normandy Road, [ 3 ] Swansea , Wales",2005,Swansea,City and County of Swansea Council,PUBLIC,swanseacom-stadium,OPEN,HYBRID,"TTH Architects, Gateshead UK",51.642200,-3.935100
Vicarage Road,21577,Vicarage Road Watford WD18 0ER,1922,Watford,Watford,PRIVATE,vicarage-road,OPEN,HYBRID,,51.649720,-0.401390
The Hawthorns,26850,Halfords Lane West Bromwich B71 4LF,1900,West Bromwich,West Bromwich Albion F.C.,PRIVATE,the-hawthorns,OPEN,HYBRID,,52.509170,-1.963890
STōK Cae Ras,13341,"Mold Road, Wrexham, Wales LL11 2AH",1807,Wrexham,Wrexham A.F.C. (since 29 June 2022),PRIVATE,stok-cae-ras,OPEN,HYBRID,Ward McHugh Associates (Yale Stand),53.051940,-3.003610
Olympiastadion Berlin,74667,"Westend , Charlottenburg-Wilmersdorf , Berlin , Germany",1934,Berlin,Government of Berlin,PUBLIC,olympiastadion-berlin,OPEN,GRASS,Werner March/Albert Speer,52.514722,13.239444
SchücoArena,26750,"Bielefeld , Germany",1926,Bielefeld,Arminia Bielefeld,PRIVATE,schucoarena,OPEN,GRASS,,52.031940,8.516670
Vonovia Ruhrstadion,26000,"Castroper Straße 145, 44791 Bochum , Germany",1979,Bochum,VfL Bochum,PRIVATE,vonovia-ruhrstadion,OPEN,GRASS,,51.490000,7.236670
EINTRACHT-Stadion,23325,"Braunschweig , Germany",1923,Braunschweig,Stadthalle Braunschweig Betriebsgesellschaft mbH,PRIVATE,eintracht-stadion,OPEN,GRASS,,52.290000,10.521670
Merck-Stadion am Böllenfalltor,17810,"Nieder-Ramstädter Str. 170, 64285 Darmstadt",1921,Darmstadt,SV Darmstadt 98 Stadion GmbH,MIXED,merck-stadion-am-bollenfalltor,OPEN,GRASS,,49.857780,8.672220
Rudolf-Harbig-Stadion,32123,"Dresden, Germany",1923,Dresden,City of Dresden,PUBLIC,rudolf-harbig-stadion,OPEN,GRASS,Hermann Ilgen,51.040280,13.747780
MERKUR SPIEL-ARENA,54600,"Düsseldorf , Germany",2004,Düsseldorf,City of Düsseldorf,PUBLIC,merkur-spiel-arena,RETRACTABLE,GRASS,JSK Architekten,51.261670,6.733060
Ursapharm-Arena an der Kaiserlinde,9307,"Spiesen-Elversberg , Germany",2005,Spiesen-Elversberg,Kaiserlinde Stadiongesellschaft mbH & Co. KG,PRIVATE,ursapharm-arena-an-der-kaiserlinde,OPEN,GRASS,,49.318610,7.121670
Sportpark Ronhof | Thomas Sommer,16626,"Fürth , Germany",1910,Fürth,Conny Brandstätter,PRIVATE,sportpark-ronhof-thomas-sommer,OPEN,GRASS,,49.486940,10.999170
Heinz-von-Heiden-Arena,49000,"Hanover , Germany",1954,Hanover,Hannover 96 Arena GmbH & Co. KG,PRIVATE,heinz-von-heiden-arena,OPEN,GRASS,Schulitz & Partner Architects,52.360000,9.731110
Fritz-Walter-Stadion,49350,"Kaiserslautern , Rhineland-Palatinate , Germany",1920,Kaiserslautern,Fritz-Walter-Stadion Kaiserslautern GmbH,PRIVATE,fritz-walter-stadion,OPEN,GRASS,Folker Fiebiger,49.434440,7.776110
BBBank Wildpark,33180,"Adenauerring 17 76131 Karlsruhe , Baden-Württemberg , Germany",1922,Karlsruhe,Stadt Karlsruhe ( City of Karlsruhe ),PUBLIC,bbbank-wildpark,OPEN,GRASS,Thomas Großmann,49.020000,8.413060
Holstein-Stadion,15034,"Westring 501, 24106 Kiel",1911,Kiel,Stadt Kiel,PUBLIC,holstein-stadion,OPEN,GRASS,,54.349170,10.123610
Avnet-Arena,30098,"Magdeburg , Germany",2006,Magdeburg,City of Magdeburg,PUBLIC,avnet-arena,OPEN,GRASS,,52.125560,11.670830
LVM-Preußenstadion,12794,"Münster , Germany",1926,Münster,Münster municipality,PUBLIC,lvm-preuenstadion,OPEN,GRASS,,51.929720,7.624720
Max-Morlock-Stadion,50000,"Nuremberg , Germany",1928,Nuremberg,City of Nuremberg,PUBLIC,max-morlock-stadion,OPEN,GRASS,,49.426110,11.125830
Home Deluxe Arena,15000,"Paderborn , Germany",2008,Paderborn,Paderborner Stadion Gesellschaft (PSG),PUBLIC,home-deluxe-arena,OPEN,GRASS,"Josef Ellebracht, Bremer AG",51.730830,8.711110
Veltins-Arena,62278,"Gelsenkirchen , North Rhine-Westphalia, Germany",2001,Gelsenkirchen,FC Schalke 04,PRIVATE,veltins-arena,RETRACTABLE,GRASS,"Hentrich, Hubert Petschnigg und Partner",51.554440,7.067500
Carlos Belmonte,16998,"Albacete , Spain",1960,Albacete,Ayuntamiento de Albacete,PUBLIC,carlos-belmonte,OPEN,GRASS,,38.981117,-1.852142
UD Almería Stadium,18331,"Almería , Spain",2004,Almería,Ayuntamiento de Almería [ es ],PUBLIC,ud-almeria-stadium,OPEN,GRASS,,36.840000,-2.435280
Estadi de la FAF,5600,"Encamp , Andorra",2025,Encamp,Federació Andorrana de Futbol,PRIVATE,estadi-de-la-faf,OPEN,HYBRID,,42.533500,1.575900
El Plantío,12194,"Burgos , Spain",1964,Burgos,Burgos City Council,PUBLIC,el-plantio,OPEN,GRASS,,42.344170,-3.680560
JP Financial,21094,"Plaza de Madrid, s/n 11010 Cádiz",1955,Cádiz,Ayuntamiento de Cádiz,PUBLIC,jp-financial,OPEN,GRASS,Manuel Muñoz Monasterio,36.502780,-6.273060
SkyFi Castalia,15500,"Castelló de la Plana , Spain",1987,Castellón de la Plana,Ayuntamiento de Castellón,PUBLIC,skyfi-castalia,OPEN,GRASS,,39.996053,-0.038792
Alfonso Murube,6500,"Avenida de Otero s/n 51002 Ceuta , Spain",1997,Ceuta,Autonomous city of Ceuta,MIXED,alfonso-murube,OPEN,GRASS,,35.885400,-5.327900
Bahrain Victorious Nuevo Arcángel,21822,"Córdoba , Andalusia, Spain",1993,"Córdoba, Spain",Ayuntamiento de Córdoba,PUBLIC,bahrain-victorious-nuevo-arcangel,OPEN,GRASS,,37.872294,-4.764642
Reino de León,13451,"León, Spain",2001,"León, Spain",Leonese City Council,PUBLIC,reino-de-leon,OPEN,GRASS,,42.587482,-5.576699
Abanca Riazor,32912,,1944,A Coruña,Concello de A Coruña,PUBLIC,abanca-riazor,OPEN,GRASS,Santiago Rey Pedreira,43.368716,-8.417510
Ipurua,8164,"Eibar , Spain",1947,Eibar,Eibar City Council,PUBLIC,ipurua,OPEN,GRASS,,43.181706,-2.475803
Nuevo Los Cármenes,19336,"Calle Pintor Manuel Maldonado, s/n. 18008 - Granada , Spain",1995,Granada,Ayuntamiento de Granada,PUBLIC,nuevo-los-carmenes,OPEN,GRASS,,37.153060,-3.595830
El Alcoraz,9128,"Huesca , Spain",1972,Huesca,SD Huesca,PRIVATE,el-alcoraz,OPEN,GRASS,,42.131940,-0.424440
Estadio de Gran Canaria,32400,"Las Palmas , Spain",2003,Las Palmas,Cabildo de Gran Canaria,PUBLIC,estadio-de-gran-canaria,OPEN,GRASS,Pedro Medina,28.100280,-15.456670
Ontime Butarque,14422,"Leganés , Community of Madrid , Spain",1998,Leganés,Ayuntamiento de Leganés,PUBLIC,ontime-butarque,OPEN,GRASS,,40.340400,-3.760700
La Rosaleda,30044,"Málaga , Spain",1941,Málaga,Ayuntamiento de Málaga Diputación Provincial de Málaga Junta de Andalucía,PUBLIC,la-rosaleda,OPEN,GRASS,,36.734200,-4.426600
Anduva,5759,"Miranda de Ebro , Spain",1949,Miranda de Ebro,Miranda de Ebro City Council,PUBLIC,anduva,OPEN,GRASS,,42.680830,-2.935560
El Sardinero,22308,"Santander , Spain",1988,"Santander, Spain",Santander City Council,PUBLIC,el-sardinero,OPEN,GRASS,Tim-Oliver Wagner,43.476390,-3.793330
Instalaciones de Zubieta,2500,"Zubieta, San Sebastián Basque Country",2004,San Sebastián,Real Sociedad,PRIVATE,instalaciones-de-zubieta,OPEN,GRASS,,43.258330,-2.025280
El Molinón - Enrique Castro 'Quini',29371,"Gijón , Asturias , Spain",1908,Gijón,Ayuntamiento de Gijón,PUBLIC,el-molinon-enrique-castro-quini,OPEN,GRASS,,43.536110,-5.637220
José Zorrilla,27618,"Avenida del Mundial 82, s/n 47014, Valladolid, Castile and León , Spain",1982,Valladolid,Ayuntamiento de Valladolid,PUBLIC,jose-zorrilla,OPEN,GRASS,Ricardo Soria,41.644440,-4.761110
Ibercaja Estadio,20071,"Parking Nte. Expo, s/n Zaragoza , Aragon , Spain",2025,Zaragoza,Autonomous community of Aragon,PRIVATE,ibercaja-estadio,OPEN,GRASS,,41.684306,-0.895361
Ceres Park Vejlby,12000,Vejlby Centervej 53 DK-8240 Risskov,2025,Aarhus,Aarhus Kommune,MIXED,ceres-park-vejlby,OPEN,GRASS,,56.192390,10.210301
Brøndby Stadion,28000,"2605 Brøndbyvester , Brøndby Municipality , Denmark",1965,Brøndby Municipality,Brøndby IF A/S,PRIVATE,brndby-stadion,OPEN,HYBRID,KSH Arkitekt & Ingeniør,55.648890,12.418610
Parken - connected by 3,38065,"Per Henrik Lings Allé 2, DK-2100 Østerbro , Copenhagen , Denmark",1992,Copenhagen,Parken Sport & Entertainment,PRIVATE,parken-connected-by-3,RETRACTABLE,HYBRID,Gert Andersson,55.702500,12.572220
Monjasa Park,6000,Vestre Ringvej 102 Fredericia Denmark,2006,Fredericia,Fredericia Municipality [ 3 ],PUBLIC,monjasa-park,OPEN,GRASS,,55.578250,9.728600
MCH Arena,12055,Kaj Zartows Vej 5 7400 Herning,2004,Herning,MCH Group A/S [ 4 ],PRIVATE,mch-arena,OPEN,GRASS,Kobra Arkitekter A/S,56.116868,8.951669
Right to Dream Park,10300,Idrætsvænget 2 3520 Farum,2000,Farum,Furesø Municipality,PUBLIC,right-to-dream-park,OPEN,ARTIFICIAL,Gert Andersen ApS,55.815847,12.353289
Nature Energy Park,15761,Højstrupvej 7B DK-5200 Odense V,1941,Odense,Odense Municipality [ 5 ] Odense Sport & Event [ 6 ],PUBLIC,nature-energy-park,OPEN,GRASS,"(1939–1941), Gert Andersson (1996–1997), Søren Vestergaard of TKT A/S",55.397771,10.350055
Cepheus Park Randers,10300,Viborgvej 92A 8920 Randers NV,1961,Randers,Randers Municipality,PUBLIC,cepheus-park-randers,OPEN,GRASS,C. F. Møller Architects,56.465940,10.010262
JYSK Park,10000,"Silkeborg , Denmark",2017,Silkeborg,Silkeborg Municipality,PUBLIC,jysk-park,OPEN,ARTIFICIAL,Årstiderne Arkitekter,56.184302,9.575658
AL Sydbank Park,10021,Stadionvej 7 DK-6100 Haderslev,2001,Haderslev,Haderslev Kommune and HFK Tribune,PUBLIC,al-sydbank-park,OPEN,GRASS,P+P arkitekter,55.261359,9.487791
Vejle Stadion,11060,Roms Hule 3 7100 Vejle,2008,Vejle,Vejle Kommune,PUBLIC,vejle-stadion,OPEN,GRASS,,55.713814,9.557161
Energi Viborg Arena,9566,Stadion Allé 7 8800 Viborg Denmark,2007,"Viborg, Denmark",Viborg Municipality [ 1 ],PUBLIC,energi-viborg-arena,OPEN,GRASS,,56.455830,9.401940
Stadio Georgios Karaiskakis,33345,"Piraeus , Attica , Greece",1895,Piraeus,Hellenic Olympic Committee,PUBLIC,stadio-georgios-karaiskakis,OPEN,HYBRID,DECATHLON S.AStelios Agiostratitis,37.946110,23.664440
Apostolos Nikolaidis,15000,"160 Alexandras Avenue, Ampelokipoi , Athens , Greece",1922,Athens,Panathinaikos AC,PRIVATE,apostolos-nikolaidis,OPEN,GRASS,,37.987220,23.754170
Toumba Stadium,28703,"Thessaloniki , Greece",1959,Thessaloniki,AC PAOK,PRIVATE,toumba-stadium,OPEN,GRASS,Minas Trempelas,40.613890,22.972500
Allwyn Arena,32500,"Fokon 11, 14341",2022,Nea Filadelfeia,AEK Athens F.C.,PRIVATE,allwyn-arena,OPEN,GRASS,Athanassios Kyratsous,38.037187,23.740932
"Gipedo ""Kleanthis Vikelidis""",22800,"Thessaloniki , Greece",1951,Thessaloniki,AC Aris Thessaloniki,PRIVATE,gipedo-kleanthis-vikelidis,OPEN,HYBRID,Kostas Philippou,40.600000,22.969440
Stadio Peristeriou,9050,"Peristeri , Athens , Greece",1970,Peristeri,Municipality of Peristeri,PUBLIC,stadio-peristeriou,OPEN,GRASS,,38.004720,23.689720
Pankritio Stadio,25780,"Heraklion , Crete , Greece",2004,Heraklion,Hellenic Olympic Committee,PUBLIC,pankritio-stadio,OPEN,GRASS,Vassilis Floudas & Associates,35.336670,25.106110
Gipedo Theodoros Kolokotronis,7423,"Tripoli , Greece",2005,"Tripoli, Greece",Asteras Tripolis FC,PRIVATE,gipedo-theodoros-kolokotronis,OPEN,GRASS,,37.502500,22.388610
Gipedo Panetolikou,7321,"Agrinio , Greece",1930,Agrinio,Panetolikos,PRIVATE,gipedo-panetolikou,OPEN,GRASS,,38.630000,21.411670
Dimotiko Gipedo Serron,9500,"Serres , Greece",1926,Serres,Municipality of Serres,PUBLIC,dimotiko-gipedo-serron,OPEN,GRASS,,41.084700,23.546600
Panthessaliko Stadio,22700,"Volos , Greece",2004,Volos,Hellenic Olympic Committee,PUBLIC,panthessaliko-stadio,OPEN,GRASS,,39.387500,22.931110
"Stadio Livadias ""Lampros Katsonis""",5915,"Livadeia , Boeotia , Greece",1952,Livadeia,Levadiakos F.C.,PRIVATE,stadio-livadias-lampros-katsonis,OPEN,GRASS,,38.435897,22.882844
AEL Novibet Arena,16118,"Larissa , Greece",2010,Larissa,Gipedo Larissa A.E.,PRIVATE,ael-novibet-arena,OPEN,GRASS,Dimitris Potiropoulos D+L architects S.A.,39.615610,22.399490
Gipedo Neapolis,4999,,1965,Kifissia,Municipality of Kifissia,PUBLIC,gipedo-neapolis,OPEN,GRASS,,38.067400,23.811400
St. Jakob-Park,38512,"Basel , Switzerland",2001,Basel,Genossenschaft Stadion St. Jakob-Park,PRIVATE,st-jakob-park,OPEN,GRASS,Herzog & de Meuron,47.541670,7.620280
Stadion Wankdorf,31500,"Papiermühlestrasse 71 CH-3022 Bern , Switzerland",2005,Bern,Stade de Suisse Wankdorf Nationalstadion AG,PRIVATE,stadion-wankdorf,OPEN,ARTIFICIAL,Marazzi Generalunternehmung AG,46.963060,7.464720
Stadion Letzigrund,26104,"Zurich , Switzerland",2007,Zurich,City of Zurich,PUBLIC,stadion-letzigrund,OPEN,GRASS,"Bétrix & Consolascio, Frei & Ehrensperger",47.382780,8.504440
Stade de Genève,30084,"Lancy , Switzerland",2003,Lancy,Fondation du Stade de Genève,PUBLIC,stade-de-geneve,OPEN,HYBRID,,46.177780,6.127500
AIL Arena,8793,"Lugano , Ticino , Switzerland",2026,Lugano,City of Lugano,PUBLIC,ail-arena,OPEN,GRASS,,46.023610,8.961670
thermoplan arena,15680,"Lucerne , Switzerland",2011,Lucerne,Stadion Luzern AG,PRIVATE,swissporarena,OPEN,GRASS,Daniele Marques,47.033300,8.305200
kybunpark,20660,"St. Gallen , St. Gallen (Wahlkreis) , Switzerland",2008,St. Gallen,Stadion St.Gallen AG,PRIVATE,kybunpark,OPEN,GRASS,"Bruno Clerici, St. Gallen",47.408330,9.306390
Tourbillon,14850,"Sion , Valais , Switzerland",1968,"Sion, Switzerland",City of Sion,PUBLIC,tourbillon,OPEN,GRASS,,46.233330,7.376390
Schützenwiese,8700,"Winterthur, Switzerland",1957,Winterthur,City of Winterthur,PUBLIC,schutzenwiese,OPEN,GRASS,,47.500755,8.717510
Stade de la Tuilière,12544,"Lausanne , Switzerland",2020,Lausanne,City of Lausanne,PUBLIC,stade-de-la-tuiliere,OPEN,ARTIFICIAL,,46.543611,6.621972
Visana Stadion,10014,"Thun , Switzerland",2010,Thun,Genossenschaft Arena Thun GNAT [ 1 ],PRIVATE,visana-stadion,OPEN,ARTIFICIAL,,46.744720,7.606110
Maksimir,35123,"Maksimir , Zagreb , Croatia",1912,Zagreb,GNK Dinamo Zagreb,PRIVATE,maksimir,OPEN,HYBRID,"Vladimir Turina, Branko Kincl",45.818890,16.018060
Poljud,34183,"Spinut [ hr ] , Split , Croatia",1979,"Split, Croatia",City of Split,PUBLIC,poljud,OPEN,GRASS,,43.519440,16.431670
Stadion Rujevica,8136,"Rijeka , Croatia",2015,Rijeka,HNK Rijeka,PRIVATE,stadion-rujevica,OPEN,HYBRID,,45.347889,14.402194
Opus Arena,13005,"Retfala , Osijek , Croatia",2023,Osijek,NK Osijek Football Academy,PRIVATE,opus-arena,OPEN,HYBRID,Sirrah Projekt d.o.o.,45.566390,18.657500
Kranjceviceva,8850,"Zagreb , Croatia",1914,Zagreb,City of Zagreb,PUBLIC,kranjceviceva,OPEN,HYBRID,,45.804720,15.960830
Aldo Drosina,9056,"Pula , Croatia",1994,Pula,City of Pula,PUBLIC,aldo-drosina,OPEN,HYBRID,,44.861570,13.851700
SRC Velika Gorica,5050,"Velika Gorica , Croatia",1987,Velika Gorica,City of Velika Gorica,PUBLIC,src-velika-gorica,OPEN,GRASS,,45.724000,16.073200
Gradski Stadion Ivan Kusek Apas,5000,"Koprivnica , Croatia",,Koprivnica,City of Koprivnica,PUBLIC,gradski-stadion-ivan-kusek-apas,OPEN,HYBRID,,46.166110,16.834720
Gradski stadion Andelko Herjavec,10800,"Varaždin , Croatia",1931,Varaždin,NK Varaždin,PRIVATE,gradski-stadion-andelko-herjavec,OPEN,GRASS,,46.293300,16.344300
Gradski Stadion u Borovu naselju,6000,"Vinkovci , Croatia",1966,Vinkovci,City of Vinkovci,PUBLIC,gradski-stadion-u-borovu-naselju,OPEN,GRASS,,45.283742,18.797382
GSP Stadium,22859,"Strovolos , Nicosia District, Cyprus",1999,Nicosia,Pancyprian Gymnastic Association,PRIVATE,gsp-stadium,OPEN,GRASS,TDA Architects,35.114528,33.362833
Limassol Arena,10700,"Kolossi , Limassol District , Cyprus",2022,Limassol,Cyprus Sports Organisation (CSO),MIXED,limassol-arena,OPEN,GRASS,Petros Kontaridis,34.693330,32.939170
AEK Arena - Georgios Karapatakis,8058,"Larnaca , Cyprus",2016,Aradippou,AEK Larnaca,PRIVATE,aek-arena-georgios-karapatakis,OPEN,GRASS,,34.926390,33.597780
Antonis Papadopoulos,10230,"Larnaca , Cyprus",1986,Larnaca,Anorthosis Famagusta,PRIVATE,antonis-papadopoulos,OPEN,GRASS,,34.937500,33.620830
Antonis Papadopoulos,11930,"Larnaca , Cyprus",1983,Aradippou,Anorthosis Famagusta,PRIVATE,antonis-papadopoulos-2,OPEN,GRASS,,34.937500,33.620830
Stelios Kyriakides Stadium,9394,"Paphos , Cyprus",1985,Paphos,Cyprus Sport Organisation (Greek: Κυπριακός Οργανισμός Αθλητισμού),PUBLIC,stelios-kyriakides-stadium,OPEN,GRASS,,34.769186,32.440144
Ammochostos Stadium,5500,"Larnaca , Cyprus",1991,Larnaca,Nea Salamis Famagusta,PRIVATE,ammochostos-stadium,OPEN,GRASS,,34.929720,33.613060
Stadio Ethnikos Achnas (Dasaki),7000,"Dasaki Achnas , Sovereign Base Areas of Akrotiri and Dhekelia , Cyprus",1997,Dasaki Achnas,Ethnikos Achna FC,PRIVATE,stadio-ethnikos-achnas-dasaki,OPEN,GRASS,,35.033890,33.765000
"Dimotiko Stadio ""Tasos Markou""",5800,"Paralimni , Cyprus",1996,Paralimni,Paralimni Municipality,PUBLIC,dimotiko-stadio-tasos-markou,OPEN,GRASS,,35.030830,33.987220
Groupama Aréna,23698,"Ferencváros , Budapest , Hungary",2014,Budapest,Hungarian State,PRIVATE,groupama-arena,OPEN,GRASS,Ágnes Streit,47.475560,19.095280
ETO-Park,15600,"Győr , Hungary",2008,Győr,Private owner,PRIVATE,eto-park,OPEN,GRASS,,47.695769,17.663827
Szusza Ferenc Stadion,12670,"Megyeri út 13, Újpest , Budapest",1922,Budapest,NUSI,PRIVATE,szusza-ferenc-stadion,OPEN,HYBRID,Alfréd Hajós,47.575000,19.084720
Új Hidegkuti Nándor Stadion,5322,"Józsefváros , Budapest , Hungary",2016,Budapest,Government of Hungary,PUBLIC,uj-hidegkuti-nandor-stadion,OPEN,GRASS,Péter Bordás,47.490830,19.106670
Pancho Aréna,3816,"Felcsút , Hungary",2014,Felcsút,Felcsúti Utánpótlás Neveléséért Alapítvány,PRIVATE,pancho-arena,OPEN,GRASS,Imre Makovecz,47.464000,18.586800
Nagyerdei Stadion,20340,"Debrecen , Hungary",2014,Debrecen,City of Debrecen,PUBLIC,nagyerdei-stadion,OPEN,GRASS,Péter Bordás,47.553890,21.633330
ZTE-Aréna,11200,"Zalaegerszeg , Hungary",1921,Zalaegerszeg,City of Zalaegerszeg,PUBLIC,zte-arena,OPEN,GRASS,,46.848610,16.848610
Városi Stadion,8150,"Nyíregyháza , Hungary",2024,Nyíregyháza,City of Nyíregyháza,PUBLIC,varosi-stadion,OPEN,GRASS,,47.970280,21.712780
Fehérvári úti Stadion,6150,"Paks , Hungary",1965,Paks,Paksi FC,PRIVATE,fehervari-uti-stadion,OPEN,GRASS,,46.633610,18.852500
Várkerti Stadion,2993,"Kisvárda , Hungary",2018,Kisvárda,Kisvárda FC,PRIVATE,varkerti-stadion,OPEN,GRASS,,48.225434,22.087968
DVTK Stadion,14646,"Miskolc , Hungary",2018,Miskolc,City of Miskolc,PUBLIC,dvtk-stadion,OPEN,GRASS,Péter Pottyondy,48.099440,20.717220
Kolorcity Aréna,1100,"Kazincbarcika , Hungary Akácfa út 2.",2020,Kazincbarcika,Kazincbarcika Város Önkormányzata,PUBLIC,kolorcity-arena,OPEN,GRASS,,48.243890,20.610280
Rajko Mitić,51755,"Dedinje , Belgrade , Serbia",1963,Belgrade,Red Star Belgrade,PRIVATE,rajko-mitic,OPEN,HYBRID,,44.783330,20.464720
Partizan Stadium,32712,"Autokomanda , Belgrade , Serbia",1948,Belgrade,Partizan Belgrade [ 1 ],PRIVATE,partizan-stadium,OPEN,HYBRID,Mihailo Janković,44.788744,20.459097
Stadion Karadjordje,14852,"Novi Sad , Vojvodina , Serbia",1924,Novi Sad,FK Vojvodina,PRIVATE,stadion-karadjordje,OPEN,HYBRID,,45.246670,19.842220
Stadion Cukaricki,4070,"Čukarica , Belgrade , Serbia",1969,Belgrade,SD Čukarički,PRIVATE,stadion-cukaricki,OPEN,ARTIFICIAL,,44.772658,20.421639
TSC Arena,4500,"Bačka Topola , Serbia",2021,Bačka Topola,FK TSC,PRIVATE,tsc-arena,OPEN,HYBRID,,45.815881,19.627569
Gradski stadion Subotica,13020,"117 Belgrade Road, Subotica , Serbia",1936,Subotica,City of Subotica,PUBLIC,gradski-stadion-subotica,OPEN,GRASS,,46.081781,19.676958
Stadion Čair,18151,"Niš , Serbia",1963,Niš,City of Niš,PUBLIC,stadion-cair,OPEN,HYBRID,,43.315528,21.908533
Gradski stadion Novi Pazar,6900,"Novi Pazar , Serbia",2012,Novi Pazar,FK Novi Pazar and FK Jošanica,PRIVATE,gradski-stadion-novi-pazar,OPEN,HYBRID,,43.134236,20.516067
SRC Mr Radoš Milovanović,5944,,,Lučani,Municipality of Lučani,PUBLIC,src-mr-rados-milovanovic,OPEN,ARTIFICIAL,,43.860000,20.132600
Stadion Mladost,10331,"Kruševac , Serbia",1976,Kruševac,Napredak Kruševac,PRIVATE,stadion-mladost,OPEN,HYBRID,,43.583114,21.338122
Čika Dača Stadion,15100,"Kragujevac , Serbia",1949,Kragujevac,City of Kragujevac,PUBLIC,cika-daca-stadion,OPEN,GRASS,,44.020872,20.899194
Stadion kraj Moravice,3000,Ivanjica Serbia,,Ivanjica,FK Javor Ivanjica,PRIVATE,stadion-kraj-moravice,OPEN,ARTIFICIAL,,43.586122,20.227239
SC Mladost Pančevo,4000,,,Pančevo,City of Pančevo,PUBLIC,sc-mladost-pancevo,OPEN,ARTIFICIAL,,44.870560,20.640280
Stadion Lagator,8500,Loznica Serbia,2021,Loznica,City of Loznica,PUBLIC,stadion-lagator,OPEN,HYBRID,,44.539212,19.230742
Gradski stadion Surdulica,3312,"Surdulica , Serbia",1987,Surdulica,City of Surdulica,PUBLIC,gradski-stadion-surdulica,OPEN,ARTIFICIAL,,42.692211,22.165300
Omladinski stadion,19000,"Karaburma , Belgrade",1957,Belgrade,OFK Beograd,PRIVATE,omladinski-stadion,OPEN,GRASS,,44.815456,20.494047
Arena Arda,11114,"6600 Kardzhali, 36 ""Belomorski"" Blvd.",1963,Kardzhali,Kardzhali Municipality,PUBLIC,arena-arda,OPEN,GRASS,,41.641194,25.378056
Beroe,12128,"Stara Zagora , Bulgaria",1959,Stara Zagora,Stara Zagora municipality,PUBLIC,beroe,OPEN,GRASS,,42.432780,25.615280
Hristo Botev,18777,"Plovdiv , Bulgaria",1961,Plovdiv,Plovdiv Municipality,PUBLIC,hristo-botev,OPEN,GRASS,Anton Karavelov / Georgi Savov,42.139861,24.764440
Hristo Botev,8000,"Vratsa , Bulgaria",1946,Vratsa,Municipality of Vratsa,PUBLIC,hristo-botev-2,OPEN,GRASS,,43.200861,23.568694
Ticha,6250,"Varna , Bulgaria",1968,"Varna, Bulgaria",Municipality of Varna,PUBLIC,ticha,OPEN,GRASS,,43.215830,27.931390
Vitosha,1500,"Bistritsa, Sofia , Bulgaria",1958,"Bistritsa, Sofia",Vitosha Bistritsa,PRIVATE,vitosha,OPEN,GRASS,,42.591250,23.363417
Vasil Levski,43630,"Sofia , Bulgaria",1953,Sofia,Ministry of Physical Education and Sport,PUBLIC,vasil-levski,OPEN,GRASS,,42.737639,23.314806
Druzhba,12000,"Dobrich , Bulgaria",1960,Dobrich,Dobrich Municipality,PUBLIC,druzhba,OPEN,GRASS,,43.556000,27.826800
Georgi Asparuhov,17688,47 Todorini Kukli Str. 1517 Sofia,1963,Sofia,Sofia Municipality,PUBLIC,georgi-asparuhov,OPEN,GRASS,Lazar Parashkevanov,42.705560,23.363330
Lokomotiv,8765,"Plovdiv , Bulgaria",1982,Plovdiv,Municipality of Plovdiv,PUBLIC,lokomotiv,OPEN,GRASS,Zdravko Vasilkov,42.133890,24.771670
Lokomotiv,11200,"Sofia , Bulgaria",1985,Sofia,Ministry of Physical Education and Sport,PUBLIC,lokomotiv-2,OPEN,GRASS,,42.737639,23.314806
Huvepharma Arena,10423,"Razgrad , Bulgaria",1954,Razgrad,Razgrad Municipality,PUBLIC,huvepharma-arena,OPEN,GRASS,"Ardist OOD, RB Green OOD",43.534556,26.527722
Ogosta,5000,"Montana , Bulgaria",1962,"Montana, Bulgaria",Montana Municipality,PUBLIC,ogosta,OPEN,GRASS,,43.398610,23.225280
Aleksandar Shalamanov,15992,"Sofia , Bulgaria",1932,Sofia,Slavia Sofia,PRIVATE,aleksandar-shalamanov,OPEN,GRASS,,42.675361,23.272028
Spartak,8000,"Varna , Bulgaria",1962,"Varna, Bulgaria",Varna Municipality,PUBLIC,spartak,OPEN,GRASS,,43.218610,27.912500
NFS - Tehelné Pole,22500,"Viktora Tegelhoffa 4 Bratislava , Slovakia",1939,Bratislava,ŠK Slovan Bratislava,PRIVATE,nfs-tehelne-pole,OPEN,GRASS,Karol Kállay,48.163600,17.136900
MOL Aréna,12700,"Športová ulica 18 Dunajská Streda , Slovakia",1953,Dunajská Streda,"DAC Aréna, a.s.",PRIVATE,mol-arena,OPEN,GRASS,Csaba Ambrus (ADIF),47.999111,17.619111
City Aréna - Štadión Antona Malatinského,18200,Športová 1,2013,Trnava,City of Trnava,PUBLIC,city-arena-stadion-antona-malatinskeho,OPEN,HYBRID,Pavol Adamec,48.373330,17.591670
Štadión Sihoť,6366,"Mládežnícka 2313, Trenčín , Slovakia",1960,Trenčín,AS Trenčín,PRIVATE,stadion-sihot,OPEN,ARTIFICIAL,,48.898680,18.044738
Štadión pod Dubňom,11253,"Žilina , Slovakia",1941,Žilina,MŠK Žilina,PRIVATE,stadion-pod-dubnom,OPEN,ARTIFICIAL,,49.229119,18.744789
Štadión pod Čebraťom,5000,"Žilinská cesta 21 Ružomberok , Slovakia",1955,Ružomberok,MFK Ružomberok,PRIVATE,stadion-pod-cebratom,OPEN,GRASS,,49.082500,19.283890
Košická futbalová aréna (KFA),12555,"Pri prachárni 6, Košice , Slovakia",2021,Košice,City of Košice,PUBLIC,kosicka-futbalova-arena-kfa,OPEN,GRASS,HESCON,48.696670,21.245000
Futbal Tatran Arena,6500,"Čapajevova 47, 080 01 Prešov , Slovakia",2025,Prešov,Futbal Tatran Aréna,PRIVATE,futbal-tatran-arena,OPEN,GRASS,VSV consulting Slovakia,49.006756,21.234564
Zelpo Arena,6500,"Kolkáreň 58, Podbrezová , Slovakia",1959,Podbrezová,Železiarne Podbrezová,PRIVATE,zelpo-arena,OPEN,GRASS,,48.807405,19.523241
Mestský štadión Zemplín,4440,"Hviezdoslavova 5, Michalovce , Slovakia",1949,Michalovce,City of Michalovce,PUBLIC,mestsky-stadion-zemplin,OPEN,GRASS,,48.763161,21.909700
"Mestský štadión Skalica - ""Letňák""",3000,"Športová 54, 909 01 Skalica , Slovakia",,Skalica,City of Skalica,PUBLIC,mestsky-stadion-skalica-letnak,OPEN,GRASS,,48.839536,17.226686
Stadion ViOn,5000,Komárno Slovakia,,Komárno,City of Komárno,PUBLIC,stadion-vion,OPEN,GRASS,,48.399308,18.404072
Stadion Stožice,16038,"Ljubljana , Slovenia",2010,Ljubljana,City Municipality of Ljubljana,PUBLIC,stadion-stozice,OPEN,GRASS,Sadar&nbsp;+&nbsp;Vuga d.o.o,46.080444,14.524306
Ljudski Vrt,11709,"Maribor , Slovenia",1961,Maribor,City Municipality of Maribor,PUBLIC,ljudski-vrt,OPEN,GRASS,Milan Černigoj and Boris Pipan,46.562220,15.640280
Stadion Z'dežele,13059,"Lower Hudinja, Celje , Slovenia",2003,Celje,City Municipality of Celje,PUBLIC,stadion-zdezele,OPEN,GRASS,"Bojan Purg, Dragan Stevovič, Reichenberg architects",46.246670,15.270000
Bonifika,4047,"Koper , Slovenia",1948,Koper,Municipality of Koper,PUBLIC,bonifika,OPEN,GRASS,,45.542220,13.730280
Športni park Šiška Ljubljana,5000,"Spodnja Šiška Ljubljana , Slovenia",1930,Ljubljana,City of Ljubljana,PUBLIC,sportni-park-siska-ljubljana,OPEN,GRASS,,46.069440,14.499440
Mestni stadion Fazanerija,4506,"Murska Sobota , Slovenia",1936,Murska Sobota,City Municipality of Murska Sobota,PUBLIC,mestni-stadion-fazanerija,OPEN,GRASS,,46.668330,16.157500
Sportni park Aluminij,2600,"Kidričevo , Slovenia",1950,Kidričevo,NK Aluminij,PRIVATE,sportni-park-aluminij,OPEN,GRASS,,46.407780,15.789720
Mestni štadion v Ajdovščini,3000,"Ajdovščina , Slovenia",1929,Ajdovščina,City of Ajdovščina,PUBLIC,mestni-stadion-v-ajdovscini,OPEN,GRASS,,45.888169,13.894444
Športni park Radomlje,1200,"Domžale , Slovenia",1948,Domžale,Municipality of Domžale,PUBLIC,sportni-park-radomlje,OPEN,GRASS,,46.136940,14.602220
Tallaght Stadium,10500,"Whitestown Way, Tallaght , South Dublin, Ireland",2009,Tallaght,South Dublin County Council,PUBLIC,tallaght-stadium,OPEN,GRASS,Martin Noone Architects,53.283520,-6.373710
Tolka Park,5723,"Drumcondra , Dublin, Ireland",1953,Dublin,Dublin City Council,PUBLIC,tolka-park,OPEN,GRASS,,53.367500,-6.251940
Dalymount Park,4500,"Phibsborough , Dublin , Ireland",1901,Dublin,Dublin City Council [ 1 ],PUBLIC,dalymount-park,OPEN,GRASS,,53.361670,-6.275000
Richmond Park,5340,,1925,Dublin,St Patrick's Athletic F.C.,PRIVATE,richmond-park,OPEN,GRASS,,53.340830,-6.316670
Ryan McBride Brandywell Stadium,6300,Lone Moor Road Derry Northern Ireland,1928,Derry,Derry City and Strabane District Council,PUBLIC,ryan-mcbride-brandywell-stadium,OPEN,ARTIFICIAL,,54.990560,-7.336110
Sullivan & Lambe Park,2600,"Drogheda , County Louth",1979,Drogheda,Drogheda United F.C.,PRIVATE,sullivan-lambe-park,OPEN,GRASS,,53.723330,-6.357220
Eamonn Deacy Park,5000,Dyke Road Galway Ireland,1935,Galway,Galway Football Association,PRIVATE,eamonn-deacy-park,OPEN,GRASS,,53.284720,-9.056390
The Showgrounds,3873,"Sligo , County Sligo",1928,Sligo,The people of Sligo,PRIVATE,the-showgrounds,OPEN,GRASS,,54.270000,-8.487220
Turner's Cross,7485,"Curragh Road, Turners Cross , Cork",,Cork (city),Munster Football Association,PRIVATE,turners-cross,OPEN,GRASS,,51.885560,-8.467780
The RSC,5160,"Cork Road, Waterford , Ireland",1993,Waterford,Waterford City and County Council,PUBLIC,the-rsc,OPEN,GRASS,,52.246185,-7.124692
Cherry Red Records Stadium,9215,"Plough Lane, Wimbledon",2020,London,AFC Wimbledon,PRIVATE,cherry-red-records-stadium,OPEN,GRASS,KSS Design Group,51.431390,-0.186670
Oakwell Stadium,24009,"Grove Street Barnsley , South Yorkshire S71 1ET",1888,Barnsley,Barnsley Metropolitan Borough Council,PUBLIC,oakwell-stadium,OPEN,GRASS,,53.552220,-1.467500
Bloomfield Road,16220,Seasiders Way Blackpool FY1 6JJ,1899,Blackpool,Rose 123 Investments Ltd. [ 2 ],PRIVATE,bloomfield-road,OPEN,GRASS,"TTH Architects, Gateshead, UK",53.804720,-3.048060
Toughsheet Community Stadium,28723,Burnden Way Horwich Bolton BL6 6JW England [ 1 ],1997,Horwich,Bolton Wanderers,PRIVATE,toughsheet-community-stadium,OPEN,GRASS,,53.580556,-2.535556
University of Bradford Stadium,25136,Valley Parade Bradford West Yorkshire BD8 7DY England,1886,Bradford,Gordon Gibb pension fund [ 3 ],PRIVATE,university-of-bradford-stadium,OPEN,GRASS,,53.804170,-1.758890
Pirelli Stadium,6912,Princess Way Burton upon Trent Staffordshire DE13 0BH [ 1 ],2005,Burton upon Trent,Burton Albion,PRIVATE,pirelli-stadium,OPEN,GRASS,"Hadfield, Cawkwell and Davidson",52.821940,-1.626940
Cardiff City Stadium,33280,"Cardiff , Wales",2009,Cardiff,Cardiff City,PRIVATE,cardiff-city-stadium,OPEN,HYBRID,Arup Group Limited,51.472780,-3.203060
Eco-Power Stadium,15231,"Stadium Way, Lakeside, Doncaster , South Yorkshire , England DN4 5JW",2006,Doncaster,Doncaster Rovers Football Club,PRIVATE,eco-power-stadium,OPEN,HYBRID,,53.509720,-1.113890
St James Park,8830,,1904,Exeter,Exeter City Council,PUBLIC,st-james-park-2,OPEN,GRASS,,50.730830,-3.521110
Accu Stadium,24500,Stadium Way Huddersfield HD1 6PG West Yorkshire England,1994,Huddersfield,Huddersfield Town,PRIVATE,accu-stadium,OPEN,GRASS,Populous (company),53.654167,-1.768333
BetWright Stadium,9241,"Leyton , London , England",1937,London,Waltham Forest Council (leased),PUBLIC,betwright-stadium,OPEN,HYBRID,,51.560280,-0.012780
LNER Stadium,10130,Sincil Bank Lincoln LN5 8LD,1895,"Lincoln, England",Lincoln City Football Club,PRIVATE,lner-stadium,OPEN,GRASS,,53.218330,-0.540830
Kenilworth Road,11850,1 Maple Road East Bury Park Luton LU4 8AW Bedfordshire England,1905,Luton,Luton Borough Council,PUBLIC,kenilworth-road,OPEN,GRASS,,51.884170,-0.431670
One Call Stadium,9186,"Quarry Lane, Mansfield, Nottinghamshire, NG18 5DA",1861,Mansfield,John Radford,PRIVATE,one-call-stadium,OPEN,GRASS,,53.138060,-1.200560
Sixfields Stadium,7798,"Sixfields, Northampton , England",1994,Northampton,Northampton Town F.C.,PRIVATE,sixfields-stadium,OPEN,GRASS,,52.235280,-0.933330
Weston Homes Stadium,15314,"London Road, Peterborough , PE2 8AL",1934,Peterborough,London Road Peterborough Properties Ltd,PRIVATE,weston-homes-stadium,OPEN,GRASS,,52.564720,-0.240280
Home Park,18173,Mayflower Drive,2001,Plymouth,Plymouth Argyle F.C.,PRIVATE,home-park,OPEN,HYBRID,Archibald Leitch,50.388060,-4.150830
Vale Park,18947,Hamil Road Burslem Stoke-on-Trent ST6 1AW Staffordshire England,1950,Burslem,Port Vale F.C.,PRIVATE,vale-park,OPEN,GRASS,,53.049720,-2.192500
Select Car Leasing Stadium,24161,Junction 11 M4 Reading Berkshire RG2 0FL,1998,"Reading, Berkshire",Redwood Holdings,PRIVATE,select-car-leasing-stadium,OPEN,GRASS,,51.422220,-0.982780
New York Stadium,12000,New York Stadium New York Way Rotherham S60 1FJ [ 1 ],2012,Rotherham,Rotherham United F.C.,PRIVATE,new-york-stadium,OPEN,GRASS,S&P Architects and 3E Consulting Engineers,53.427900,-1.362000
Stevenage FC Stadium,7318,"Stevenage , Hertfordshire",1961,Stevenage,Stevenage F.C.,PRIVATE,stevenage-fc-stadium,OPEN,HYBRID,,51.889839,-0.193608
Edgeley Park,10832,Hardcastle Road Stockport SK3 9DD,1901,Stockport,Stockport Metropolitan Borough Council,PUBLIC,edgeley-park,OPEN,HYBRID,,53.399720,-2.166390
Brick Community Stadium,25133,"Loire Drive, Robin Park, Wigan WN5 0UH",1999,Wigan,Wigan Sporting Events Limited,PRIVATE,brick-community-stadium,OPEN,GRASS,,53.547780,-2.653890
Adams Park,10137,"Hillbottom Road, High Wycombe , Buckinghamshire , England",1990,High Wycombe,Wycombe Wanderers F.C.,PRIVATE,adams-park,OPEN,GRASS,,51.622000,-0.800000
Arena Lviv,34725,"Lviv , Ukraine",2011,Lviv,Concern «Sports Arenas of Ukraine» [ 1 ],PRIVATE,arena-lviv,OPEN,GRASS,Albert Wimmer ZT Gmbh (Vienna) / Arnika (Lviv),49.775280,24.027780
Valeriy Lobanovsky Stadion,16873,"3 Hrushevskyy st., Kyiv , Ukraine",1933,Kyiv,Dynamo Kyiv,PRIVATE,valeriy-lobanovsky-stadion,OPEN,GRASS,,50.450280,30.535280
Ukraina,28051,"Halych district, Lviv , Ukraine",1963,Lviv,City of Lviv,PUBLIC,ukraina,OPEN,GRASS,"Yaroslav Nazarkevych, Larysa Skoryk, Yaroslav Porokhnavets, Volodymyr Blyusyuk",49.819234,24.048193
Tsentralnyi Polissya,5928,,1951,Zhytomyr,,UNKNOWN,tsentralnyi-polissya,OPEN,GRASS,,50.246110,28.668890
Cherkasy-Arena,10321,"Cherkasy , Ukraine",1957,Cherkasy,"VSS ""Kolhospnyk"" (1957–1958) City of Cherkasy (1958–present)",MIXED,cherkasy-arena,OPEN,GRASS,,49.436100,32.054700
Kolos,5050,"Kovalivka , Bila Tserkva Raion , Ukraine",2014,Kovalivka,Kovalivka village,PRIVATE,kolos,OPEN,GRASS,,49.985830,30.008330
Girnyk,3219,"Kryvyi Rih , Ukraine",1956,Kryvyi Rih,,UNKNOWN,girnyk,OPEN,GRASS,,47.993864,33.436010
Stadion Avangard (2022),7122,"Rivne , Ukraine",,Rivne,common ownership,PRIVATE,stadion-avangard-2022,OPEN,GRASS,,50.616110,26.240830
KSK Nika,7000,"Oleksandria , Ukraine",1998,Oleksandriia,,UNKNOWN,ksk-nika,OPEN,GRASS,,48.674720,33.103610
Obolon-Arena,5103,"Kyiv , Ukraine",2002,Kyiv,Obolon,PRIVATE,obolon-arena,OPEN,GRASS,,50.527056,30.507500
Stadion Zirka imeni Stanislava Berezkina,14628,"Kropyvnytskyi , Ukraine",,Poltava,,UNKNOWN,stadion-zirka-imeni-stanislava-berezkina,OPEN,GRASS,,48.515833,32.266670
Arena Livyi Bereg,4700,"Kyiv Oblast , Ukraine",2022,Kyiv,,UNKNOWN,arena-livyi-bereg,OPEN,GRASS,,50.343750,30.622028
Bolt Arena,500,"Töölö , Helsinki , Finland",1999,Helsinki,City of Helsinki,PUBLIC,bolt-arena,OPEN,ARTIFICIAL,,60.187500,24.922500
OmaSP Stadion,6075,"Seinäjoki , Finland",2015,Seinäjoki,Seinäjoki Stadion Oy,PUBLIC,omasp-stadion,OPEN,ARTIFICIAL,Arkkitehtitoimisto Jääskeläinen Oy,62.778610,22.814720
Jotun Arena,8000,"Kuopio , Finland",2007,Kuopio,Kiinteistö Oy Kuopion Keskuskenttä,PRIVATE,jotun-arena-2,OPEN,ARTIFICIAL,,62.884630,27.671800
Veritas Stadion,9072,"Turku , Finland",1952,Turku,City of Turku,PUBLIC,veritas-stadion,OPEN,ARTIFICIAL,,60.442780,22.291670
Tammelan Stadion,8017,"Tammela , Tampere",2021,Tampere,City of Tampere,PUBLIC,tammelan-stadion,OPEN,ARTIFICIAL,JKMM Architects,61.500300,23.785300
OSiR,999,"Koskikeskus , Oulu , Finland",1953,Oulu,City of Oulu,PUBLIC,osir,OPEN,GRASS,,65.019720,25.465830
Hietalahti Stadium,6009,"Vaasa , Finland",1935,Vaasa,City of Vaasa,PUBLIC,hietalahti-stadium,OPEN,ARTIFICIAL,,63.085280,21.627780
Dudgeon Park,3000,"Valkeakoski , Finland",1934,Valkeakoski,Valkeakosken Tehtis Oy,PRIVATE,dudgeon-park,OPEN,ARTIFICIAL,,61.268060,24.020280
Jakobstads Centralplan,5000,"Jakobstad , Finland",1971,Jakobstad,City of Jakobstad,PUBLIC,jakobstads-centralplan,OPEN,ARTIFICIAL,,63.673610,22.695000
Wiklöf Holding Arena,3000,"Mariehamn , Åland",1932,Mariehamn,Mariehamn,PRIVATE,wiklof-holding-arena,OPEN,GRASS,,60.102220,19.935280
The Showgrounds,3873,"Kotka , Finland",1928,Kotka,City of Kotka,PUBLIC,the-showgrounds-2,OPEN,ARTIFICIAL,,60.457500,26.939720
Mustapekka Areena,2700,"Käskynhaltijantie 11, 00640, Helsinki",1934,Helsinki,IF Gnistan / City of Helsinki,PUBLIC,mustapekka-areena,OPEN,ARTIFICIAL,,60.234757,24.962530
Koševo City Stadium,5000,"Betanija, Centar , Sarajevo , Bosnia and Herzegovina",1947,Sarajevo,Centar Municipality,PUBLIC,kosevo-city-stadium,OPEN,HYBRID,,43.873890,18.408610
Stadion Grbavica,5000,"Bulevar Ivice Osima 27, Grbavica , Sarajevo , Bosnia and Herzegovina",1949,Sarajevo,FK Željezničar,PRIVATE,stadion-grbavica,OPEN,HYBRID,,43.846670,18.387220
Stadion pod Bijelim Brijegom,9000,"Mostar , Bosnia and Herzegovina",1956,Mostar,City of Mostar,PUBLIC,stadion-pod-bijelim-brijegom,OPEN,HYBRID,,43.345560,17.795280
Stadion Rođeni,28263,"Mostar , Bosnia and Herzegovina",1972,Mostar,City of Mostar,PUBLIC,stadion-roeni,OPEN,GRASS,,43.378384,17.854382
Stadion Pecara,5147,"Široki Brijeg , Bosnia and Herzegovina",1953,Široki Brijeg,NK Široki Brijeg,PRIVATE,stadion-pecara,OPEN,GRASS,,43.378610,17.598060
Banja Luka City Stadium,10030,"Borik , Banja Luka , Bosnia and Herzegovina",1937,Banja Luka,Banja Luka — Wikidata P127: Banja Luka (municipality),PUBLIC,banja-luka-city-stadium,OPEN,HYBRID,Žarko Malić,44.776100,17.199600
Bijeljina City Stadium,18250,"Bijeljina , Bosnia and Herzegovina",1985,Bijeljina,City of Bijeljina,PUBLIC,bijeljina-city-stadium,OPEN,GRASS,,44.754245,19.224978
Gradski stadion (Prijedor),8000,"Prijedor , Bosnia and Herzegovina",1950,Prijedor,FK Rudar Prijedor,PRIVATE,gradski-stadion-prijedor,OPEN,GRASS,,44.982039,16.707994
Mokri Dolac Stadium,5040,"Posušje , Bosnia and Herzegovina",,Posušje,City of Posušje,PUBLIC,mokri-dolac-stadium,OPEN,GRASS,,43.469440,17.327780
Luke Stadium,5000,"Gračanica, Bosnia and Herzegovina",,Doboj,,PUBLIC,luke-stadium,OPEN,GRASS,,44.732352,18.094035
A. Le Coq Arena,14336,Jalgpalli 21,2001,Tallinn,Estonian Football Association,PRIVATE,a-le-coq-arena,OPEN,GRASS,Haldo Oravas,59.421390,24.731940
Paide linnastaadion,768,"Paide , Estonia",2002,Paide,Town of Paide,PUBLIC,paide-linnastaadion,OPEN,GRASS,,58.878450,25.540630
Narva Kalev-Fama Stadium,1104,"Narva , Estonia",1931,Narva,JK Narva Trans,PRIVATE,narva-kalev-fama-stadium,OPEN,ARTIFICIAL,,59.381833,28.188194
Pärnu Rannastaadion,1500,,,Pärnu,Pärnu City Municipality,PUBLIC,parnu-rannastaadion,OPEN,GRASS,,58.383000,24.500000
FK Žalgiris namų stadionas,5067,Stadiono g. 2 Liepkalnio g. 13/2 ( until 2013 ) [ 1 ],2004,Vilnius,"UAB ""Vexo projektai""",PRIVATE,fk-zalgiris-namu-stadionas,OPEN,ARTIFICIAL,,54.668610,25.294440
Darius and Girėnas Stadium,15026,Perkūno al. 5,1923,Kaunas,Kaunas City Municipality,MIXED,darius-and-girenas-stadium,OPEN,HYBRID,"Steponas Darius, Kęstutis Bulota",54.897220,23.936940
Aukštaitija Stadium,3500,A. Jakšto g. 1,2010,Panevėžys,"Panevėžys municipality, FK Panevėžys",PUBLIC,aukstaitija-stadium,OPEN,GRASS,,55.739170,24.359440
Savivaldybė Stadium,3017,S. Daukanto g. 23 Šiauliai Lithuania 76331,1962,Šiauliai,Šiauliai City Municipality,PUBLIC,savivaldybe-stadium,OPEN,GRASS,,55.936670,23.295560
Gargždai Stadium,2323,"Gargždai , Lithuania",,Gargždai,Klaipėda District Municipality,PUBLIC,gargzdai-stadium,OPEN,ARTIFICIAL,,55.715280,21.404440
Telšiai Central Stadium,2069,"Telšiai , Lithuania",,Telšiai,Telšiai District Municipality,PUBLIC,telsiai-central-stadium,OPEN,GRASS,,55.986978,22.248554
Víkingsvöllur,1149,"Fossvogsdalur, Reykjavík , Iceland",2001,Reykjavík,Víkingur,PRIVATE,vikingsvollur,OPEN,ARTIFICIAL,,64.116389,-21.855139
Meistaravellir,2781,"Vesturbær , Reykjavík , Iceland",1951,Reykjavík,,UNKNOWN,meistaravellir,OPEN,GRASS,,64.145683,-21.967728
Kópavogsvöllur,3009,Dalsmári 5 201 Kópavogur Iceland,1975,Kópavogur,Kópavogur,PRIVATE,kopavogsvollur,OPEN,ARTIFICIAL,,64.103890,-21.896670
Grosics Gyula Stadion,4000,"Kaplakrika IS-220 Hafnarfjörður , Iceland",1946,Hafnarfjörður,Fimleikafélag Hafnarfjarðar,PRIVATE,grosics-gyula-stadion,OPEN,GRASS,,64.075830,-21.938610
N1 Völlurinn,1524,"Reykjavík, Iceland",2007,Reykjavík,Valur,PRIVATE,n1-vollurinn,OPEN,ARTIFICIAL,,64.132780,-21.923610
Samsung völlurinn,1400,"Garðabær , Iceland",,Garðabær,,UNKNOWN,samsung-vollurinn,OPEN,ARTIFICIAL,,64.087431,-21.931545
Akranesvöllur,2500,Akranes,1935,Akranes,,UNKNOWN,akranesvollur,OPEN,GRASS,,64.317656,-22.059753
KA-Völlur,2500,"Akureyri , Iceland",,Akureyri,,UNKNOWN,ka-vollur,OPEN,GRASS,,65.676688,-18.116741
Hásteinsvöllur,2300,"Vestmannaeyjar , Iceland",1912,Vestmannaeyjar,ÍBV,PRIVATE,hasteinsvollur,OPEN,GRASS,,63.439414,-20.287950
Torfnesvöllur,3000,"Torfnes, Ísafjarðarbær Iceland",1964,Ísafjörður,Ísafjarðarbær,PRIVATE,torfnesvollur,OPEN,GRASS,,66.072956,-23.136141
Ecolog Arena,15000,"Tetovo , North Macedonia",1980,Tetovo,Tetovo Municipality,PUBLIC,ecolog-arena,OPEN,GRASS,,42.018600,20.978300
Gradski Stadion Petar Milosevski,8587,"Gradski stadion bb, 7000 Bitola , North Macedonia",1937,Bitola,Municipality of Bitola,PUBLIC,gradski-stadion-petar-milosevski,OPEN,GRASS,,41.018060,21.338890
Gradski Stadion Kavadarci,9000,"Disanska 2, 1430 Kavadarci , North Macedonia",,Kavadarci,Kavadarci Municipality,PUBLIC,gradski-stadion-kavadarci,OPEN,GRASS,,41.435111,22.023361
Bashkimi Stadium,3500,"Kumanovo , North Macedonia",,Kumanovo,Municipality of Kumanovo,PUBLIC,bashkimi-stadium,OPEN,GRASS,,42.142099,21.709974
Gradska Plaza Stadium,2000,"Struga , North Macedonia",1970,Struga,Struga Municipality,PUBLIC,gradska-plaza-stadium,OPEN,GRASS,,41.172780,20.684170
Pod Goricom,11080,"Vaka Đurovića Street, Podgorica , Montenegro",1945,Podgorica,City of Podgorica,PUBLIC,pod-goricom,OPEN,GRASS,,42.444720,19.264440
Gradski,5214,"Nikšić , Montenegro",1946,Nikšić,The City of Nikšić,PUBLIC,gradski,OPEN,GRASS,,42.784947,18.953731
Stadion Topolica,2200,"Bar , Montenegro",,"Bar, Montenegro",SRC Bar,PRIVATE,stadion-topolica,OPEN,GRASS,,42.104440,19.090000
Stadion Mitar Mićo Goliš,1630,"Petrovac , Montenegro",1969,"Petrovac, Budva",Municipality Budva,PUBLIC,stadion-mitar-mico-golis,OPEN,GRASS,,42.203591,18.945928
Stadion Tuško Polje,1001,"Tuzi , Montenegro",2006,Tuzi,Tuzi Urban Municipality,PUBLIC,stadion-tusko-polje,OPEN,GRASS,,42.359917,19.326333
Stadion u Parku,1200,"Tivat , Montenegro",1945,Tivat,Municipality of Tivat,PUBLIC,stadion-u-parku,OPEN,GRASS,,42.432531,18.695344
Stadion pod Vrmcem,425,"Njegoševa bb, 85330 Kotor, Montenegro",1922,Kotor,Municipality of Kotor,PUBLIC,stadion-pod-vrmcem,OPEN,GRASS,,42.420295,18.764979
Gradski stadion Bijelo Polje,4000,"Bijelo Polje , Montenegro",1945,Bijelo Polje,Municipality of Bijelo Polje,PUBLIC,gradski-stadion-bijelo-polje,OPEN,GRASS,,43.030389,19.742417
Stadion Pod Racinom,2500,"Plav , Montenegro",1948,"Plav, Montenegro",Plav Municipality,PUBLIC,stadion-pod-racinom,OPEN,GRASS,,42.598777,19.940186
Barasat District Sports Stadium,3791,"Podgorica , Montenegro",1970,Podgorica,City of Podgorica,PUBLIC,barasat-district-sports-stadium,OPEN,GRASS,,42.411750,19.217361
Stade Jos Nosbaum,2558,"Dudelange , Luxembourg",,Dudelange,Commune de Dudelange,PUBLIC,stade-jos-nosbaum,OPEN,GRASS,,49.472220,6.084720
Stade de la Frontière,1704,"Esch-sur-Alzette , Luxembourg",1919,Esch-sur-Alzette,Commune d'Esch-sur-Alzette,PRIVATE,stade-de-la-frontiere,OPEN,GRASS,,49.485830,5.976940
Stade Jos Haupert,1976,"Niederkorn , Luxembourg",,Niederkorn,Commune de Pétange,PUBLIC,stade-jos-haupert,OPEN,GRASS,,49.546100,5.903400
Stade Alphonse Theis,3058,"Hesperange , Luxembourg",2000,Hesperange,Commune de Hesperange,PUBLIC,stade-alphonse-theis,OPEN,GRASS,,49.575111,6.157408
Stade Achille Hammerel,5814,"Luxembourg City , Luxembourg",,Luxembourg City,Ville de Luxembourg,PUBLIC,stade-achille-hammerel,OPEN,GRASS,,49.604720,6.140280
Terrain ZAC Klengbousbierg,1500,,,Bissen,Commune de Bissen,PUBLIC,terrain-zac-klengbousbierg,OPEN,GRASS,,49.783300,6.066700
Stade Um Dribbel,2400,,,Bascharage,Commune de Käerjeng,PUBLIC,stade-um-dribbel,OPEN,GRASS,,49.566700,5.916700
Stade Joseph Philippart,3400,,,Rodange,Commune de Pétange,PUBLIC,stade-joseph-philippart,OPEN,GRASS,,49.546670,5.839720
Stade Jos Becker,1500,,,Niederanven,Commune de Niederanven,PUBLIC,stade-jos-becker,OPEN,GRASS,,49.659222,6.227972
Stade An de Millewisen,2500,,,"Strassen, Luxembourg",Commune de Strassen,PUBLIC,stade-an-de-millewisen,OPEN,GRASS,,49.619200,6.071900
Stade John Grün,3500,,,Mondorf-les-Bains,Commune de Mondorf-les-Bains,PUBLIC,stade-john-grun,OPEN,GRASS,,49.506900,6.280600
Tony Bezzina Stadium,5000,"Paola, Malta",1986,"Paola, Malta",Government of Malta,PUBLIC,tony-bezzina-stadium,OPEN,GRASS,,35.883060,14.513060
Victor Tedesco Stadium,1962,"Hamrun , Malta",1996,Hamrun,Government of Malta [ 1 ],PUBLIC,victor-tedesco-stadium,OPEN,ARTIFICIAL,,35.887300,14.492500
Ta' Qali National Stadium,16907,Malta,1981,Ta' Qali,,UNKNOWN,ta-qali-national-stadium,OPEN,GRASS,,35.895000,14.415280
Arena Kombëtare,20000,"Sheshi Italia 1, 1010",2018,Tirana,Albanian Football Federation,PRIVATE,arena-kombetare,OPEN,GRASS,Marco Casamonti (Archea Associati),41.318330,19.824170
Selman Stërmasi Stadium,7308,"Tirana , Albania",1956,Tirana,KF Tirana,PRIVATE,selman-stermasi-stadium,OPEN,GRASS,,41.319006,19.811196
Loro Borici Stadium,31654,"Rruga Djepaxhijej 2, 4001",1960,Shkodër,Shkodër Municipality,PUBLIC,loro-borici-stadium,OPEN,GRASS,Bolles+Wilson,42.070000,19.506670
Niko Dovana Stadium,32500,"Rruga Aleksander Goga Durrës , Albania",2022,Durrës,Durrës Municipality,PUBLIC,niko-dovana-stadium,OPEN,GRASS,,41.326081,19.449856
Elbasan Arena,1500,"Sheshi Ruzhdi Bizhuta 1, 3001 Elbasan , Albania",1967,Elbasan,FSHF,PRIVATE,elbasan-arena,OPEN,GRASS,,41.115875,20.091992
Arena Egnatia,6000,"Rrogozhinë , Tirana County , Albania",,Rrogozhinë,Municipality of Rrogozhinë,PUBLIC,arena-egnatia,OPEN,GRASS,,41.076806,19.661639
Skonto Stadium,10471,"E. Melngaiļa 1a, Riga, Latvia",2000,Riga,Riga City Municipality,PUBLIC,skonto-stadium,OPEN,GRASS,,56.961390,24.116390
Daugava Stadium,4022,"Liepāja , Latvia",1925,Liepāja,Liepaja City Municipality,PUBLIC,daugava-stadium,OPEN,GRASS,,56.503000,20.995200
Tukums Stadium,350,"Kuldīgas iela 74, LV-3104 Tukums, Latvia",,Tukums,Tukums Municipality,PUBLIC,tukums-stadium,OPEN,GRASS,,56.967000,23.150000
Grobiņas Stadion,200,"Grobiņa, Latvia",1925,Grobiņa,Liepaja Municipality,PUBLIC,grobinas-stadion,OPEN,ARTIFICIAL,,56.537500,21.167500
Ogres Sporta Komplekss,1250,"Skolas iela 21, LV-5001 Ogre, Latvia",,"Ogre, Latvia",Ogre Municipality / Ogre Sports Centre,PUBLIC,ogres-sporta-komplekss,OPEN,GRASS,,56.818610,24.605560
Heritage Park,12746,1/2 Karl Liebknecht Street Tiraspol Moldova,2000,Tiraspol,Sheriff Tiraspol,PRIVATE,heritage-park,OPEN,GRASS,,46.838330,29.557500
Cricova teren sintetic,0,"Cricova, Moldova",1952,Chișinău,,UNKNOWN,cricova-teren-sintetic,OPEN,ARTIFICIAL,,47.012391,28.839455
Stadionul Selemet,1500,,,Selemet,CSF Spartanii Sportul Selemet,PRIVATE,stadionul-satesc,OPEN,GRASS,,46.578611,28.922222
Zimbru Stadion,10400,45 Dacia Boulevard Chișinău Moldova,2006,Chișinău,Zimbru Chișinău,PRIVATE,zimbru-stadion,OPEN,GRASS,Ceproserving SA,46.981011,28.867204
Stadionul Municipal (Hîncești),1633,Hîncești Moldova,1975,Hîncești,Petrocub Hîncești,PRIVATE,stadionul-municipal-hincesti,OPEN,GRASS,,46.825284,28.586687
CSR Orhei,2539,13 Scrisului Latin Street Orhei Moldova,2007,Orhei,Milsami Orhei,PRIVATE,csr-orhei,OPEN,GRASS,,47.374400,28.819200
Stadionul Orăşenesc,5953,155 Kyiv Street Bălți Moldova,1955,Bălți,Primăria municipiului Bălți,PUBLIC,stadionul-orasenesc,OPEN,GRASS,,47.766210,27.933200
Lambhagavöllurinn,1650,,2022,Reykjavík,,UNKNOWN,lambhagavollurinn,OPEN,ARTIFICIAL,,64.145830,-21.942500
HS Orku völlurinn,2554,"Keflavík , Iceland",,Keflavík,,UNKNOWN,hs-orku-vollurinn,OPEN,GRASS,,63.997964,-22.561163
Vís Völlurinn,2984,"Traðarland Akureyri , Iceland",2007,Akureyri,,UNKNOWN,vis-vollurinn,OPEN,ARTIFICIAL,,65.691390,-18.117780
Stadiumi Flamurtari,9500,,,Vlorë,"Bashkia Vlorë, TRK MW Group,",MIXED,stadiumi-flamurtari,OPEN,GRASS,,40.455981,19.488843
Stadiumi Adush Muça,1770,"Ballsh , Albania",,Ballsh,Bylis,PRIVATE,stadiumi-adush-muca,OPEN,GRASS,,40.601940,19.740830
Stadiumi Vore,3200,,2022,Vorë,Vorë Municipality,PUBLIC,stadiumi-vore,OPEN,ARTIFICIAL,,41.393890,19.654440
Stade Municipal de la Ville de Differdange,2400,"Avenue Parc des Sports, Differdange , Luxembourg",2012,Differdange,Ville de Differdange,PUBLIC,stade-municipal-de-la-ville-de-differdange,OPEN,GRASS,,49.513920,5.889765
VictoriArena,2500,"Rosport , Luxembourg",1965,Rosport,FC Victoria Rosport,PRIVATE,victoriarena,OPEN,GRASS,,49.808460,6.505675
Stade Fernand Weber,1000,"Canach , Luxembourg",,Canach,Commune de Lenningen,PUBLIC,stade-fernand-weber,OPEN,GRASS,,49.610100,6.334700
Mantingos futbolo arena,6250,"Marijampolė , Lithuania",2008,Marijampolė,"Marijampolė Municipality , Sūduva",PUBLIC,mantingos-futbolo-arena,OPEN,GRASS,,54.574547,23.365392
Raudondvario stadionas,1500,,2024,Kaunas,FC Hegelmann,PRIVATE,raudondvario-stadionas,OPEN,ARTIFICIAL,,54.897220,23.886110
Stadions Esplanade,610,,2005,Daugavpils,Daugavpils City Municipality,PUBLIC,stadions-esplanade,OPEN,ARTIFICIAL,,55.875000,26.535560
Zemgales Olimpiskais centrs,1560,,2010,Jelgava,Jelgava City Municipality,PUBLIC,zemgales-olimpiskais-centrs,OPEN,GRASS,,56.660800,23.755800
Stadion Mladost,9200,"Strumica , North Macedonia",1950,Strumica,FK Belasica,PRIVATE,stadion-mladost-2,OPEN,GRASS,,41.446200,22.637708
Stadion Gjorce Petrov,3000,"""Mice Kozar"" street, bb Skopje",1971,Skopje,Municipality of Gjorče Petrov,PUBLIC,stadion-gjorce-petrov,OPEN,GRASS,,42.002220,21.360000
Sileks Stadion,4500,"Kratovo , Macedonia",,Kratovo,FK Sileks,PRIVATE,sileks-stadion,OPEN,GRASS,,42.080800,22.164100
Alytaus miesto stadionas,3748,Birutės g. 5,1924,Alytus,Alytus city municipality,MIXED,alytaus-miesto-stadionas,OPEN,GRASS,,54.392056,24.055111
Nacionalna Arena Tose Proeski,33460,"Skopje , North Macedonia",1947,Skopje,JPSSO,PRIVATE,nacionalna-arena-tose-proeski,OPEN,HYBRID,,42.005560,21.425560
Stadion Chair,33460,"Skopje , North Macedonia",1947,Skopje,Skopje,PRIVATE,stadion-chair,OPEN,GRASS,,42.015460,21.444347
Gradski Stadion Gostivar,1000,"Gostivar , North Macedonia",,Gostivar,Gostivar Municipality,PUBLIC,gradski-stadion-gostivar-2,OPEN,GRASS,,41.800000,20.916667
Tamme Staadion,1645,,,Tartu,Tartu City Municipality,PUBLIC,tamme-staadion,OPEN,GRASS,,58.380000,26.722500
Kadrioru Staadion,5000,"Tallinn , Estonia",1926,Tallinn,Tallinn City Municipality,PUBLIC,kadrioru-staadion,OPEN,GRASS,Renner (stadium complex),59.434472,24.783444
Stade François Trausch,2600,"Mamer , Luxembourg",,Mamer,Commune de Mamer,PUBLIC,stade-francois-trausch,OPEN,GRASS,,49.624300,6.024800
Stade Municipal Pétange,2400,"Pétange , Luxembourg",1994,Pétange,Commune de Pétange,PUBLIC,stade-municipal-petange,OPEN,GRASS,,49.557212,5.856485
Hiiu Stadium,1000,"Hiiu , Nõmme , Tallinn , Estonia",1936,Tallinn,City of Tallinn,PUBLIC,hiiu-stadium,OPEN,ARTIFICIAL,,59.385456,24.659603
Laagri Stadium,1000,Veskitammi 22,2005,Laagri,Saue Parish,PUBLIC,laagri-stadium,OPEN,ARTIFICIAL,,59.350431,24.616539
Kuressaare linnastaadion,2000,"Kuressaare , Saaremaa island, Estonia",1958,Kuressaare,Town of Kuressaare,PUBLIC,kuressaare-linnastaadion,OPEN,GRASS,,58.242286,22.480172
Wembley Stadium,90000,South Way Wembley HA9 0WS,2007,London,The Football Association,PRIVATE,wembley-stadium,RETRACTABLE,HYBRID,Norman Foster + Populous,51.556000,-0.279500
Principality Stadium,74500,,,Cardiff,Millennium Stadium plc ( Welsh Rugby Union ),PRIVATE,principality-stadium,RETRACTABLE,GRASS,,51.478200,-3.182600
Hampden Park,51866,,,Glasgow,Scottish Football Association,PRIVATE,hampden-park,OPEN,GRASS,,55.823400,-4.251700
Aviva Stadium,51700,,,Dublin,• Irish Rugby Football Union • Football Association of Ireland,PRIVATE,aviva-stadium,OPEN,GRASS,,53.335200,-6.228400
Timsah Arena,43361,,2015,Bursa,Ministry of Youth and Sports,PUBLIC,timsah-arena,OPEN,GRASS,Hasan Sözüneri,40.210833,29.009444
Yeni Eskişehir Stadyumu,32500,,2016,Eskişehir,Turkish Ministry of Youth and Sports,PUBLIC,yeni-eskisehir-stadyumu,OPEN,GRASS,HSY Yapı & Aras İnşaat,39.762222,30.467778
Yeni Ankara Stadyumu,51050,,,Ankara,Ministry of Youth and Sports,PUBLIC,yeni-ankara-stadyumu,OPEN,GRASS,,39.940278,32.845833
Stade de France,81338,,,Paris,,PUBLIC,stade-de-france,OPEN,GRASS,,48.924400,2.360100
Puskás Aréna,67215,,,Budapest,,PUBLIC,puskas-arena,OPEN,GRASS,,47.503000,19.097900
Windsor Park,18434,,,Belfast,,PUBLIC,windsor-park,OPEN,GRASS,,54.582500,-5.955278
King Baudouin Stadium,50024,,,Brussels,,PUBLIC,king-baudouin-stadium,OPEN,GRASS,,50.895833,4.334167
PGE Narodowy,58274,,,Warsaw,,PUBLIC,pge-narodowy,RETRACTABLE,GRASS,,52.239444,21.045556
Republican Stadium (Yerevan),14403,"Yerevan , Armenia",1933,Yerevan,Football Federation of Armenia,PRIVATE,vazgen-sargsyan-republican-stadium,OPEN,ARTIFICIAL,,40.171940,44.525830
Boris Paichadze Dinamo Arena,54139,,,Tbilisi,,PUBLIC,boris-paichadze-dinamo-arena,OPEN,GRASS,,41.723056,44.789722
Baku Olympic Stadium,69870,,,Baku,,PUBLIC,baku-olympic-stadium,OPEN,GRASS,,40.429800,49.919800
Stadion Śląski,54378,,,Chorzów,,PUBLIC,stadion-slaski,OPEN,GRASS,,50.288333,18.973056
Tarczyński Arena,42771,"Aleja Śląska 1 54-128 Wrocław , Poland",2011,Wrocław,City of Wrocław,PUBLIC,tarczynski-arena,OPEN,GRASS,,51.141110,16.943890
Stadion Miejski (Kraków),33326,,,Kraków,,PUBLIC,stadion-miejski-krakow,OPEN,GRASS,,50.063611,19.911944
Ullevaal Stadion,27182,"Sognsveien 75, Oslo, Norway",1926,Oslo,Football Association of Norway,PRIVATE,ullevaal-stadion,OPEN,GRASS,,59.948889,10.734167
Bilino Polje,13812,"Bulevar Kulina Bana bb, Zenica, Bosnia and Herzegovina",1972,Zenica,City of Zenica,PUBLIC,bilino-polje,OPEN,HYBRID,,44.201667,17.900556
Stadion przy ulicy Rudnowskiej,2817,,2007,Głogów,,UNKNOWN,stadion-przy-ulicy-rudnowskiej,OPEN,GRASS,,51.655848,16.097008
Tychy City Stadium,15150,"ul. Edukacji 7, Tychy , Poland",2015,Tychy,City of Tychy,PUBLIC,tychy-city-stadium,OPEN,GRASS,,50.124200,18.990600
Górnik Łęczna Stadium,7456,,1987,Łęczna,,UNKNOWN,gornik-eczna-stadium,OPEN,GRASS,,51.301630,22.876048
Władysław Król Stadium,18029,"Łódź, Poland",2022,Łódź,Łódź City Council,PUBLIC,wadysaw-krol-stadium,OPEN,GRASS,,51.757639,19.427500
Stadion im. Orła Białego,6194,"Al. Orła Białego 1 59–220 Legnica , Poland",1948,Legnica,City of Legnica,PUBLIC,stadion-im-ora-biaego,OPEN,GRASS,,51.203600,16.169800
Stadion Miejski w Opolu,11600,"Opole , ul. Leonarda Olejnika 1, Poland",2025,Opole,Zakład Komunalny w Opolu,PUBLIC,stadion-miejski-w-opolu,OPEN,GRASS,90 GMT Architects,50.685800,17.874000
Stadion MOSiR w Grodzisku Mazowieckim,2150,,2006,Grodzisk Mazowiecki,The city of Pruszków,PUBLIC,stadion-mosir-w-grodzisku-mazowieckim,OPEN,ARTIFICIAL,,52.053455,20.482203
Stadion Miejski w Siedlcach,2901,,,Siedlce,Municipal (per stadium name),PUBLIC,stadion-miejski-w-siedlcach,OPEN,GRASS,,52.174054,22.290483
Stadion Polonii Bytom,1175,,2018,Bytom,,UNKNOWN,stadion-polonii-bytom,OPEN,ARTIFICIAL,,50.357650,18.899189
Konwiktorska Street Stadium,6852,"ul. Konwiktorska 6 Muranów , Warsaw , Poland",1928,Warsaw,City of Warsaw,PUBLIC,konwiktorska-street-stadium,OPEN,GRASS,,52.255517,21.001322
Stadion Miejski w Niepołomicach,2500,,2015,Niepołomice,Municipal (per stadium name),PUBLIC,stadion-miejski-w-niepoomicach,OPEN,GRASS,,50.006416,20.187377
Stadion Miejski w Rzeszowie,12000,"Hetmańska 69, 35-078 Rzeszów , Poland",1955,Rzeszów,Rzeszów,PRIVATE,stadion-miejski-w-rzeszowie,OPEN,GRASS,,50.021670,21.996390
Grzegorz Lato Stadium,6864,,1953,Mielec,City of Mielec,PUBLIC,grzegorz-lato-stadium,OPEN,GRASS,,50.298611,21.435833
ArcelorMittal Park,11600,ul. gen. Mariusza Zaruskiego 2 Sosnowiec Poland,2019,Sosnowiec,the city of Sosnowiec,PUBLIC,arcelormittal-park,OPEN,HYBRID,JSK Architects,50.289098,19.169541
Znicz Stadium,2500,"Bohaterów Warszawy 4, Pruszków",2006,Pruszków,The city of Pruszków,PUBLIC,znicz-stadium,OPEN,GRASS,,52.169012,20.812969
Akhmat Arena,30597,"Grozny , Chechnya , Russia",2011,Grozny,FC Akhmat Grozny,PRIVATE,akhmat-arena,OPEN,GRASS,,43.323176,45.745252
Solidarnost Samara Arena,44918,"Ulitsa Dal'nyaya, Samara , Russia",2018,Tolyatti,Samara Oblast Government,PUBLIC,solidarnost-samara-arena,OPEN,GRASS,,53.277780,50.237220
Rostec Arena,35016,"Solnechnyy Bul'var, Kaliningrad , Russia",2018,Kaliningrad,Kaliningrad Oblast,PUBLIC,rostec-arena,OPEN,GRASS,,54.698060,20.533890
VEB Arena,29071,"Khodynka Field , Moscow , Russia",2016,Moscow,PFC CSKA Moscow,PRIVATE,veb-arena,OPEN,GRASS,,55.791390,37.516110
Anzhi Arena,26500,"Kaspiysk , Dagestan , Russia",2003,Makhachkala,LLC Anzhi-Holding,PRIVATE,anzhi-arena,OPEN,GRASS,,42.907901,47.618587
VTB Arena,25716,36 Leningradsky avenue Moscow Russia,2019,Moscow,BM-Bank JSC [ 1 ],PRIVATE,vtb-arena,OPEN,GRASS,,55.791390,37.559720
Ozon Arena,33395,"Krasnodar , Russia",2016,Krasnodar,FC Krasnodar,PRIVATE,ozon-arena,OPEN,GRASS,,45.044170,39.029440
Solidarnost Samara Arena,44918,"Ulitsa Dal'nyaya, Samara , Russia",2018,Samara,Samara Oblast Government,PUBLIC,solidarnost-samara-arena-2,OPEN,GRASS,,53.277780,50.237220
RZD Arena,27320,"Moscow , Russia",2002,Moscow,Russian Railways,PRIVATE,rzd-arena,OPEN,GRASS,,55.803610,37.741110
Gazovik,10046,"Orenburg , Russia",2002,Orenburg,,UNKNOWN,gazovik,OPEN,ARTIFICIAL,,51.785050,55.221160
Sovcombank Arena,44899,"Betankura st., 1A, Nizhny Novgorod , Russia",2018,Nizhny Novgorod,Nizhny Novgorod — Wikidata P127: Nizhny Novgorod (city); confirmed public,PUBLIC,sovcombank-arena,OPEN,GRASS,,56.337500,43.963330
Rostov Arena,45000,"Ulitsa Levoberezhnaya 2B, Rostov-on-Don , Russia",2018,Rostov-on-Don,Rostov Oblast,PRIVATE,rostov-arena,OPEN,GRASS,,47.209440,39.737780
Ak Bars Arena,45093,Kazan Russia,2013,Kazan,FC Rubin Kazan,PRIVATE,ak-bars-arena,OPEN,GRASS,,55.821110,49.160830
Fisht Olympic Stadium,45994,"Sochi , Krasnodar Krai , Russia",2013,Sochi,Government of Russia (Olympstroy),PUBLIC,fisht-olympic-stadium,OPEN,GRASS,,43.402267,39.956111
Lukoil Arena,45360,"Volokolamskoye sh. 69, Moscow",2014,Moscow,Spartak Moscow (Lukoil) [ 5 ],PRIVATE,lukoil-arena,OPEN,GRASS,,55.817861,37.440250
Gazprom Arena,68000,"Futbol'naya Alleya 1, Saint Petersburg , Russia",2016,Saint Petersburg,Saint Petersburg City Administration,PRIVATE,gazprom-arena,RETRACTABLE,GRASS,,59.973000,30.220500
Vitebsky CSK,8144,"Vitebsk , Belarus",1937,Vitebsk,City of Vitebsk,PUBLIC,vitebsky-csk,OPEN,GRASS,,55.198330,30.229170
Borisov Arena,13126,"Barysaw , Belarus",2014,Barysaw,BATE Borisov,PRIVATE,borisov-arena,OPEN,GRASS,,54.193060,28.475280
Dinamo Stadium,22246,"Minsk , Belarus",1934,Minsk,Minsk City Executive Committee,PRIVATE,dinamo-stadium,OPEN,GRASS,,53.895186,27.560056
OSK Brestsky,10060,"Brest , Belarus",1989,Brest,,PUBLIC,osk-brestsky,OPEN,GRASS,,52.089828,23.683914
Torpedo Stadium,6524,,,Zhodzina,,UNKNOWN,torpedo-stadium,OPEN,GRASS,,54.092354,28.320004
Yunost Stadium,5133,"Mazyr , Belarus",1992,Mazyr,,PUBLIC,yunost-stadium,OPEN,GRASS,,52.038890,29.277083
Central Stadium,14307,"Gomel , Belarus",,Gomel,,PUBLIC,central-stadium,OPEN,GRASS,,52.436670,31.012220
Neman Stadium,8500,"Grodno , Belarus",1963,Grodno,,PUBLIC,neman-stadium,OPEN,GRASS,,53.688861,23.820720
FC Minsk Stadium,3000,"Minsk , Belarus",2015,Minsk,,PUBLIC,fc-minsk-stadium,OPEN,GRASS,,53.861670,27.578610
Spartak Stadium Mogilev,7350,"Mogilev , Belarus",1956,Mogilev,,PUBLIC,spartak-stadium-mogilev,OPEN,GRASS,,53.905280,30.340560
City Stadium Dzerzhinsk,1500,,,Dzerzhinsk,Municipal (per stadium name),PUBLIC,city-stadium-dzerzhinsk,OPEN,GRASS,,53.686300,27.139000
Lokomotiv Stadium,3749,,1944,Baranavichy,,PUBLIC,lokomotiv-stadium,OPEN,GRASS,,53.130927,26.032107
Atlant Stadium,4520,,1970,Novopolotsk,,UNKNOWN,atlant-stadium,OPEN,GRASS,,55.537452,28.648648
Spartak Stadium Bobruisk,3700,"Bobruisk , Belarus",1934,Babruysk,FC Belshina Bobruisk,PRIVATE,spartak-stadium-bobruisk,OPEN,GRASS,,53.140280,29.217220
Dalga Arena,6502,"Mardakan , Azerbaijan",2011,Baku,AFFA,PRIVATE,dalga-arena,OPEN,ARTIFICIAL,,40.510830,50.168610
Gabala City Stadium,3748,"Gabala , Azerbaijan",1985,Qabala,Gabala FC,PRIVATE,gabala-city-stadium,OPEN,GRASS,,40.985280,47.842500
Imishli City Stadium,7000,,,Imishli District,Municipal (per stadium name),PUBLIC,imishli-city-stadium,OPEN,GRASS,,,
Ganja City Stadium,15343,"Ganja , Azerbaijan",2005,Ganja,Kapaz,PRIVATE,ganja-city-stadium,OPEN,ARTIFICIAL,,40.706110,46.361940
Yevlakh City Stadium,5000,"Yevlakh , Azerbaijan",2005,Yevlakh,Municipal (per stadium name),PUBLIC,yevlakh-city-stadium,OPEN,ARTIFICIAL,,40.602900,47.161300
Neftchi Arena,11000,"8th Kilometer, Nizami raion , Baku , Azerbaijan",2012,Baku,Neftçi,PRIVATE,neftchi-arena,OPEN,GRASS,,40.400200,49.944000
Tofiq Bahramov Stadium,31090,"Baku , Azerbaijan",2015,Baku,AFFA,PRIVATE,tofiq-bahramov-stadium,OPEN,GRASS,,40.397220,49.852500
Bank Respublika Arena,13000,"Masazır , Azerbaijan",2014,Baku,,UNKNOWN,bank-respublika-arena,OPEN,GRASS,,40.486186,49.766262
Shamakhi City Stadium,2176,"Shamakhi , Azerbaijan",2021,Shamakhi,Municipal (per stadium name),PUBLIC,shamakhi-city-stadium,OPEN,GRASS,,40.640600,48.635500
Mehdi Huseynzade Stadium,10047,"Sumgayit , Azerbaijan",2024,Sumgait,,UNKNOWN,mehdi-huseynzade-stadium,OPEN,GRASS,,40.601278,49.674722
Tovuz City Stadium,6800,"Tovuz , Azerbaijan",1979,Tovuz,Turan Tovuz,PRIVATE,tovuz-city-stadium,OPEN,GRASS,,40.992220,45.625560
Zira Olympic Sport Complex,1500,Azerbaijan,2015,Baku,AFFA,PRIVATE,zira-olympic-sport-complex,OPEN,GRASS,,40.358920,50.293110
Tengiz Burjanadze Stadium,8000,"Gori , Georgia",,Gori,Government of Georgia,PUBLIC,tengiz-burjanadze-stadium,OPEN,GRASS,,41.983060,44.103890
Adjarabet Arena,20383,"Batumi, Georgia",2018,Batumi,Government of Georgia,PUBLIC,adjarabet-arena,OPEN,GRASS,,41.635280,41.619170
David Petriashvili Stadium,2130,"Tbilisi, Georgia",2015,Tbilisi,Georgian Football Federation,PRIVATE,david-petriashvili-stadium,OPEN,GRASS,,41.723028,44.789794
Sagarejo Central Stadium,2500,,,Sagarejo,,UNKNOWN,sagarejo-central-stadium,OPEN,GRASS,,41.732000,45.331000
Mikheil Meskhi Stadium,24680,Tbilisi Georgia,1952,Tbilisi,Government of Georgia,PUBLIC,mikheil-meskhi-stadium,OPEN,GRASS,,41.709720,44.746110
Fazisi Stadium,5500,,,Poti,Government of Georgia,PUBLIC,fazisi-stadium,OPEN,GRASS,,42.142500,41.665556
Tskaltubo Central Stadium,12000,"Tskaltubo, Georgia",,Tsqaltubo,,UNKNOWN,tskaltubo-central-stadium,OPEN,GRASS,,42.339200,42.599700
Givi Chokheli Stadium,2000,,2018,Telavi,Government of Georgia,PUBLIC,givi-chokheli-stadium,OPEN,GRASS,,41.911650,45.480824
Ramaz Shengelia Stadium,14700,"Kutaisi , Georgia",1956,Kutaisi,Government of Georgia,PUBLIC,ramaz-shengelia-stadium,OPEN,GRASS,,42.255141,42.683086
Nisporeni Central Stadium,5200,"8 Great National Assembly Street, Nisporeni, Moldova",2021,Nisporeni,Nisporeni,PUBLIC,nisporeni-central-stadium,OPEN,GRASS,,47.076444,28.179333
Heydar Aliyev Stadium,7000,"Imishli , Azerbaijan",2006,Imishli District,,UNKNOWN,heydar-aliyev-stadium,OPEN,GRASS,,39.869700,48.060000
New Tivoli,32960,,2009,Aachen,Aachener Stadion Beteiligungsgesellschaft mbH (City of Aachen),PUBLIC,new-tivoli,OPEN,GRASS,,50.793333,6.097222
Erzgebirgsstadion,15500,Gerd-Schädlich-Platz 1 08280 Aue-Bad Schlema,1928,Aue,Town of Aue-Bad Schlema,PUBLIC,erzgebirgsstadion,OPEN,GRASS,,50.597780,12.711110
LEAG Energie Stadion,20602,"Cottbus , Germany",1925,Cottbus,City of Cottbus,PUBLIC,stadion-der-freundschaft,OPEN,GRASS,,51.751390,14.345560
Schauinsland-Reisen-Arena,31502,"Duisburg , Germany",2005,Duisburg,MSV Duisburg Stadionprojekt GmbH & Co. KG,MIXED,schauinsland-reisen-arena,OPEN,GRASS,,51.409170,6.778610
Stadion an der Hafenstraße,19962,"Essen , Germany",2012,Essen,City of Essen,PUBLIC,stadion-an-der-hafenstrae,OPEN,GRASS,,51.486670,6.976390
Eilenriedestadion,18500,"Clausewitzstraße 4, 30175 Hannover , Germany",1922,Hanover,Hannover 96 GmbH & Co. KGaA,PRIVATE,eilenriedestadion,OPEN,ARTIFICIAL,,52.376589,9.772900
Dietmar-Hopp-Stadion,6350,,,Sinsheim,,UNKNOWN,dietmar-hopp-stadion,OPEN,GRASS,,49.278278,8.842111
Audi Sportpark,15200,"Ingolstadt , Germany",2009,Ingolstadt,Audi Immobilien Verwaltung GmbH,PRIVATE,audi-sportpark,OPEN,GRASS,,48.745560,11.485560
Sportpark Höhenberg,8343,"Cologne , Germany",1939,Cologne,City of Cologne (1931–1999) Kölner Sportstätten GmbH (1999–present),MIXED,sportpark-hohenberg,OPEN,GRASS,,50.945200,7.030400
Carl-Benz-Stadion,25721,"Mannheim , Germany",1994,Mannheim,Mannheim — Wikidata P127: Mannheim (city),PUBLIC,carl-benz-stadion,OPEN,ARTIFICIAL,Folker Fiebiger,49.479440,8.502500
Grünwalder Stadion,15000,"Grünwalder Straße 4, Munich , Germany",1911,Munich,City of Munich,PUBLIC,grunwalder-stadion,OPEN,GRASS,,48.110830,11.574440
Stadion an der Bremer Brücke,16098,"Osnabrück , Germany",1938,Osnabrück,VfL Osnabrück Stadion GmbH & Co. KG,MIXED,stadion-an-der-bremer-brucke,OPEN,GRASS,,52.280830,8.071110
Jahnstadion Regensburg,15210,"Regensburg , Germany",2015,Regensburg,City of Regensburg,PUBLIC,jahnstadion-regensburg,OPEN,GRASS,,48.990830,12.107220
Ostseestadion,29000,"Rostock , Mecklenburg-Vorpommern , Germany",1954,Rostock,Ostseestadion GmbH & Co. KG,PRIVATE,ostseestadion,OPEN,GRASS,,54.084950,12.095189
Ludwigsparkstadion,16003,"Saarbrücken , Germany",1952,Saarbrücken,Saarbrücken — Wikidata P127: Saarbrücken (city); confirmed public,PUBLIC,ludwigsparkstadion,OPEN,GRASS,,49.247500,6.984170
Willy-Sachs-Stadion,16500,"Schweinfurt , Germany",1936,Schweinfurt,City of Schweinfurt,PUBLIC,willy-sachs-stadion,OPEN,GRASS,,50.051278,10.203028
WIRmachenDRUCK Arena,7768,,,Aspach,,UNKNOWN,wirmachendruck-arena,OPEN,GRASS,,48.980696,9.393015
Donaustadion,17400,"Ulm , Germany",1925,Ulm,City of Ulm,PUBLIC,donaustadion,OPEN,GRASS,,48.404440,10.009720
Sportclub Arena,5153,"Verl , Germany",1994,Verl,,UNKNOWN,sportclub-arena,OPEN,GRASS,,51.883400,8.513400
BRITA-Arena,12518,"Wiesbaden , Germany",2007,Wiesbaden,Stadion Berliner Straße GmbH & Co. KG,PRIVATE,brita-arena,OPEN,GRASS,,50.071390,8.256670
Stade de la Licorne,12999,"Rue du Chapître, Amiens",1999,Amiens,Communauté d'agglomération Amiens Métropole,PUBLIC,stade-de-la-licorne,OPEN,GRASS,,49.894209,2.263312
Parc des Sports,13634,"Annecy , France",1964,Annecy,Annecy F.C.,PRIVATE,parc-des-sports,OPEN,GRASS,,45.916497,6.118054
Stade Armand Cesari,16480,"Furiani , France",1932,Bastia,Communauté d'agglomération de Bastia,PUBLIC,stade-armand-cesari,OPEN,GRASS,,42.651390,9.442780
Stade de la Libération,15004,Boulevard Eurvin 62200 Boulogne-sur-mer,1956,Boulogne-sur-Mer,Ville de Boulogne-sur-Mer,PUBLIC,stade-de-la-liberation,OPEN,GRASS,,50.723742,1.619411
Stade Gabriel Montpied,10800,"Clermont-Ferrand , France",1995,Clermont-Ferrand,City of Clermont-Ferrand,PUBLIC,stade-gabriel-montpied,OPEN,GRASS,,45.815820,3.121651
Stade Marcel Tribut,4933,"267 Avenue de Rosendaël 59240 Dunkirk , Hauts-de-France , France",1933,Dunkirk,City of Dunkirk,PUBLIC,stade-marcel-tribut,OPEN,GRASS,,51.035560,2.390280
Stade des Alpes,20068,"Grenoble, France",2008,Grenoble,Grenoble Alpes Metropole,PRIVATE,stade-des-alpes,OPEN,GRASS,,45.187428,5.740099
Stade de Roudourou,18462,"Guingamp , France",1990,Guingamp,,UNKNOWN,stade-de-roudourou,OPEN,GRASS,,48.566285,-3.164599
Stade Francis Le Basser,11107,,1971,Laval,Laval Agglomeration,PUBLIC,stade-francis-le-basser,OPEN,GRASS,,48.082500,-0.754720
Stade Marie-Marvingt,25064,Chemin aux Bœufs,2011,Le Mans,Ville du Mans,PRIVATE,stade-marie-marvingt,OPEN,GRASS,,47.959000,0.223400
Stade de la Mosson,22000,"Montpellier , France",1972,Montpellier,Montpellier Méditerranée Métropole,PUBLIC,stade-de-la-mosson,OPEN,GRASS,,43.622220,3.811940
Stade Marcel Picot,20087,"90, Boulevard Jean-Jaurès, 54510 Tomblaine",1926,Nancy,Communauté Urbaine du Grand Nancy,PUBLIC,stade-marcel-picot,OPEN,GRASS,,48.695500,6.210687
Nouste Camp,4144,"Pau , France",2018,Pau,"City of Pau , France",PUBLIC,nouste-camp,OPEN,GRASS,,43.309440,-0.316940
Stade Bauer,5600,"Saint-Ouen-sur-Seine , France",1909,Saint-Ouen-sur-Seine,Groupe Réalités,PRIVATE,stade-bauer,OPEN,GRASS,,48.905830,2.340830
Stade Auguste-Delaune,20519,"33, Chaussée Bocquaine 51100 Reims",1935,Reims,Ville de Reims,PUBLIC,stade-auguste-delaune,OPEN,GRASS,,49.246670,4.025000
Stade Paul Lignon,6761,"Rodez , France",,Rodez,City of Rodez,PUBLIC,stade-paul-lignon,OPEN,GRASS,,44.351670,2.563610
Stade Geoffroy Guichard,41965,"14 rue Paul-et-Pierre-Guichard, Saint-Étienne , Loire , France",1931,Saint-Étienne,municipality of Saint-Étienne / AS Saint-Étienne / Saint-Étienne Métropole,MIXED,stade-geoffroy-guichard,OPEN,GRASS,,45.460830,4.390280
Stade de l'Aube,20460,Avenue Robert-Schumann,1924,Troyes,Grand Troyes,PRIVATE,stade-de-laube,OPEN,GRASS,,48.307561,4.098458
WerkTalent Stadion,15000,"Haags Kwartier 55, 2491 BM The Hague Netherlands",2007,The Hague,ADO Den Haag,PRIVATE,bingoal-stadion,OPEN,GRASS,,52.062800,4.383100
Yanmar Stadion,4501,Competitieweg 20 1318 EA Almere,2005,Almere,Almere City FC,PRIVATE,yanmar-stadion,OPEN,GRASS,,52.394400,5.240500
Kooi Stadion,15000,"Cambuurplein 44, Leeuwarden , Netherlands",2024,Leeuwarden,SC Cambuur,PRIVATE,cambuur-stadion,OPEN,GRASS,,53.200556,5.768333
Stadion De Vijverberg,12600,"Doetinchem , Netherlands",1954,Doetinchem,Doetinchem Municipality,PUBLIC,stadion-de-vijverberg,OPEN,GRASS,,51.955830,6.309720
Stadion De Vliert,6936,,1951,'s-Hertogenbosch,,UNKNOWN,stadion-de-vliert,OPEN,ARTIFICIAL,,51.701670,5.329720
Stadion Krommedijk,4235,"Dordrecht , South Holland",1958,Dordrecht,FC Dordrecht [ 1 ],PRIVATE,stadion-krommedijk,OPEN,GRASS,,51.802500,4.689170
Jan Louwers Stadion,4200,,1934,Eindhoven,FC Eindhoven,PRIVATE,jan-louwers-stadion,OPEN,ARTIFICIAL,,51.411670,5.479440
De Oude Meerdijk,8309,"Emmen , Drenthe , Netherlands",1977,Emmen,,UNKNOWN,de-oude-meerdijk,OPEN,ARTIFICIAL,,52.774720,6.945560
GS Staalwerken Stadion,3600,,2025,Helmond,Helmond Municipality OMO Scholengroep [ 1 ],PUBLIC,gs-staalwerken-stadion,OPEN,GRASS,,51.487423,5.679240
Sportpark De Toekomst,2250,,1996,Amsterdam,Ajax,PRIVATE,sportpark-de-toekomst,OPEN,GRASS,,52.313333,4.928889
AFAS Trainingscomplex,2000,,2016,Alkmaar,,UNKNOWN,afas-trainingscomplex,OPEN,ARTIFICIAL,,52.473059,4.847235
De Herdgang,2500,"Oirschotsedijk 12 Eindhoven , Netherlands",1952,Eindhoven,PSV,PRIVATE,de-herdgang,OPEN,ARTIFICIAL,,51.460830,5.438890
Sportcomplex Zoudenbalch,1000,,2001,Utrecht,,UNKNOWN,sportcomplex-zoudenbalch,OPEN,GRASS,Zwarts & Jansma Architecten,52.078356,5.145871
Stadion De Geusselt,9000,"Maastricht , Netherlands",1961,Maastricht,,UNKNOWN,stadion-de-geusselt,OPEN,ARTIFICIAL,,50.857500,5.717780
Parkstad Limburg Stadion,19979,"Kerkrade , Netherlands",2000,Kerkrade,Municipality Kerkrade,PUBLIC,parkstad-limburg-stadion,OPEN,GRASS,,50.856940,6.005830
Frans Heesen Stadion,4560,Mondriaanlaan 4 5342 CN Oss,1998,Oss,TOP Oss,PRIVATE,frans-heesen-stadion,OPEN,ARTIFICIAL,,51.755113,5.528175
GelreDome,21248,"Arnhem , Netherlands",1998,Arnhem,Nedstede,PRIVATE,gelredome,RETRACTABLE,GRASS,,51.962780,5.892780
Covebo Stadion - De Koel,8000,"Venlo , Limburg",1972,Venlo,VVV-Venlo [ 1 ],PRIVATE,covebo-stadion-de-koel,OPEN,GRASS,,51.351940,6.179720
Koning Willem II Stadion,15220,"Goirleseweg 34, 5026 PC Tilburg Netherlands",1920,Tilburg,,UNKNOWN,koning-willem-ii-stadion,OPEN,GRASS,,51.542780,5.066940
Estádio do Fontelo,6912,"Viseu , Portugal",1928,Viseu,CM Viseu,PRIVATE,estadio-do-fontelo,OPEN,GRASS,,40.659440,-7.900830
Benfica Campus,2644,"Benfica Campus, Quinta da Trindade, 2840-600",2006,Seixal,S.L. Benfica,PRIVATE,benfica-campus,OPEN,GRASS,,38.640560,-9.091940
Estádio Municipal de Chaves,8400,"Chaves, Portugal",1949,Chaves,Chaves Municipality,PUBLIC,estadio-municipal-de-chaves,OPEN,GRASS,,41.750600,-7.464990
Estádio de São Luís,7000,"R. Sporting C. Farense, 8000-285 Faro",1923,Faro,SC Farense,PRIVATE,estadio-de-sao-luis,OPEN,GRASS,,37.022861,-7.928444
Estádio Marcolino de Castro,5401,"Santa Maria da Feira , Portugal",1962,Santa Maria da Feira,CD Feirense,PRIVATE,estadio-marcolino-de-castro,OPEN,GRASS,,40.926689,-8.545814
Estádio Dr. Machado de Matos,7540,,1930,Felgueiras,,UNKNOWN,estadio-dr-machado-de-matos,OPEN,GRASS,,41.355939,-8.190798
Estádio do Mar,6000,Senhora da Hora Portugal,1950,Matosinhos,Matosinhos,PRIVATE,estadio-do-mar,OPEN,GRASS,,41.183969,-8.666919
Estádio do Lusitânia de Lourosa,4900,,,Lourosa,,UNKNOWN,estadio-do-lusitania-de-lourosa,OPEN,GRASS,,40.987887,-8.543598
Estádio do Marítimo,10600,"Funchal , Madeira , Portugal",1957,Funchal,Club Sport Marítimo,PRIVATE,estadio-do-maritimo,OPEN,GRASS,,32.645561,-16.928331
Estádio Carlos Osório,1750,,1932,Oliveira de Azeméis,Oliveirense,PRIVATE,estadio-carlos-osorio,OPEN,GRASS,,40.841811,-8.470421
Estádio Capital do Móvel,9076,"Paços de Ferreira , Portugal",1973,Paços de Ferreira,Paços de Ferreira,PRIVATE,estadio-capital-do-movel,OPEN,GRASS,,41.271390,-8.385280
Estádio Municipal 25 de Abril,5230,,1934,Penafiel,F.C. Penafiel,PRIVATE,estadio-municipal-25-de-abril,OPEN,GRASS,,41.211805,-8.277222
Estádio Municipal de Portimão,4961,"Portimão , Portugal [ 1 ]",1937,Portimão,Portimão Municipality,PUBLIC,estadio-municipal-de-portimao,OPEN,GRASS,,37.135830,-8.539720
CTFD PortoGaia,3800,,2002,Vila Nova de Gaia,Vila Nova de Gaia Municipality,PUBLIC,ctfd-portogaia,OPEN,GRASS,,41.065914,-8.516953
Estádio Aurélio Pereira,1180,,2002,Alcochete,,UNKNOWN,estadio-aurelio-pereira,OPEN,GRASS,,38.729572,-8.848881
Estádio Manuel Marques,2431,,1926,Torres Vedras,Municipality of Torres Vedras,PUBLIC,estadio-manuel-marques,OPEN,GRASS,,39.094782,-9.256795
Estádio Dr. Magalhães Pessoa,23888,"Leiria , Portugal",2003,Leiria,Municipality of Leiria,PUBLIC,estadio-dr-magalhaes-pessoa,OPEN,GRASS,,39.748610,-8.813060
Estádio do FC Vizela,6000,,1989,Vizela,,UNKNOWN,estadio-do-fc-vizela,OPEN,GRASS,,41.388948,-8.307538
Campo Municipal de Gobela,1400,"Getxo , Spain",2004,Getxo,Arenas Club de Getxo,PRIVATE,campo-municipal-de-gobela,OPEN,ARTIFICIAL,,43.331469,-3.006467
Espiñedo,4500,,1958,O Carballiño,,UNKNOWN,espinedo,OPEN,GRASS,,42.424839,-8.085700
Estadio Román Suárez Puerta,5400,"Avilés , Spain",1943,Avilés,Ayuntamiento de Avilés,PUBLIC,estadio-roman-suarez-puerta,OPEN,GRASS,,43.557500,-5.930600
Lasesarre,7960,,,Barakaldo,,UNKNOWN,lasesarre,OPEN,GRASS,,43.295709,-2.989436
Lezama,3250,"Barrio Garaioltza, 147, 48196",1971,Bilbao,Athletic Bilbao,PRIVATE,lezama,OPEN,GRASS,,43.278330,-2.838610
Estadio Príncipe Felipe,5972,"Cáceres , Spain",1977,Cáceres,CP Cacereño,PRIVATE,estadio-principe-felipe,OPEN,GRASS,,39.487100,-6.412300
Estadio Pedro Escartín,6000,,1967,Guadalajara,,UNKNOWN,estadio-pedro-escartin,OPEN,GRASS,,40.634520,-3.182411
Estadio Anxo Carro,7070,"Lugo , Spain",1974,Lugo,Ayuntamiento de Lugo,PUBLIC,estadio-anxo-carro,OPEN,GRASS,,43.003330,-7.570830
Estadio Romano,14537,"Mérida , Spain",1953,Merida,Ayuntamiento de Mérida,PUBLIC,estadio-romano,OPEN,GRASS,,38.913933,-6.336406
Tajonar,4000,"Aranguren Navarre , Spain",1982,Pamplona,CA Osasuna,PRIVATE,tajonar,OPEN,GRASS,,42.774440,-1.625560
Estadio O Couto,5659,,1948,Ourense,,UNKNOWN,estadio-o-couto,OPEN,GRASS,,42.340491,-7.875785
Estadio El Toralín,8432,"Ponferrada , Spain",2000,Ponferrada,Ayuntamiento de Ponferrada,PUBLIC,estadio-el-toralin,OPEN,GRASS,,42.557400,-6.599972
Estadio de Pasarón,10500,"Pontevedra , Spain",1965,Pontevedra,City Council of Pontevedra,PUBLIC,estadio-de-pasaron,OPEN,GRASS,,42.438000,-8.641000
Estadio da Malata,12043,Ferrol ( La Coruña ) Galicia,1993,Ferrol,Ferrol City Council,PUBLIC,estadio-da-malata,OPEN,GRASS,,43.491200,-8.239400
Estadio Alfredo Di Stéfano,9000,"Ciudad Real Madrid , Valdebebas,",2006,Madrid,Real Madrid,PRIVATE,estadio-alfredo-di-stefano,OPEN,GRASS,,40.476670,-3.614170
El Prado,4200,,1944,Talavera de la Reina,,UNKNOWN,el-prado,OPEN,GRASS,,39.961341,-4.826030
Estadio Heliodoro Rodríguez López,22824,"Santa Cruz de Tenerife , Spain",1925,Santa Cruz de Tenerife,Cabildo Insular de Tenerife,PUBLIC,estadio-heliodoro-rodriguez-lopez,OPEN,GRASS,,28.463060,-16.260560
Estadio Reina Sofía,4895,,2020,Salamanca,,UNKNOWN,estadio-reina-sofia,OPEN,GRASS,,40.946716,-5.666097
Estadio Ruta de la Plata,7813,"Zamora , Spain",2002,Zamora,Municipality of Zamora,PUBLIC,estadio-ruta-de-la-plata,OPEN,GRASS,,41.486390,-5.748060
Estadio Santo Domingo,5100,"Alcorcón , Community of Madrid , Spain",1999,Alcorcón,Ayuntamiento de Alcorcón,PUBLIC,estadio-santo-domingo,OPEN,GRASS,,40.338890,-3.840560
Nuevo Mirador,7200,Algeciras Spain,1999,Algeciras,Ayuntamiento de Algeciras,PUBLIC,nuevo-mirador,OPEN,GRASS,,36.163330,-5.465280
El Maulí,5000,,1983,Antequera,,UNKNOWN,el-mauli,OPEN,GRASS,,37.020704,-4.571898
Centro Deportivo Alcalá de Henares,3376,,1995,Alcalá de Henares,,UNKNOWN,centro-deportivo-alcala-de-henares,OPEN,GRASS,,40.507504,-3.361842
El Palmar,5000,,1948,Sanlúcar de Barrameda,,UNKNOWN,el-palmar,OPEN,GRASS,,36.768156,-6.347754
Ciudad Deportiva Luis del Sol,1300,,1997,Seville,,UNKNOWN,ciudad-deportiva-luis-del-sol,OPEN,GRASS,,37.320000,-5.930000
Estadio Cartagonova,15105,,1988,Cartagena,,UNKNOWN,estadio-cartagonova,OPEN,GRASS,,37.609666,-0.996037
Estadio Pepico Amat,5776,Calle Heidelberg / Avenida de Ronda,2012,Elda,Elda City Council,PUBLIC,estadio-pepico-amat,OPEN,GRASS,,38.467361,-0.796028
Nou Sardenya,4000,"Barcelona , Catalonia , Spain",1940,Barcelona,Ajuntament de Barcelona,PRIVATE,nou-sardenya,OPEN,ARTIFICIAL,,41.411800,2.161500
Nou Estadi,14591,"Tarragona , Catalonia , Spain",1972,Tarragona,Ajuntament de Tarragona,PRIVATE,nou-estadi,OPEN,GRASS,,41.126940,1.272780
Estadio José Rico Pérez,30000,,1974,Alicante,,UNKNOWN,estadio-jose-rico-perez,OPEN,GRASS,,38.357346,-0.492597
Can Misses,6500,"Calle Campanitx, 27",1991,Ibiza,Ibiza City Council,PUBLIC,can-misses,OPEN,GRASS,,38.914239,1.415200
El Pozuelo,3000,,1945,Torremolinos,,UNKNOWN,el-pozuelo,OPEN,GRASS,,36.627644,-4.519444
Estadio Municipal de Marbella,9000,,1975,Marbella,Municipalidad de Marbella,PUBLIC,estadio-municipal-de-marbella,OPEN,GRASS,,36.511898,-4.879401
Estadio Enrique Roca,31448,"Murcia , Spain",2006,Murcia,Ayuntamiento de Murcia,PUBLIC,estadio-enrique-roca,OPEN,GRASS,,38.042220,-1.144720
Nova Creu Alta,11981,"Plaça Olímpia, 1, Sabadell , Catalonia , Spain",1967,Sabadell,Sabadell City Hall,PRIVATE,nova-creu-alta,OPEN,GRASS,,41.554720,2.091940
Estadio Jesús Navas,8000,Seville Andalusia,1974,Seville,Sevilla FC,PRIVATE,estadio-jesus-navas,OPEN,GRASS,,37.352780,-5.947780
Municipal de Tarazona,2500,,,Tarazona,Municipal (per stadium name),PUBLIC,municipal-de-tarazona,OPEN,ARTIFICIAL,,41.900841,-1.738629
Pinilla,5000,,1957,Teruel,,UNKNOWN,pinilla,OPEN,GRASS,,40.617445,-0.778100
Nairi Stadium,6850,"Yerevan, Armenia",1960,Yerevan,FC Urartu,PRIVATE,nairi-stadium,OPEN,GRASS,,40.154605,44.475231
Yerevan Football Academy Stadium,1428,"Avan District Yerevan , Armenia",2013,Yerevan,Football Federation of Armenia,PRIVATE,yerevan-football-academy-stadium,OPEN,GRASS,,40.221110,44.555280
Gandzasar Stadium,1188,"Kapan , Armenia",2021,Kapan,Gandzasar Sprts Centre LLC,PRIVATE,gandzasar-stadium,OPEN,ARTIFICIAL,,39.207787,46.400674
Abovyan City Stadium,3100,"Abovyan , Armenia",1966,Abovyan,Municipality of Abovyan,PUBLIC,abovyan-city-stadium,OPEN,GRASS,,40.268400,44.635200
Gyumri City Stadium,2844,"Gyumri , Armenia",1924,Gyumri,Gyumri City Council,PUBLIC,gyumri-city-stadium,OPEN,GRASS,,40.785830,43.833330
Urartu Stadium,4860,"Malatia-Sebastia district Yerevan , Armenia",2006,Yerevan,Urartu,PRIVATE,urartu-stadium,OPEN,GRASS,,40.171426,44.449938
Charentsavan City Stadium,5000,"Charentsavan , Armenia",1970,Charentsavan,Charentsavan Town Council,PUBLIC,charentsavan-city-stadium,OPEN,ARTIFICIAL,,40.408610,44.645560
Suva Reka City Stadium,2000,,,Suva Reka,Municipal (per stadium name),PUBLIC,suva-reka-city-stadium,OPEN,ARTIFICIAL,,42.360600,20.827000
Bajram Aliu Stadium,4500,"Skenderaj , Kosovo",,Skenderaj,Municipality of Skenderaj,PUBLIC,bajram-aliu-stadium,OPEN,GRASS,,42.905000,21.194720
Gjilan City Stadium,9500,"Gjilan , Kosovo",1967,Gjilan,Municipality of Gjilan,PUBLIC,gjilan-city-stadium,OPEN,ARTIFICIAL,,42.466800,21.464500
18 June Stadium,3000,,,Klina,,UNKNOWN,18-june-stadium,OPEN,GRASS,,,
Ferizaj City Stadium,3000,"Ferizaj, Kosovo",,Ferizaj,Municipal (per stadium name),PUBLIC,ferizaj-city-stadium,OPEN,ARTIFICIAL,,,
Zahir Pajaziti Stadium,6000,"Podujevë , Kosovo",2012,Podujevë,Municipality of Podujevë,PUBLIC,zahir-pajaziti-stadium,OPEN,GRASS,,42.905073,21.194890
Liman Gegaj Stadium,1750,,2018,Malisheva,,UNKNOWN,liman-gegaj-stadium,OPEN,ARTIFICIAL,,42.482059,20.724818
Fadil Vokrri Stadium,13429,"Enver Zymberi Street, Pristina (near the Palace of Youth and Sports )",1953,Pristina,Municipality of Pristina,PUBLIC,fadil-vokrri-stadium,OPEN,GRASS,,42.663000,21.156900
Sami Kelmendi Stadium,2500,"Xhevdet Breznica, Lipjan, Kosovo",,Pristina,,UNKNOWN,sami-kelmendi-stadium,OPEN,ARTIFICIAL,,42.517515,21.127205
Teddy Stadium,31733,"Jerusalem , Israel",1990,Jerusalem,Jerusalem Municipality,PUBLIC,teddy-stadium,OPEN,GRASS,,31.751167,35.190617
Doha Stadium,8500,"Sakhnin , Israel",2006,Sakhnin,Town of Sakhnin,PUBLIC,doha-stadium,OPEN,GRASS,,32.866692,35.310850
Yud-Alef Stadium,8200,"6 HaHistadrut Street, Neighborhood A, Ashdod , Israel 77401",1966,Ashdod,Municipality of Ashdod,PUBLIC,yud-alef-stadium,OPEN,GRASS,,31.810280,34.648330
Turner Stadium,16126,"Be'er Sheva , Israel",2015,Beersheba,Be'er Sheva Municipality,PUBLIC,turner-stadium,OPEN,GRASS,,31.273150,34.779361
Sammy Ofer Stadium,30955,2 Pinchas and Abraham Rotenberg Street,2014,Haifa,Haifa Municipality,PUBLIC,sammy-ofer-stadium,OPEN,GRASS,,32.783330,34.965280
HaMoshava Stadium,11500,"Petah Tikva , Israel",2011,Petah Tikva,Petah Tikva Municipality,PUBLIC,hamoshava-stadium,OPEN,GRASS,,32.104197,34.865078
Bloomfield Stadium,29400,5 Hatkuma Street,1962,Tel Aviv,Tel Aviv-Yafo Municipality,PUBLIC,bloomfield-stadium,OPEN,GRASS,,32.051728,34.761439
Netanya Stadium,13800,"Netanya , Israel",2012,Kiryat Shmona,Netanya Municipality,PUBLIC,netanya-stadium,OPEN,GRASS,,32.294333,34.864575
Green Stadium,5200,,1965,Nof HaGalil,Municipality of Nof HaGalil,PUBLIC,green-stadium,OPEN,GRASS,,32.689800,35.311325
Netanya Stadium,13610,"Netanya , Israel",2012,Netanya,Netanya Municipality,PUBLIC,netanya-stadium-2,OPEN,GRASS,,32.294333,34.864575
Tiberias Municipal Stadium,7554,"Tiberias, Israel",,Nof HaGalil,Municipality of Tiberias,PUBLIC,tiberias-municipal-stadium,OPEN,GRASS,Moti Bodek,32.797028,35.521139
Park Hall,3000,"Oswestry , Shropshire , England",1993,Oswestry,,UNKNOWN,park-hall,OPEN,ARTIFICIAL,,52.875869,-3.026306
Deeside Stadium,1690,"Kelsterton Road, Connah's Quay , Deeside , CH5 4BR",1993,Connah's Quay,Flintshire County Council,PUBLIC,deeside-stadium,OPEN,ARTIFICIAL,,53.225338,-3.076504
The Oval,3000,"Caernarfon , Gwynedd , Wales",,Caernarfon,,UNKNOWN,the-oval,OPEN,GRASS,,53.134720,-4.267500
Jenner Park,2650,Barry,1912,"Barry, Vale of Glamorgan",Vale of Glamorgan Council,PUBLIC,jenner-park,OPEN,ARTIFICIAL,,51.410830,-3.265280
Bryntirion Park,3000,,,Bridgend,,UNKNOWN,bryntirion-park,OPEN,ARTIFICIAL,,51.512749,-3.608902
Bridge Meadow,2467,"Bridge Meadow Lane, Sydney Rees Way, Haverfordwest, Pembrokeshire SA61 2EX, Wales",,Haverfordwest,,UNKNOWN,bridge-meadow,OPEN,GRASS,,51.809000,-4.967000
Maes Tegid,3000,"Bala , Gwynedd , Wales",1950,"Bala, Gwynedd",,UNKNOWN,maes-tegid,OPEN,ARTIFICIAL,,52.912220,-3.601390
Llanelian Road,3000,"Llanelian Road, LL29 8UN Old Colwyn, Wales",1984,Colwyn Bay,Colwyn Bay F.C.,PRIVATE,llanelian-road,OPEN,GRASS,,53.282200,-3.699700
Cae-y-Castell,3000,,1993,"Flint, Flintshire",,UNKNOWN,cae-y-castell,OPEN,ARTIFICIAL,,53.249167,-3.125778
Stebonheath Park,3700,"Evans Terrace, Llanelli , Carmarthenshire , Wales SA15 1EY",,Llanelli,Llanelli Town Council,PUBLIC,stebonheath-park,OPEN,GRASS,,51.683900,-4.147600
Cardiff International Sports Campus,4953,"Canton , Cardiff , Wales",2007,Cardiff,Cardiff Council,PUBLIC,cardiff-international-sports-campus,OPEN,ARTIFICIAL,,51.473060,-3.210000
Old Road Ground,2300,,,Briton Ferry,,UNKNOWN,old-road-ground,OPEN,GRASS,,,
The Oval,5600,Belfast,1892,Belfast,Glentoran Recreation Co Ltd,PRIVATE,the-oval-2,OPEN,GRASS,,54.602964,-5.891319
Solitude,3054,"Cliftonville Street Belfast , Northern Ireland",1890,Belfast,Cliftonville FC,PRIVATE,solitude,OPEN,ARTIFICIAL,,54.619440,-5.947220
Seaview,3208,"Belfast , Northern Ireland",1921,Belfast,Crusaders,PRIVATE,seaview,OPEN,ARTIFICIAL,,54.624170,-5.921940
Inver Park,2732,"Larne , County Antrim , Northern Ireland",1918,Larne,,UNKNOWN,inver-park,OPEN,ARTIFICIAL,,54.850000,-5.826940
The Showgrounds,4843,"Coleraine , Northern Ireland",1927,Coleraine,,UNKNOWN,the-showgrounds-3,OPEN,ARTIFICIAL,,55.132780,-6.660280
Mourneview Park,3302,"Mourneview Avenue, Lurgan, County Armagh , Northern Ireland",1895,Lurgan,Glenavon Football Club,PRIVATE,mourneview-park,OPEN,GRASS,,54.453890,-6.336390
Ballymena Showgrounds,3824,"Ballymena , Northern Ireland",1913,Ballymena,Mid and East Antrim Borough Council,PUBLIC,ballymena-showgrounds,OPEN,GRASS,,54.870100,-6.265070
Loughshore Hotel Arena,2100,"Carrickfergus , Northern Ireland",,Carrickfergus,Mid and East Antrim Borough Council,PUBLIC,loughshore-hotel-arena,OPEN,GRASS,,54.719720,-5.800280
Shamrock Park,3940,"Brownstown Road, Portadown, County Armagh , Northern Ireland",,Portadown,Portadown Football Club,PRIVATE,shamrock-park,OPEN,GRASS,,54.413060,-6.457780
Clandeboye Park,2000,"Bangor , Northern Ireland",1935,"Bangor, County Down",Bangor F.C.,PRIVATE,clandeboye-park,OPEN,ARTIFICIAL,,54.651625,-5.684475
Stangmore Park,2000,,1975,Dungannon,Dungannon Swifts F.C.,PRIVATE,stangmore-park,OPEN,ARTIFICIAL,,54.489500,-6.746000
New Adana Stadium,30960,"Adana , Turkey",2021,Adana,Ministry of Youth and Sports (Turkey),PUBLIC,new-adana-stadium,OPEN,HYBRID,,37.063330,35.375000
Diyarbakır Stadium,33000,"Diyarbakır , Turkey",2018,Diyarbakır,Ministry of Youth and Sports (Turkey),PUBLIC,diyarbakr-stadium,OPEN,GRASS,,37.942500,40.120280
17 Eylül Stadium,12275,"Bandırma , Balıkesir , Turkey",1940,Bandırma,Bandırmaspor,PRIVATE,17-eylul-stadium,OPEN,GRASS,,40.338060,27.984720
Bodrum District Stadium,4243,,,Bodrum,Gençlik ve Spor Bakanlığı,PUBLIC,bodrum-district-stadium,OPEN,GRASS,,37.040560,27.431670
Arsenal Stadium,20048,"Tula , Russia",1959,"Tula, Russia",МО « Город Тула »,PUBLIC,arsenal-stadium,OPEN,GRASS,,54.174600,37.602600
Chayka Stadium,3455,"ул. Суворова, Песчанокопское , Ростовская область , Россия",1997,Peschanokopskoye,,UNKNOWN,chayka-stadium,OPEN,GRASS,,46.188300,41.084600
Central Stadium,15000,"Челябинск , Россия",1935,Chelyabinsk,,UNKNOWN,central-stadium-2,OPEN,ARTIFICIAL,,55.166221,61.376068
Central Stadium,12500,"Новороссийск , Россия",1930,Novorossiysk,,MIXED,central-stadium-3,OPEN,ARTIFICIAL,,44.713806,37.779316
Tsentralny Stadium,10052,"Marshak Street, 1A, Voronezh , Russia",2024,Voronezh,The Association Football Club Fakel [ 1 ],PRIVATE,tsentralny-stadium,OPEN,GRASS,,51.651110,39.147220
Central Stadium,6200,,1977,Naberezhnye Chelny,,UNKNOWN,central-stadium-4,OPEN,ARTIFICIAL,,55.732078,52.417819
Neftekhimik Stadium,3060,Нижнекамск,1978,Nizhnekamsk,,UNKNOWN,neftekhimik-stadium,OPEN,ARTIFICIAL,,55.633333,51.802500
Sapsan Arena,6000,"Moscow , Russia",1961,Moscow,Russian Railways,PRIVATE,sapsan-arena,OPEN,ARTIFICIAL,,55.806500,37.737700
Volgograd Arena,45568,"Lenina Ave 76, Volgograd , Russia",2018,Volgograd,Volgograd Oblast,PUBLIC,volgograd-arena,OPEN,HYBRID,,48.734440,44.548610
Shinnik Stadium,22990,"Yaroslavl , Russia",1957,Yaroslavl,City of Yaroslavl,PUBLIC,shinnik-stadium,OPEN,GRASS,,57.628729,39.867486
Lenin Stadium,15200,"Khabarovsk , Russia",1956,Khabarovsk,Khabarovsk Krai,PRIVATE,lenin-stadium,OPEN,ARTIFICIAL,,48.478890,135.046390
Lokomotiv Stadium,15000,,1962,Saratov,Саратовская область,PUBLIC,lokomotiv-stadium-2,OPEN,ARTIFICIAL,,51.539215,45.998533
Urozhay Stadium,3500,"Костромская область , Костромской район , Караваево , ул. Учебный городок, д. 37",1978,Kostroma,Администрация Костромской области,PUBLIC,urozhay-stadium,OPEN,ARTIFICIAL,,57.736500,41.057500
Eduard Streltsov Stadium,13450,"Moscow , Russia",1956,Moscow,FC Torpedo Moscow,PRIVATE,eduard-streltsov-stadium,OPEN,GRASS,,55.716390,37.656390
Neftyanik Stadium,15132,Komarova 9.,1967,Ufa,,UNKNOWN,neftyanik-stadium,OPEN,ARTIFICIAL,,54.826110,56.061670
Central Stadium,35061,"Ulitsa Repina 5, Yekaterinburg , Russia",1957,Yekaterinburg,FC Ural Yekaterinburg,PRIVATE,central-stadium-5,OPEN,GRASS,,56.832500,60.573610
Trud Stadium,7972,,1963,Ulyanovsk,,UNKNOWN,trud-stadium,OPEN,GRASS,,54.318100,48.394300
Central Stadium,15000,"Krasnoyarsk , Russia",1967,Krasnoyarsk,Krasnoyarsk Krai,PRIVATE,central-stadium-6,OPEN,GRASS,,55.998403,92.884664
Bolu Atatürk Stadium,8456,"Bolu , Turkey",1958,Bolu,Boluspor,PRIVATE,bolu-ataturk-stadium,OPEN,GRASS,,40.736306,31.606750
Çorum City Stadium,15000,,2020,Çorum,Çorum FK,PRIVATE,corum-city-stadium,OPEN,GRASS,,40.534440,34.922780
Kazım Karabekir Stadium,21374,"Erzurum , Turkey",1968,Erzurum,Erzurumspor F.K.,PRIVATE,kazm-karabekir-stadium,OPEN,GRASS,,39.911110,41.238060
Esenler Stadium,5291,"Esenler , Istanbul , Turkey",2014,Istanbul,Istanbul Metropolitan Municipality,PUBLIC,esenler-stadium,OPEN,GRASS,,41.054280,28.879725
Fuat Tosyalı Stadium,9800,,2025,Antakya,İskenderun Belediyesi,PUBLIC,fuat-tosyal-stadium,OPEN,GRASS,,36.676390,36.218060
Iğdır City Stadium,6000,,,Iğdır,Municipal (per stadium name),PUBLIC,igdr-city-stadium,OPEN,GRASS,,39.910280,44.029440
Esenyurt Necmi Kadıoğlu Stadium,4488,"Yunus Emre Mah., OkurlarCad. 270. Sok. Esenyurt , Istanbul Turkey",2012,Istanbul,Esenyurt Municipality,PUBLIC,esenyurt-necmi-kadoglu-stadium,OPEN,GRASS,,41.024440,28.697780
Ankara Aktepe Stadium,5000,Ankara Turkey,1999,Ankara,T.C. Gençlik ve Spor Bakanlığı,PUBLIC,ankara-aktepe-stadium,OPEN,GRASS,,39.999158,32.880739
Manisa 19 Mayıs Stadium,16597,"Manisa , Turkey",1974,Manisa,T.C. Gençlik ve Spor Bakanlığı,PUBLIC,manisa-19-mays-stadium,OPEN,GRASS,,38.623060,27.440000
Pendik Stadium,4105,"Pendik , Istanbul , Turkey",1993,Istanbul,District Municipality of Pendik,PUBLIC,pendik-stadium,OPEN,GRASS,,40.888060,29.227780
New Sakarya Stadium,28154,"Adapazarı , Sakarya , Turkey",2017,Adapazarı,Sakaryaspor,PRIVATE,new-sakarya-stadium,OPEN,GRASS,,40.780560,30.432220
Yusuf Ziya Öniş Stadium,4100,"Istanbul , Turkey",1988,Istanbul,Ministry of Youth and Sports,PUBLIC,yusuf-ziya-onis-stadium,OPEN,GRASS,,41.172500,29.050300
Serik İsmail Oğan Stadium,2250,,,Serik,,UNKNOWN,serik-ismail-ogan-stadium,OPEN,GRASS,,,
New Sivas 4 Eylül Stadium,27734,"Sivas , Turkey",2016,Sivas,Sivasspor,PRIVATE,new-sivas-4-eylul-stadium,OPEN,GRASS,,39.728330,36.983890
Ümraniye Municipality City Stadium,3425,,2000,Istanbul,Municipal (per stadium name),PUBLIC,umraniye-municipality-city-stadium,OPEN,GRASS,,41.058890,29.109440
Van Atatürk Stadium,5885,,,"Van, Turkey",Gençlik ve Spor Bakanlığı,PUBLIC,van-ataturk-stadium,OPEN,GRASS,,38.496110,43.373060
Stadion Miejski w Skierniewicach,3000,,2024,Skierniewice,"Municipal (Stadion Miejski, OSiR Skierniewice complex)",PUBLIC,stadion-miejski-w-skierniewicach,,,,51.976199,20.142349
Warta Poznań Stadium,2813,"Wilda , Poznań , Poland",1998,Poznań,,UNKNOWN,warta-poznan-stadium,OPEN,,,52.393610,16.931110
Bielsko-Biała Stadium,14963,"Ulica Rychlińskiego 21, [ 1 ] Bielsko-Biała , Poland",2015,Bielsko-Biała,Bielsko-Bialski Ośrodek Sportu i Rekreacji (BBOSiR) [ 1 ],PRIVATE,bielsko-biaa-stadium,OPEN,,,49.817500,19.054170
Rheinpark Stadion,6441,"Vaduz , Liechtenstein",1998,Vaduz,FC Vaduz,PRIVATE,rheinpark-stadion,OPEN,,,47.140280,9.510280
Lyngby Stadion,10000,"Lundtoftevej 53, 2800 Kongens Lyngby",1949,Kongens Lyngby,,UNKNOWN,lyngby-stadion,OPEN,GRASS,,55.781340,12.505628
CASA Arena Horsens,10400,"Langmarksvej 59, 8700 Horsens",1929,Horsens,,UNKNOWN,casa-arena-horsens,OPEN,GRASS,,55.871555,9.857161
McDiarmid Park,10696,"Tulloch , Perth , Scotland",1989,"Perth, Scotland",St Johnstone F.C.,PRIVATE,mcdiarmid-park,OPEN,GRASS,,56.409720,-3.476940
Freethiel Stadion,8156,"Beveren , Beveren-Kruibeke-Zwijndrecht , Belgium",2009,Beveren,,UNKNOWN,freethiel-stadion,OPEN,HYBRID,,51.214139,4.243931
Guldensporen Stadion,9399,"Kortrijk , Belgium",1947,Kortrijk,Kortrijk — Wikidata P127: Kortrijk (municipality),PUBLIC,guldensporen-stadion,OPEN,GRASS,,50.830432,3.248906
Soevereinstadion,8231,"Lommel , Belgium",1992,Lommel,Lommel — Wikidata P127: Lommel (municipality),PUBLIC,soevereinstadion,OPEN,,,51.239440,5.307220
Südstadion,11748,"Cologne , Germany",1979,Cologne,Kölner Sportstätten GmbH,PRIVATE,sudstadion,OPEN,GRASS,,50.917500,6.943600
Hänsch-Arena,13241,"Meppen , Germany",1924,Meppen,City of Meppen,PUBLIC,hansch-arena,OPEN,,,52.708019,7.298025
Mechatronik Arena,10001,"Aspach , Germany",2011,"Aspach, Baden-Württemberg",,UNKNOWN,mechatronik-arena,OPEN,GRASS,,48.980485,9.393005
Akon Arena,13090,"Würzburg , Germany",1967,Würzburg,FC Würzburger Kickers e. V.,PRIVATE,akon-arena,OPEN,GRASS,,49.767036,9.932892
Estádio Cidade de Coimbra,29622,"Coimbra , Portugal",1949,Coimbra,Municipality of Coimbra,PUBLIC,estadio-cidade-de-coimbra,OPEN,GRASS,,40.203330,-8.407780
Estádio Municipal de Amarante,5000,,1981,"Amarante, Portugal",,UNKNOWN,estadio-municipal-de-amarante,,,,41.282055,-8.075774
Estádio Municipal de Rio Maior,7000,,2003,Rio Maior,Câmara Municipal de Rio Maior,PUBLIC,estadio-municipal-de-rio-maior,,,António Domingues,39.344577,-8.934484
Oțelul Stadium,13932,,1982,Galați,Liberty Galați,PRIVATE,otelul-stadium,OPEN,GRASS,,45.430236,28.022378
Miercurea Ciuc Municipal Stadium,2480,,1904,Miercurea Ciuc,Municipality of Miercurea Ciuc,PUBLIC,miercurea-ciuc-municipal-stadium,OPEN,GRASS,,46.366944,25.802917
Francisc von Neuman Stadium,11500,,2020,Arad,City of Arad,PUBLIC,francisc-von-neuman-stadium,OPEN,GRASS,,46.192500,21.311944
Reichshofstadion,5138,,2025,Lustenau,Marktgemeinde Lustenau,PUBLIC,reichshofstadion,OPEN,GRASS,,47.421100,9.652780
Arcul de Triumf,8207,,2021,Bucharest,National Agency for Sport,PUBLIC,arcul-de-triumf,OPEN,GRASS,,44.468893,26.074991
Michael Klein Stadium,16500,,1960,Hunedoara,Municipality of Hunedoara,PUBLIC,michael-klein-stadium,OPEN,GRASS,,45.761730,22.912927